0,1,2,3,4,5,6,7,8,9,10
18,69576,1.0,"[25,75]","[1000,0]",[100],[240],practice_problem_a,28773.0,Win 1000 dollars with 25 percent chance lose 0 with 75  I would go for this I do not know 1000 with 25 percent chance 25  s  25 percent 1000 dollars 25 is a little bit  I will go with ,40.0
19,69576,1.0,"[80,20]","[-500,0]",[100],[-400],practice_problem_b,35423.0,Lose 500 dollars with 80 percent chance okay lose 400 dollars with 100 percent chance mmm lose uh I do not know I do not understand lose 400 dollars with 100 percent chance so we lose 400 with 100 percent chance of not losing  I do not understand lose 500 dollars with 80 percent chance huh I am confused,59.0
21,69576,1.0,"[20,80]","[-4000,0]","[25,75]","[-3000,0]",problem4p,27472.0,Lose 4000 dollars 20 percent chance lose 0 dollars with lose 3000 dollars with 25  25 percent chance or lose 4000 dollars 20 percent lose 0 dollars 80 percent I will lose 3000 25 percent cuz the lose 0 is no  than losing the other 0 I guess,48.0
22,69576,1.0,"[25,75]","[-6000,0]","[25,25,50]","[-4000,-2000,0]",problem13p,12655.0,,0.0
23,69576,0.0,"[0.1,99.9]","[5000,0]",[100],[5],problem14,27390.0,Lose 5000 with lose 5 lose 5 lose 5 with 100 percent chance or lose okay someone came in that is annoying that is weird embarrassing lose 5000 with 0 percent chance okay this,34.0
24,69576,0.0,"[0.1,99.9]","[6000,0]","[0.2,99.8]","[3000,0]",problem8,46538.0, I could lose  6000 with 0 . 1 chance or lose 3000 with 0 . 2 chance but I could lose 0 dollars with 90 . 9 chance and here 99 . 8 ,33.0
25,69576,1.0,"[20,80]","[4000,0]","[25,75]","[3000,0]",problem4,60870.0,Lose 4000 dollars 20 percent chance lose 0 dollars with lose 3000 dollars with 25  25 percent chance or lose 4000 dollars 20 percent lose 0 dollars 80 percent I will lose 3000 25 percent cuz the lose 0 is no  than losing the other 0 I guess,48.0
26,69576,1.0,"[80,20]","[4000,0]",[100],[3000],problem3,10335.0,"exactly the same . Uh not exactly but it is the same but not very the same lose 4000 dollars with  80 percent , 0 with 20 , 3000 with 100 so I could lose 3000 100 percent or I could lose 4000 80 percent and lose 0 with 20 percent",51.0
27,69576,1.0,"[45,55]","[-6000,0]","[90,10]","[-3000,0]",problem7p,49703.0,I do not like them  and I do not like choosing and I do not like why like why lose like if it would be different examples then it would be easier cuz I do not like counting and I do not like  and I do not like math cuz I do not understand what is happening  I do understand I do not know I am mixed up I am confused mmm it is very  okay lose 6000 with 40  so I am going to lose 6000 with 45 percent chance winning right or lose 0 with 55 percent chance I do not get it lose 3000 okay,108.0
28,69576,0.0,"[0.1,99.9]","[-5000,0]",[100],[-5],problem14p,19755.0,Lose 5000 with lose 5 lose 5 lose 5 with 100 percent chance or lose okay someone came in that is annoying that is weird embarrassing lose 5000 with 0 percent chance okay this,34.0
29,69576,1.0,"[33,66,1]","[2500,2400,0]",[100],[2400],problem1,18071.0,I think I think I understand and then I think again that I do not understand so I understand but then I think that I do not understand I do not know if I understand it is weird cuz I have I am confused my mind is like  ugh so it is win 500 dollars with 100 percent chance winning and or win 1000 dollars with 50 percent chance of winning and losing 50 percent chance so I could do this but this is like safer but I could risk it but ,92.0
30,69576,1.0,"[33,67]","[2500,0]","[34,66]","[2400,0]",problem2,42204.0,Okay I am  with this it is like easier win 2400 with 34 percent chance win 2500 with 33 percent chance but the lose here is less with 1 percent and does not matter it does matter does 1 percent matter I do not know if it does not matter I do not know  I do not understand actually if it does not matter cuz I hate math um hmm I do not know confusing 60 percent chance  the same it is exactly the same 2 percent chance  uh I do not know I will go with,97.0
31,69576,1.0,"[25,75]","[6000,0]","[25,25,50]","[4000,2000,0]",problem13,38510.0,,0.0
32,69576,0.0,"[45,55]","[6000,0]","[90,10]","[3000,0]",problem7,35936.0,I do not like them  and I do not like choosing and I do not like why like why lose like if it would be different examples then it would be easier cuz I do not like counting and I do not like  and I do not like math cuz I do not understand what is happening  I do understand I do not know I am mixed up I am confused mmm it is very  okay lose 6000 with 40  so I am going to lose 6000 with 45 percent chance winning right or lose 0 with 55 percent chance I do not get it lose 3000 okay,108.0
33,69576,1.0,"[50,50]","[1000,0]",[100],[500],problem11,38453.0,I think I think I understand and then I think again that I do not understand so I understand but then I think that I do not understand I do not know if I understand it is weird cuz I have I am confused my mind is like  ugh so it is win 500 dollars with 100 percent chance winning and or win 1000 dollars with 50 percent chance of winning and losing 50 percent chance so I could do this but this is like safer but I could risk it but ,92.0
34,69576,0.0,"[50,50]","[-1000,0]",[100],[-500],problem12,38074.0,for safer  lose 5000 okay no lose 1000 50 percent chance lose 0 uh so if I lost  if I lost 500 I do not know if I lost 500 okay it is 100 percent chance I am going to lose or I lose 1000 with 50 percent chance so I may win 50 percent chance I may win 5000 500 I mean not thousand and I may lose it . I am going to go with this although it is risky,82.0
35,69576,0.0,"[0.1,99.9]","[-6000,0]","[0.2,99.8]","[-3000,0]",problem8p,17505.0, I could lose  6000 with 0 . 1 chance or lose 3000 with 0 . 2 chance but I could lose 0 dollars with 90 . 9 chance and here 99 . 8 ,33.0
36,69576,0.0,"[80,20]","[-4000,0]",[100],[-3000],problem3p,17388.0,"exactly the same . Uh not exactly but it is the same but not very the same lose 4000 dollars with  80 percent , 0 with 20 , 3000 with 100 so I could lose 3000 100 percent or I could lose 4000 80 percent and lose 0 with 20 percent",51.0
37,69576,0.0,"[50,50]","[1000,0]",[100],[450],problem0,30373.0,Okay . I do not know if I am still doing this right  or it does not have right or wrong but I do not know if I am good at this I do not think so I am I am very  at math and I hate math win uh I do not know if this is considered math but it is considered math because you need to know percentages and I do not know uh percentages and this is very annoying . Win 1000 with 50 percent chance and lose 0 dollars with 50 percent or win 400 with 100  no,102.0
18,69577,1.0,"[25,75]","[1000,0]",[100],[240],practice_problem_a,14277.0," Please speak your thoughts out loud while making a decision . Win 1000 dollars with a 25 percent chance , it was 240 dollars with a 100 percent chance . I am going to go with a 100 percent chance of money .",43.0
19,69577,0.0,"[80,20]","[-500,0]",[100],[-400],practice_problem_b,11613.0,lose 500 dollars with an 80 percent chance to lose 400 dollars with a 100 percent chance because there is only a 100 dollar difference where it goes 20 percent chance,31.0
21,69577,0.0,"[50,50]","[-1000,0]",[100],[-500],problem12,10947.0,Lose a 1000 dollars with 50 percent chance lose 500 with 100 percent chance . So were going to go with 0 .,23.0
22,69577,0.0,"[0.1,99.9]","[-6000,0]","[0.2,99.8]","[-3000,0]",problem8p,10393.0, Lose 6000 . We are going to go lose 0 dollars .,12.0
23,69577,1.0,"[80,20]","[4000,0]",[100],[3000],problem3,7134.0,Lose ,1.0
24,69577,0.0,"[0.1,99.9]","[6000,0]","[0.2,99.8]","[3000,0]",problem8,12092.0, Lose 6000 . We are going to go lose 0 dollars .,12.0
25,69577,0.0,"[0.1,99.9]","[-5000,0]",[100],[-5],problem14p,10965.0," We are going to go that one . Lose 5000 with 21 percent , lose 5 dollars with 100 percent . We are going to go .",27.0
26,69577,0.0,"[20,80]","[-4000,0]","[25,75]","[-3000,0]",problem4p,8533.0," That one we lose 4000 with 20 percent , or we lose 3000 with 25 percent .",17.0
27,69577,0.0,"[25,75]","[-6000,0]","[25,25,50]","[-4000,-2000,0]",problem13p,9683.0, That one . Lose 6000 . That is one of the greater chances .,14.0
28,69577,1.0,"[20,80]","[4000,0]","[25,75]","[3000,0]",problem4,7942.0," That one we lose 4000 with 20 percent , or we lose 3000 with 25 percent .",17.0
29,69577,1.0,"[25,75]","[6000,0]","[25,25,50]","[4000,2000,0]",problem13,11432.0, That one . Lose 6000 . That is one of the greater chances .,14.0
30,69577,1.0,"[50,50]","[1000,0]",[100],[500],problem11,5665.0," So , we are going to get 15 percent of winning . Any time there is guaranteed money .",19.0
31,69577,0.0,"[80,20]","[-4000,0]",[100],[-3000],problem3p,5363.0,Lose ,1.0
32,69577,0.0,"[45,55]","[-6000,0]","[90,10]","[-3000,0]",problem7p,4773.0,That one just for the chances .,7.0
33,69577,1.0,"[50,50]","[1000,0]",[100],[450],problem0,2464.0,.,1.0
34,69577,0.0,"[0.1,99.9]","[5000,0]",[100],[5],problem14,8355.0," We are going to go that one . Lose 5000 with 21 percent , lose 5 dollars with 100 percent . We are going to go .",27.0
35,69577,1.0,"[33,66,1]","[2500,2400,0]",[100],[2400],problem1,9730.0," So , we are going to get 15 percent of winning . Any time there is guaranteed money .",19.0
36,69577,1.0,"[45,55]","[6000,0]","[90,10]","[3000,0]",problem7,7356.0,That one just for the chances .,7.0
37,69577,1.0,"[33,67]","[2500,0]","[34,66]","[2400,0]",problem2,5266.0,guaranteed money pretty much .,5.0
18,69586,0.0,"[25,75]","[1000,0]",[100],[240],practice_problem_a,37785.0," Okay , oh , win 1000 dollars with 25 percent chance or lose 0 dollars with 75 percent chance . Win 240 with 100 percent chance . Well , with 95 percent chance , I will get zero . So I will probably pick the first choice because it is a win win - win . If I win 1000 dollars and I win it , and if I do not , if I lose , then I have nothing to give . So I picked the second first one .",91.0
19,69586,0.0,"[80,20]","[-500,0]",[100],[-400],practice_problem_b,24593.0,"Um lose 500 dollars with 80 percent chance , or lose 0 dollars with 20 percent chance , or lose 400 dollars with 100 percent chance . Obviously I am going to pick the first one because both of these options are losing and I do not want to lose 400 dollars so I would probably pick the first one like maybe I am in that 20 percent chance where I do not have to lose anything .",78.0
21,69586,0.0,"[50,50]","[1000,0]",[100],[450],problem0,25523.0,"Win 1000 dollars with 50 percent chance okay I said this before I am going to do the first one because if I win , then I get 100 1000 dollars and if I lose then I do not have to pay anything although there is a 50 50 chance I would still I would still get the first one . The second one is obviously you get like 450 but like what if you are in that 50 percent chance that you actually get 1000 ? So",88.0
22,69586,1.0,"[20,80]","[4000,0]","[25,75]","[3000,0]",problem4,34320.0," Lose 4000 with 20 percent chance or lose 3000 with 25 percent chance first one , because that is there is a 5 percent difference ",25.0
23,69586,1.0,"[80,20]","[4000,0]",[100],[3000],problem3,8209.0,Lose 4000 dollars with 80 percent chance or lose I would definitely do the first one because the second you know you are losing 3000 who wants to lose 3000,30.0
24,69586,0.0,"[0.1,99.9]","[5000,0]",[100],[5],problem14,14028.0, Lose 5000 dollars  oh lose 5 dollars with 100 percent chance I mean 5 dollars is not a lot so I would definitely choose that one ,26.0
25,69586,1.0,"[33,67]","[2500,0]","[34,66]","[2400,0]",problem2,12192.0," Win 2500 33 percent chance or win 2400 34 . Well , it is just 100 dollar difference and there is 1 percent difference too , so I would pick the second one .",34.0
26,69586,1.0,"[50,50]","[1000,0]",[100],[500],problem11,15413.0, 500 is all yours . This is a tough one . I think I would go with 500 because my treadmill that I want to buy is for 500 so the definitely second one .,35.0
27,69586,0.0,"[45,55]","[-6000,0]","[90,10]","[-3000,0]",problem7p,16144.0," Lose 6 oh my God I would pick the first one because there is less chance in  and there is more chance than losing 3000 oh my God , this is a hard one I pick the first one .",40.0
28,69586,0.0,"[33,66,1]","[2500,2400,0]",[100],[2400],problem1,13605.0, 500 is all yours . This is a tough one . I think I would go with 500 because my treadmill that I want to buy is for 500 so the definitely second one .,35.0
29,69586,1.0,"[45,55]","[6000,0]","[90,10]","[3000,0]",problem7,12798.0," Lose 6 oh my God I would pick the first one because there is less chance in  and there is more chance than losing 3000 oh my God , this is a hard one I pick the first one .",40.0
30,69586,0.0,"[25,75]","[-6000,0]","[25,25,50]","[-4000,-2000,0]",problem13p,17860.0,Lose 600 oh my God or lose 4000 and lose 2000 that is 80 thousand what the that is losing 80 thousand 8 thousand dollars with a 50 percent chance I would go with the first one,37.0
31,69586,0.0,"[20,80]","[-4000,0]","[25,75]","[-3000,0]",problem4p,11716.0," Lose 4000 with 20 percent chance or lose 3000 with 25 percent chance first one , because that is there is a 5 percent difference ",25.0
32,69586,0.0,"[80,20]","[-4000,0]",[100],[-3000],problem3p,13076.0,Lose 4000 dollars with 80 percent chance or lose I would definitely do the first one because the second you know you are losing 3000 who wants to lose 3000,30.0
33,69586,0.0,"[0.1,99.9]","[-6000,0]","[0.2,99.8]","[-3000,0]",problem8p,12524.0,Lose 6000 dollars with 0 . 1 percent chance I would definitely do the first one because in second one there is 0 . 2 and it is still more than 0 . 1 .,35.0
34,69586,1.0,"[25,75]","[6000,0]","[25,25,50]","[4000,2000,0]",problem13,19159.0,Lose 600 oh my God or lose 4000 and lose 2000 that is 80 thousand what the that is losing 80 thousand 8 thousand dollars with a 50 percent chance I would go with the first one,37.0
35,69586,1.0,"[0.1,99.9]","[6000,0]","[0.2,99.8]","[3000,0]",problem8,12655.0,Lose 6000 dollars with 0 . 1 percent chance I would definitely do the first one because in second one there is 0 . 2 and it is still more than 0 . 1 .,35.0
36,69586,0.0,"[50,50]","[-1000,0]",[100],[-500],problem12,13043.0,"Lose 1000 dollars for 50 percent chance or lose 1000 dollars for 50 percent chance . It is the second one , I would definitely lose 500 and that is a lot of money .",35.0
37,69586,1.0,"[0.1,99.9]","[-5000,0]",[100],[-5],problem14p,10720.0, Lose 5000 dollars  oh lose 5 dollars with 100 percent chance I mean 5 dollars is not a lot so I would definitely choose that one ,26.0
18,69596,1.0,"[25,75]","[1000,0]",[100],[240],practice_problem_a,35981.0," Okay , win 1000 dollars with 25 percent chance lose 100 , 100 , lose 0 dollars with 75 percent chance win 240 dollars with 100 percent chance well obviously , I am going with the 240 dollars because I know and I can guarantee that I am going to get those 240 dollars .",55.0
19,69596,1.0,"[80,20]","[-500,0]",[100],[-400],practice_problem_b,3193.0,,0.0
21,69596,0.0,"[0.1,99.9]","[6000,0]","[0.2,99.8]","[3000,0]",problem8,45409.0,"  um lose 6000 lose 3000 with um , you know what I am going to take a risk Yeah , I am going to take a risk and do something different I will risk losing 3000 with just a slightly higher chance 0 . 2 percent chance ",47.0
22,69596,1.0,"[45,55]","[6000,0]","[90,10]","[3000,0]",problem7,42103.0," Lose 6000 45 percent chance , lose 0 with 55 , lose 3000 with 90 percent chance , lose , okay hmm I will I will take the chance with the 45 percent and lose 6000 because it is a lower risk than 90 . 90 is so high uh it is so high So I am going to go with , yeah , 6000 .",66.0
23,69596,0.0,"[0.1,99.9]","[-5000,0]",[100],[-5],problem14p,22541.0, Uh lose 5000 with  chance 5 dollars with 100 percent chance um I can risk losing 5000 dollars . The chances are low . The chances are low .,29.0
24,69596,0.0,"[80,20]","[-4000,0]",[100],[-3000],problem3p,28722.0," Um lose 4000 dollars with 80 percent chance lose 0 dollars with 20 percent chance lose 3000 dollars with 100 percent chance again I will go with the 4000 because even though 80 percent is still pretty high , it is not a complete guarantee that I will lose that 4 .",52.0
25,69596,1.0,"[0.1,99.9]","[-6000,0]","[0.2,99.8]","[-3000,0]",problem8p,28091.0,"  um lose 6000 lose 3000 with um , you know what I am going to take a risk Yeah , I am going to take a risk and do something different I will risk losing 3000 with just a slightly higher chance 0 . 2 percent chance ",47.0
26,69596,1.0,"[80,20]","[4000,0]",[100],[3000],problem3,13906.0," Um lose 4000 dollars with 80 percent chance lose 0 dollars with 20 percent chance lose 3000 dollars with 100 percent chance again I will go with the 4000 because even though 80 percent is still pretty high , it is not a complete guarantee that I will lose that 4 .",52.0
27,69596,0.0,"[20,80]","[-4000,0]","[25,75]","[-3000,0]",problem4p,34889.0, uh lose 4000 20 percent chance lose 0 dollars with 80 percent chance lose 3000 with 25 percent chance lose 0 dollars with 75 percent chance um I will go with the 4000 I will because 25 percent chance of losing 3000 dollars is a bit high for me ,49.0
28,69596,0.0,"[50,50]","[1000,0]",[100],[450],problem0,25920.0," 1000 dollars with 50 percent chance , lose 8 uh 8 uh 0 dollars with 50 percent chance uh win 450 with 100 percent chance , you know usually I would go with the guarantee , but I want to take a risk with the 50 percent chance . So I will go with that .",56.0
29,69596,0.0,"[50,50]","[-1000,0]",[100],[-500],problem12,43690.0," Uh Okay , 1000 dollars with 50 percent chance Lose 500 with 100 ... Oh , lose , not win . Lose 1000 dollars with 50 percent chance . Lose 0 dollars with 50 percent chance . Lose 500 dollars with 100 percent chance . Um ... Well , if I ... Losing the 500 dollars with 100 percent chance , that is like a guarantee , so ... I just ... I am going to take the risk of me losing 1000 dollars with a 50 percent ... Still ... It is still high , but not as high as 100 .",103.0
30,69596,0.0,"[25,75]","[-6000,0]","[25,25,50]","[-4000,-2000,0]",problem13p,63575.0," Um so lose 6000 with 25 percent chance . Lose 0 dollars with 75 percent chance . Lose 4000 dollars or lose 4000 dollars with 25 percent chance . Lose 2000 dollars with 25 percent chance . uh Or lose 0 dollars with 50 percent chance . Um hmm I will go with the lose 4000 . Mmm Well it all adds up with the same . 1 , 2 , 3 , 4 , 5 , 6 , yeah I mean they both add up to 6000 . Huh so I mean it really would not , hmm would not matter . I will go with the 6000 .",110.0
31,69596,1.0,"[33,66,1]","[2500,2400,0]",[100],[2400],problem1,30224.0," Um win 1000 with 50 percent chance lose 0 with 50 , win win 500 dollars with 100 percent chance , again , guarantee .",25.0
32,69596,0.0,"[45,55]","[-6000,0]","[90,10]","[-3000,0]",problem7p,35635.0," Lose 6000 45 percent chance , lose 0 with 55 , lose 3000 with 90 percent chance , lose , okay hmm I will I will take the chance with the 45 percent and lose 6000 because it is a lower risk than 90 . 90 is so high uh it is so high So I am going to go with , yeah , 6000 .",66.0
33,69596,0.0,"[33,67]","[2500,0]","[34,66]","[2400,0]",problem2,46623.0, um 2500 with 33 percent chance lose 0 with 67 percent chance win 2400 with 34 percent chance lose uh 0 dollars with 66 chance um I will go with the 120 oh I have a higher chance of getting the 2400 well Only slightly higher uh uh I will go with the 2500 with the 33 percent chance .,60.0
34,69596,1.0,"[50,50]","[1000,0]",[100],[500],problem11,13870.0," Um win 1000 with 50 percent chance lose 0 with 50 , win win 500 dollars with 100 percent chance , again , guarantee .",25.0
35,69596,1.0,"[20,80]","[4000,0]","[25,75]","[3000,0]",problem4,36198.0, uh lose 4000 20 percent chance lose 0 dollars with 80 percent chance lose 3000 with 25 percent chance lose 0 dollars with 75 percent chance um I will go with the 4000 I will because 25 percent chance of losing 3000 dollars is a bit high for me ,49.0
36,69596,1.0,"[0.1,99.9]","[5000,0]",[100],[5],problem14,11603.0, Uh lose 5000 with  chance 5 dollars with 100 percent chance um I can risk losing 5000 dollars . The chances are low . The chances are low .,29.0
37,69596,1.0,"[25,75]","[6000,0]","[25,25,50]","[4000,2000,0]",problem13,62961.0," Um so lose 6000 with 25 percent chance . Lose 0 dollars with 75 percent chance . Lose 4000 dollars or lose 4000 dollars with 25 percent chance . Lose 2000 dollars with 25 percent chance . uh Or lose 0 dollars with 50 percent chance . Um hmm I will go with the lose 4000 . Mmm Well it all adds up with the same . 1 , 2 , 3 , 4 , 5 , 6 , yeah I mean they both add up to 6000 . Huh so I mean it really would not , hmm would not matter . I will go with the 6000 .",110.0
18,69606,1.0,"[25,75]","[1000,0]",[100],[240],practice_problem_a,51483.0," Okay , so 1000 dollars 25 percent chance 0 75 percent chance we win 240 with 100 percent chance . Okay , so like I am not losing anything here , but how much do I want to gain with a certainty ? Well , I know I have poor chance of luck , but the 1000 dollars would be like really nice . But 240 dollars , will that be like 8 weeks of food for me ? 1000 dollars would be nice , but that is only 25 percent chance . But if I was doing it like a couple of times , I would totally choose the percentage , but I am only doing it once . Oh , I am going to go further for sure factor me the 240 dollars because that like that is money .",142.0
19,69606,1.0,"[80,20]","[-500,0]",[100],[-400],practice_problem_b,38440.0," Okay , 500 dollars , lose 500 dollars and 80 percent chance is 0 with 20 , lose 400 with 100 percent chance . Oh , I do not like losing . Um , well , do not like , okay , 20 percent chance is 0 , but 80 percent chance of 500 . I mean , I am going to most likely lose 500 because it is an 80 percent chance , an 80 percent like that is a high chance , but lose 400 with 100 percent . Um , I am going to just lose 400 with 100 percent chance because you know ,",108.0
21,69606,1.0,"[20,80]","[-4000,0]","[25,75]","[-3000,0]",problem4p,50356.0," All right , lose 4000 dollars with 20 percent chance , lose 0 dollars 80 percent chance , or lose 3000 dollars with 25 percent chance , or lose 0 dollars 75 percent chance . Well , there is more chance I lose nothing with the higher amount , but less , the lesser amount . umm I mean , it is , that is a lot of money . And they are relatively the same , like if you get the margin of error , it is somewhat the same . But , okay , I am going to choose , oh , do I want 75 percent ? I am going to go with the 75 percent chance because that has a lower chance . If I do lose it , I lose lower amount .",138.0
22,69606,0.0,"[80,20]","[4000,0]",[100],[3000],problem3,31790.0," Lose 4000 with 80 , lose 0 with 20 , lose 3000 with 100 percent . Ooh , ouch . I am going with the 80 , 20 ..",29.0
23,69606,1.0,"[0.1,99.9]","[5000,0]",[100],[5],problem14,38605.0,lose 5000 with . 1 hmmm I mean it again it is so its so low but when you attach the lose to it I am still going because like you again you are going to have to do that,40.0
24,69606,0.0,"[33,67]","[2500,0]","[34,66]","[2400,0]",problem2,25591.0," Win 2500 dollars with 33 percent , lose 0 with 67 , win 2400 with 34 percent lose , I mean , if you think about it , it is virtually the same percentages because they are so close together and you can get a margin of error . It is like , whatever , something for 25000 dollars .",60.0
25,69606,1.0,"[25,75]","[6000,0]","[25,25,50]","[4000,2000,0]",problem13,30008.0," getting money either way . Losing is when you get harder because you are losing it . Dang . Lose 6000 with 25 percent , lose 0 with 75 percent . Okay , not bad . Lose . Ooh . ummm I actually do not know what to think because like , uh , I am going to , well , so if you think about , um , see there 50 50 or 25 , I want to go with the 25 75 because there is a less amount of chance getting that .",95.0
26,69606,1.0,"[50,50]","[-1000,0]",[100],[-500],problem12,9669.0," a lot . lose a 1000 with 50 , lose 0 with 50 , lose 500 with 100 percent chance . I do not like 50 , 50 , i am going with 100 percent .",36.0
27,69606,0.0,"[0.1,99.9]","[6000,0]","[0.2,99.8]","[3000,0]",problem8,27495.0,"lose 6000 with a . 1 , lose 0 with 99 ... lose .. I mean I think I did already answered this one ? It seems like I already answered this one ...",34.0
28,69606,1.0,"[50,50]","[1000,0]",[100],[450],problem0,9628.0," Yeah . Win a 1000 with 50 , lose 0 with 50 win . Okay . Um , oh , I know I said hate 50 you know I am winning with a 100 percent chance .",37.0
29,69606,1.0,"[50,50]","[1000,0]",[100],[500],problem11,7063.0," win a 1000 with 50 , as same reasoning as before . It is a 100 percent chance .",19.0
30,69606,0.0,"[25,75]","[-6000,0]","[25,25,50]","[-4000,-2000,0]",problem13p,36925.0," getting money either way . Losing is when you get harder because you are losing it . Dang . Lose 6000 with 25 percent , lose 0 with 75 percent . Okay , not bad . Lose . Ooh . ummm I actually do not know what to think because like , uh , I am going to , well , so if you think about , um , see there 50 50 or 25 , I want to go with the 25 75 because there is a less amount of chance getting that .",95.0
31,69606,1.0,"[20,80]","[4000,0]","[25,75]","[3000,0]",problem4,22552.0," All right , lose 4000 dollars with 20 percent chance , lose 0 dollars 80 percent chance , or lose 3000 dollars with 25 percent chance , or lose 0 dollars 75 percent chance . Well , there is more chance I lose nothing with the higher amount , but less , the lesser amount . umm I mean , it is , that is a lot of money . And they are relatively the same , like if you get the margin of error , it is somewhat the same . But , okay , I am going to choose , oh , do I want 75 percent ? I am going to go with the 75 percent chance because that has a lower chance . If I do lose it , I lose lower amount .",138.0
32,69606,0.0,"[45,55]","[-6000,0]","[90,10]","[-3000,0]",problem7p,27186.0," lose 6000 with 45 percent and lose 0 with 55 percent chance . Okay , so it is like little more than 50 . lose , lose 3000 90 , or lose 0 with 10 percent . I do not like losing money , especially with Christmas around the corner . I am going to lose the 6000 , it is less .",63.0
33,69606,1.0,"[33,66,1]","[2500,2400,0]",[100],[2400],problem1,26384.0," win a 1000 with 50 , as same reasoning as before . It is a 100 percent chance .",19.0
34,69606,0.0,"[0.1,99.9]","[-5000,0]",[100],[-5],problem14p,18076.0,lose 5000 with . 1 hmmm I mean it again it is so its so low but when you attach the lose to it I am still going because like you again you are going to have to do that,40.0
35,69606,1.0,"[45,55]","[6000,0]","[90,10]","[3000,0]",problem7,17674.0," lose 6000 with 45 percent and lose 0 with 55 percent chance . Okay , so it is like little more than 50 . lose , lose 3000 90 , or lose 0 with 10 percent . I do not like losing money , especially with Christmas around the corner . I am going to lose the 6000 , it is less .",63.0
36,69606,0.0,"[0.1,99.9]","[-6000,0]","[0.2,99.8]","[-3000,0]",problem8p,16543.0,"lose 6000 with a . 1 , lose 0 with 99 ... lose .. I mean I think I did already answered this one ? It seems like I already answered this one ...",34.0
37,69606,0.0,"[80,20]","[-4000,0]",[100],[-3000],problem3p,12339.0," Lose 4000 with 80 , lose 0 with 20 , lose 3000 with 100 percent . Ooh , ouch . I am going with the 80 , 20 ..",29.0
18,69620,1.0,"[25,75]","[1000,0]",[100],[240],practice_problem_a,47204.0," Okay , um , thinking , oh , okay , thinking about this . So win 1000 with 25 percent chance lose 0 dollars with 75 percent chance or win 240 with 100 percent chance , okay , so winning 1000 with only 25 percent chance , I feel like that is just not very good at all . The 1000 dollars is a lot , but you have only got a 25 percent chance . But getting 240 just off the bat , honestly , I tend , uh I am not really , I do not really like gambling . I do not , so I do not really , I do not feel good about 25 percent odds . I will probably , if it was higher , maybe or at least half , but 25 percent I do not feel very good about it . I think I would want to do 240 with ",158.0
19,69620,0.0,"[80,20]","[-500,0]",[100],[-400],practice_problem_b,37579.0,"  Okay now it is lose lose 500 dollars with it . Oh wait , was the other one lose . I do not know now I am like questioning . Maybe I do not remember for some reason I thought it was win but maybe it was not . Oh god if it was lose . Okay , lose 500 with . Okay honestly difference between 400 and 500  s not that much but the difference between 500 and 0 is a lot . Like at that point like 100 dollars kind of hurts but I mean I do not honestly at that point I would rather at least have the chance to not lose anything .",117.0
21,69620,1.0,"[25,75]","[-6000,0]","[25,25,50]","[-4000,-2000,0]",problem13p,72768.0," Okay , lose 6000 dollars with 25 percent chance or lose 0 with 75 percent chance . Oh , oh , okay . Or lose 4000 , 25 percent chance , lose 2000 with 25 percent chance , lose 0 . Okay , so the losing 0 is , oh , oh gosh , this is hard . Okay , so losing 0 , so on the right , it is , there is a less chance of losing 0 , but there is less chance of losing money . Um Or like the money is lower on the right . Ooo Oh , gosh , I would probably , I feel like it is , mmm . I feel like 2000 , there is just such a big difference between like 2000 , 4000 , 6000 . Like 6000 is so much . Like that is a 2000 dollar difference , so that would be , that would be a lot . I mean , if you still have the option for 0 , I would probably do on the right because if you have , at least you still have the option for 0 . I mean , honestly , there is not that much of a difference between 50 and 75 . Yeah , I would probably do on the  ",223.0
22,69620,1.0,"[20,80]","[-4000,0]","[25,75]","[-3000,0]",problem4p,33719.0," Okay , lose 4000 with 20 percent chance lose 0 . Okay , so 80 percent 0 . Oh , I would feel like it makes more sense to do the one on the right because there is 3000 . Yeah , it is 1000 less , but the chance is only , the chance of losing 0 dollars is only 5 percent difference . I do not really care about percentages . I am not very good with math like that . But I feel like that makes more sense to do the losing less money .",98.0
23,69620,1.0,"[25,75]","[6000,0]","[25,25,50]","[4000,2000,0]",problem13,31869.0," Okay , lose 6000 dollars with 25 percent chance or lose 0 with 75 percent chance . Oh , oh , okay . Or lose 4000 , 25 percent chance , lose 2000 with 25 percent chance , lose 0 . Okay , so the losing 0 is , oh , oh gosh , this is hard . Okay , so losing 0 , so on the right , it is , there is a less chance of losing 0 , but there is less chance of losing money . Um Or like the money is lower on the right . Ooo Oh , gosh , I would probably , I feel like it is , mmm . I feel like 2000 , there is just such a big difference between like 2000 , 4000 , 6000 . Like 6000 is so much . Like that is a 2000 dollar difference , so that would be , that would be a lot . I mean , if you still have the option for 0 , I would probably do on the right because if you have , at least you still have the option for 0 . I mean , honestly , there is not that much of a difference between 50 and 75 . Yeah , I would probably do on the  ",223.0
24,69620,0.0,"[50,50]","[1000,0]",[100],[450],problem0,26564.0," Um okay , win 1000 for a 50 percent chance .  win 450 with 100 percent chance . Okay , again , oh , but 450 , there is a there is a big kind of a big difference between 450 and 1000 , I do not know . Um But only it is a 50 - 50 shot , uh honestly . Yeah , I mean , you are not you are not losing anything . I would probably ...",81.0
25,69620,0.0,"[50,50]","[1000,0]",[100],[500],problem11,19425.0, for the more money okay win 1000 dollars with a 50 percent chance lose 0 uh again I probably do well uh 500 dollars is still a lot but I feel like if you are not losing anything it can be good to go I would yeah I would probably ,50.0
26,69620,0.0,"[0.1,99.9]","[-6000,0]","[0.2,99.8]","[-3000,0]",problem8p,36104.0,"  Whenever it is losing , I go , I get nervous . I do not like losing money . So 6000 with 0 . 1 percent chance or 3000 0 . 2 percent chance . Wait , is not it better odds on the left ? And it is better odds , but more money . Uh Nah . 0 . 1 percent chance you would have to be like , just stupidly unlucky .",75.0
27,69620,1.0,"[33,67]","[2500,0]","[34,66]","[2400,0]",problem2,47734.0," Wait , but I was not gaining anything so why did I not ? Wait , that was stupid . Never mind . Um win 2500 with a 30 , yeah that also was dumb . On me . Um win 2000 with 30 percent chance . Lose 0 dollars with 67 percent chance . Uh Or yeah , 2500 . Okay , so this is the one lose one again . Win - lose again the win - lose is almost exactly the same . Okay , you have a slightly better chance on the right , but it is only 100 dollars less . I mean at that point , I gave myself the better chance and it is only 100 dollar ",124.0
28,69620,1.0,"[45,55]","[6000,0]","[90,10]","[3000,0]",problem7,9813.0," Um , 6 , okay , lose , lose again . Okay , lose , lose . Okay lose , lose ones . You do not gain anything , so I want to go with the best odds . Um , yeah , there is nothing to gain , so I would much rather have the high chance for the lose 0 , right ? I mean , let me look through make sure this is correct . I am going to keep getting confused . Lose 6000 45 percent chance , there is a 90 percent chance of losing 3000 or a 40 percent chance of losing 6000 . Ugh , that is where they get you . Cuz the 6000  s kind of killer . Mmm , but 90 percent chance that is such good odds of losing that . I would rather have .",147.0
29,69620,1.0,"[20,80]","[4000,0]","[25,75]","[3000,0]",problem4,21842.0," Okay , lose 4000 with 20 percent chance lose 0 . Okay , so 80 percent 0 . Oh , I would feel like it makes more sense to do the one on the right because there is 3000 . Yeah , it is 1000 less , but the chance is only , the chance of losing 0 dollars is only 5 percent difference . I do not really care about percentages . I am not very good with math like that . But I feel like that makes more sense to do the losing less money .",98.0
30,69620,0.0,"[45,55]","[-6000,0]","[90,10]","[-3000,0]",problem7p,48675.0," Um , 6 , okay , lose , lose again . Okay , lose , lose . Okay lose , lose ones . You do not gain anything , so I want to go with the best odds . Um , yeah , there is nothing to gain , so I would much rather have the high chance for the lose 0 , right ? I mean , let me look through make sure this is correct . I am going to keep getting confused . Lose 6000 45 percent chance , there is a 90 percent chance of losing 3000 or a 40 percent chance of losing 6000 . Ugh , that is where they get you . Cuz the 6000  s kind of killer . Mmm , but 90 percent chance that is such good odds of losing that . I would rather have .",147.0
31,69620,1.0,"[80,20]","[4000,0]",[100],[3000],problem3,21357.0," I do not like to guess . Okay . Oh , 100 percent chance of losing 3000 dollars ? Well , why yeah , why , oh , that is 4000 . Oh . Honestly , at that point , the odds are so good of you losing it , I would almost rather just like take the L on the 3000 dollars maybe that hurts .",67.0
32,69620,1.0,"[80,20]","[-4000,0]",[100],[-3000],problem3p,20564.0," I do not like to guess . Okay . Oh , 100 percent chance of losing 3000 dollars ? Well , why yeah , why , oh , that is 4000 . Oh . Honestly , at that point , the odds are so good of you losing it , I would almost rather just like take the L on the 3000 dollars maybe that hurts .",67.0
33,69620,0.0,"[0.1,99.9]","[5000,0]",[100],[5],problem14,20104.0," Um , lose 5000 0 . 1 percent chance . Okay , not bad odds . Or lose 0 with a 99 percent chance . Or lose 5 , okay , I can spare 5 dollars , but I would not want to spare 5000 . The difference between 0 and 5 , I would go honestly 5 bucks , whatever , 5000 .",64.0
34,69620,0.0,"[0.1,99.9]","[6000,0]","[0.2,99.8]","[3000,0]",problem8,25142.0,"  Whenever it is losing , I go , I get nervous . I do not like losing money . So 6000 with 0 . 1 percent chance or 3000 0 . 2 percent chance . Wait , is not it better odds on the left ? And it is better odds , but more money . Uh Nah . 0 . 1 percent chance you would have to be like , just stupidly unlucky .",75.0
35,69620,1.0,"[33,66,1]","[2500,2400,0]",[100],[2400],problem1,39986.0, for the more money okay win 1000 dollars with a 50 percent chance lose 0 uh again I probably do well uh 500 dollars is still a lot but I feel like if you are not losing anything it can be good to go I would yeah I would probably ,50.0
36,69620,1.0,"[0.1,99.9]","[-5000,0]",[100],[-5],problem14p,22462.0," Um , lose 5000 0 . 1 percent chance . Okay , not bad odds . Or lose 0 with a 99 percent chance . Or lose 5 , okay , I can spare 5 dollars , but I would not want to spare 5000 . The difference between 0 and 5 , I would go honestly 5 bucks , whatever , 5000 .",64.0
37,69620,0.0,"[50,50]","[-1000,0]",[100],[-500],problem12,43800.0," Awful okay , um lose 1000 with 50 percent chance , lose 0 with 50 percent chance , oh or win 500 with 100 percent chance . Ahh So 500 , I mean 500  1000 , that is still a lot of money either way , but um I do not know because this is ... ugh I do not know , this is hard . Cuz 1000 dollars is a is a lot of money , but I mean it is 50 - 50 odds , maybe since it is 50 - 50 I would probably do 50 - 50 odds .",103.0
18,69623,1.0,"[25,75]","[1000,0]",[100],[240],practice_problem_a,31923.0, Okay so I see that one of the options is winning 1000 dollars with a 25 percent chance or losing with a  or losing nothing with a 75 percent chance . Or I can win 240 dollars with a 100 percent chance . Since there is only a 1 in 4 chance of winning in the first option even if it is more money I would rather go with the option that gives me 100 percent chance of winning something instead of having a larger chance of winning nothing,89.0
19,69623,1.0,"[80,20]","[-500,0]",[100],[-400],practice_problem_b,38836.0,So the difference between 400 dollars and 500 dollars is not in my opinion super vast and even so I would rather lose 400 dollars for sure instead of taking the 1 in 5 chance to lose 0 dollars one that is an 80 percent chance of losing even more money . So I would rather lose 400 dollars with 100 percent chance .,64.0
21,69623,1.0,"[50,50]","[1000,0]",[100],[450],problem0,17387.0," So , I would rather take something with a 100 percent chance than have a 50 / 50 chance of nothing . So I would rather go for the sure fire option  5 dollars",34.0
22,69623,1.0,"[0.1,99.9]","[-6000,0]","[0.2,99.8]","[-3000,0]",problem8p,36169.0, Here I can see that the percents are pretty similar and they are very small for losing money . Personally I think that the difference between 6000 dollars and 3000 dollars is pretty major and even though the chances for both are low I would rather have a slightly increased chance of losing only 3000 than a slightly decreased chance of losing 6000 ,63.0
23,69623,1.0,"[80,20]","[-4000,0]",[100],[-3000],problem3p,20940.0, Rather than taking the 1 in 5 chance to lose 0 dollars but lose 4000 dollars otherwise I would much rather lose 3000 dollars with a 100 percent chance because then in the most probable case I am not losing an extra 1000 ,43.0
24,69623,1.0,"[25,75]","[-6000,0]","[25,25,50]","[-4000,-2000,0]",problem13p,33637.0, Hmm I see that there are multiple options on the right . I can see that in either case on the right - hand side I am losing less than I would with a 25 percent chance on the left - hand side even if on the left - hand side I have a greater chance of losing nothing and I would rather not risk losing more than I need to so I would chose the right option  percent chance ,80.0
25,69623,0.0,"[33,67]","[2500,0]","[34,66]","[2400,0]",problem2,20357.0,"I do not think that a 1 percent change is going to be very significant but neither is 100 dollar difference . Even so , I think I would rather try to go for slightly more money considering how similar the chances are",43.0
26,69623,1.0,"[25,75]","[6000,0]","[25,25,50]","[4000,2000,0]",problem13,29220.0, Hmm I see that there are multiple options on the right . I can see that in either case on the right - hand side I am losing less than I would with a 25 percent chance on the left - hand side even if on the left - hand side I have a greater chance of losing nothing and I would rather not risk losing more than I need to so I would chose the right option  percent chance ,80.0
27,69623,1.0,"[45,55]","[6000,0]","[90,10]","[3000,0]",problem7,17723.0,Here again it is almost that flip but I feel like this one is a bit more difficult because the difference between 3000 and 6000 is a lot and the chances are not great on either . However I would rather lose 3000 dollars with a 90 percent chance and take those odds instead of having about a 50 / 50 chance of losing 6000  percent chance,67.0
28,69623,1.0,"[0.1,99.9]","[-5000,0]",[100],[-5],problem14p,24054.0, Losing 5000 dollars with a 0 . 1 percent chance or losing 5 dollars with a 100 percent chance . 5 dollars does not mean a whole lot to me but 5000 dollars does and in the rare case on the left - hand side where I would lose 5000 dollars I do not want to take that risk I would rather just lose 5 ,65.0
29,69623,1.0,"[33,66,1]","[2500,2400,0]",[100],[2400],problem1,26619.0, So we have a 50 / 50 and a 500 dollars with a 100 percent chance again I would rather win something than nothing so 500 dollars with 100  ,29.0
30,69623,1.0,"[45,55]","[-6000,0]","[90,10]","[-3000,0]",problem7p,31436.0,Here again it is almost that flip but I feel like this one is a bit more difficult because the difference between 3000 and 6000 is a lot and the chances are not great on either . However I would rather lose 3000 dollars with a 90 percent chance and take those odds instead of having about a 50 / 50 chance of losing 6000  percent chance,67.0
31,69623,0.0,"[20,80]","[4000,0]","[25,75]","[3000,0]",problem4,29004.0,"So , here its almost the flip side so losing that amount of money with the same chances and in this case I would rather have a slightly higher chance of losing a little bit less because that 1000 dollar difference matters a bit more when I am losing it",50.0
32,69623,1.0,"[20,80]","[-4000,0]","[25,75]","[-3000,0]",problem4p,20955.0,"So , here its almost the flip side so losing that amount of money with the same chances and in this case I would rather have a slightly higher chance of losing a little bit less because that 1000 dollar difference matters a bit more when I am losing it",50.0
33,69623,1.0,"[50,50]","[1000,0]",[100],[500],problem11,11436.0, So we have a 50 / 50 and a 500 dollars with a 100 percent chance again I would rather win something than nothing so 500 dollars with 100  ,29.0
34,69623,0.0,"[0.1,99.9]","[6000,0]","[0.2,99.8]","[3000,0]",problem8,18952.0, Here I can see that the percents are pretty similar and they are very small for losing money . Personally I think that the difference between 6000 dollars and 3000 dollars is pretty major and even though the chances for both are low I would rather have a slightly increased chance of losing only 3000 than a slightly decreased chance of losing 6000 ,63.0
35,69623,1.0,"[80,20]","[4000,0]",[100],[3000],problem3,16218.0, Rather than taking the 1 in 5 chance to lose 0 dollars but lose 4000 dollars otherwise I would much rather lose 3000 dollars with a 100 percent chance because then in the most probable case I am not losing an extra 1000 ,43.0
36,69623,0.0,"[0.1,99.9]","[5000,0]",[100],[5],problem14,18086.0, Losing 5000 dollars with a 0 . 1 percent chance or losing 5 dollars with a 100 percent chance . 5 dollars does not mean a whole lot to me but 5000 dollars does and in the rare case on the left - hand side where I would lose 5000 dollars I do not want to take that risk I would rather just lose 5 ,65.0
37,69623,1.0,"[50,50]","[-1000,0]",[100],[-500],problem12,19887.0, So lose 1000 with 50 percent chance or lose 500 with a 100 percent chance . The jump from 500 dollars to 1000 dollars is really significant when I am losing that much more money so I would rather just cut my losses and lose 500 with a 100 percent chance than risk losing 1000 ,55.0
18,69630,1.0,"[25,75]","[1000,0]",[100],[240],practice_problem_a,14036.0,Please try to speak your thoughts aloud when you reach a decision register a choice by clicking or tapping that option . Win 1000 with 25 percent lose 0 with 75 percent chance . Win 240 dollars with 100 percent chance . This,43.0
19,69630,0.0,"[80,20]","[-500,0]",[100],[-400],practice_problem_b,14216.0," Please try to , okay , lose 500 dollars with 80 percent chance , lose 100 dollars with 20 percent chance , 100 percent chance . This one makes more sense I think .",34.0
21,69630,1.0,"[80,20]","[-4000,0]",[100],[-3000],problem3p,19784.0, Lose 4000 dollars with 80 percent chance or lose  with 20 percent chance . Lose 3000 dollars with  percent chance . This one makes more sense .,27.0
22,69630,1.0,"[45,55]","[6000,0]","[90,10]","[3000,0]",problem7,5955.0, Lose 6000  percent chance 90 percent chance this one then .,11.0
23,69630,1.0,"[20,80]","[4000,0]","[25,75]","[3000,0]",problem4,15721.0,"  lose 4000 with 20 percent chance or  chance , 3000 25 percent chance .",14.0
24,69630,0.0,"[33,67]","[2500,0]","[34,66]","[2400,0]",problem2,12339.0," win 2500 dollars with 33 percent chance ,  percent chance 2400 dollars this one ",14.0
25,69630,1.0,"[0.1,99.9]","[-6000,0]","[0.2,99.8]","[-3000,0]",problem8p,26872.0," Lose 6000 dollars with 0 . 1 percent chance , lose  dollars or lose 3000 dollars with 0 . 2 percent chance or lose  dollars .",26.0
26,69630,1.0,"[25,75]","[6000,0]","[25,25,50]","[4000,2000,0]",problem13,15211.0,It makes more sense . This one .,8.0
27,69630,0.0,"[20,80]","[-4000,0]","[25,75]","[-3000,0]",problem4p,18626.0,"  lose 4000 with 20 percent chance or  chance , 3000 25 percent chance .",14.0
28,69630,1.0,"[0.1,99.9]","[5000,0]",[100],[5],problem14,11248.0, lose 5000 with 0 . 1 percent chance What should I go with ? I think losing 5 dollars oh this is this probability is less,26.0
29,69630,0.0,"[25,75]","[-6000,0]","[25,25,50]","[-4000,-2000,0]",problem13p,8283.0,It makes more sense . This one .,8.0
30,69630,1.0,"[50,50]","[1000,0]",[100],[500],problem11,6692.0,1000 win 500 with 100 percent chance,7.0
31,69630,1.0,"[80,20]","[4000,0]",[100],[3000],problem3,4599.0, Lose 4000 dollars with 80 percent chance or lose  with 20 percent chance . Lose 3000 dollars with  percent chance . This one makes more sense .,27.0
32,69630,1.0,"[50,50]","[1000,0]",[100],[450],problem0,4668.0,This one I mean 450 with 100 percent chance .,10.0
33,69630,0.0,"[0.1,99.9]","[6000,0]","[0.2,99.8]","[3000,0]",problem8,9801.0," Lose 6000 dollars with 0 . 1 percent chance , lose  dollars or lose 3000 dollars with 0 . 2 percent chance or lose  dollars .",26.0
34,69630,0.0,"[50,50]","[-1000,0]",[100],[-500],problem12,10835.0," This one , lose 1000 with 50 percent chance , lose 0 dollars 50 percent chance this one .",19.0
35,69630,1.0,"[33,66,1]","[2500,2400,0]",[100],[2400],problem1,7216.0,1000 win 500 with 100 percent chance,7.0
36,69630,0.0,"[0.1,99.9]","[-5000,0]",[100],[-5],problem14p,29627.0, lose 5000 with 0 . 1 percent chance What should I go with ? I think losing 5 dollars oh this is this probability is less,26.0
37,69630,0.0,"[45,55]","[-6000,0]","[90,10]","[-3000,0]",problem7p,8605.0, Lose 6000  percent chance 90 percent chance this one then .,11.0
18,69662,0.0,"[25,75]","[1000,0]",[100],[240],practice_problem_a,31987.0," Um , honestly , I would probably go with the win 1000 dollars with a 25 percent chance and win 0 dollars with a 75 percent chance because I am not , I would not be down anything like I would not be losing any of my personal money , but there is a 25 percent chance to win 1000 dollars . And That seems better than a 100 percent chance for 240 dollars .",75.0
19,69662,0.0,"[80,20]","[-500,0]",[100],[-400],practice_problem_b,23837.0,Um I would  lose 500 dollars with an 80 percent chance and lose 0 dollars with a 20 percent chance because 500 dollars really is not that much more than 400 dollars and there is a 20 percent chance that I will not lose my money .,47.0
21,69662,0.0,"[45,55]","[-6000,0]","[90,10]","[-3000,0]",problem7p,28827.0, Um I would do the lose 6000 with 45 percent chance and lose 0 dollars with a 55 percent chance because um 45 percent chance is a lot less than a 90 percent chance for 3000 dollars and I will just cross my fingers that I would not lose any money because I have a 55 percent chance of not losing any money .,64.0
22,69662,0.0,"[20,80]","[4000,0]","[25,75]","[3000,0]",problem4,26899.0," I would do lose 4000 with the 20 percent chance and lose 0 with an 80 percent chance because um I do not think the 5 percent really makes that much of a difference . Actually I am going to change my mind , I am going to do the other one because um the odds are I lose money regardless . Actually no , that is not what the odds are . But Just in case I do lose money at least I am losing 1000 dollars less .",90.0
23,69662,1.0,"[33,66,1]","[2500,2400,0]",[100],[2400],problem1,21531.0, I am going to go win 500 with 100 percent chance because 500 is a good amount of money and at least I will be getting that .,28.0
24,69662,1.0,"[25,75]","[6000,0]","[25,25,50]","[4000,2000,0]",problem13,31976.0,  I would do lose 6000 with 25 percent chance and lose 0 with 75 percent chance because 75 percent chance is greater than a 50 percent chance and I do not want to lose 4000 or 2000 dollars and that is a 50 - 50 with the other options . I am going to go with lose 6000 with 25 percent chance and lose 0 with 75 percent chance .,70.0
25,69662,0.0,"[0.1,99.9]","[-5000,0]",[100],[-5],problem14p,16217.0, I would do lose 5000 with a 0 . 1 percent chance and lose 0 with a 99 . 9 percent chance because what are the odds of that happening ? Slim to none,34.0
26,69662,0.0,"[0.1,99.9]","[6000,0]","[0.2,99.8]","[3000,0]",problem8,23643.0, I would I feel like I already answered this one I would lose 6000 with a 0 . 1 percent chance because actually no I would lose 3000 with a 0 . 2 percent chance then lose 0 with a 99 . 8 percent chance because that is still slim to none so .,54.0
27,69662,0.0,"[25,75]","[-6000,0]","[25,25,50]","[-4000,-2000,0]",problem13p,33616.0,  I would do lose 6000 with 25 percent chance and lose 0 with 75 percent chance because 75 percent chance is greater than a 50 percent chance and I do not want to lose 4000 or 2000 dollars and that is a 50 - 50 with the other options . I am going to go with lose 6000 with 25 percent chance and lose 0 with 75 percent chance .,70.0
28,69662,1.0,"[80,20]","[-4000,0]",[100],[-3000],problem3p,29728.0," Um , I would do ... Honestly , let us go lose 3000 with a 100 percent chance . Because , um , if I am being completely honest , I do not really know my logic here , but ... It is just what my brain tells me to do .",52.0
29,69662,0.0,"[33,67]","[2500,0]","[34,66]","[2400,0]",problem2,20744.0,Win 2500 with 33 percent chance lose 0 with a 67 percent chance because 100 dollars more is worth the 1 percent less chance of it happening which really is not .,32.0
30,69662,1.0,"[0.1,99.9]","[-6000,0]","[0.2,99.8]","[-3000,0]",problem8p,24890.0, I would I feel like I already answered this one I would lose 6000 with a 0 . 1 percent chance because actually no I would lose 3000 with a 0 . 2 percent chance then lose 0 with a 99 . 8 percent chance because that is still slim to none so .,54.0
31,69662,1.0,"[20,80]","[-4000,0]","[25,75]","[-3000,0]",problem4p,48366.0," I would do lose 4000 with the 20 percent chance and lose 0 with an 80 percent chance because um I do not think the 5 percent really makes that much of a difference . Actually I am going to change my mind , I am going to do the other one because um the odds are I lose money regardless . Actually no , that is not what the odds are . But Just in case I do lose money at least I am losing 1000 dollars less .",90.0
32,69662,1.0,"[45,55]","[6000,0]","[90,10]","[3000,0]",problem7,13608.0, Um I would do the lose 6000 with 45 percent chance and lose 0 dollars with a 55 percent chance because um 45 percent chance is a lot less than a 90 percent chance for 3000 dollars and I will just cross my fingers that I would not lose any money because I have a 55 percent chance of not losing any money .,64.0
33,69662,0.0,"[50,50]","[-1000,0]",[100],[-500],problem12,19153.0," I would do lose 5 , no , I would lose 0 with a 50 percent chance and lose 1000 with a 50 percent chance because maybe I will get lucky and not lose any money .",37.0
34,69662,1.0,"[0.1,99.9]","[5000,0]",[100],[5],problem14,15783.0, I would do lose 5000 with a 0 . 1 percent chance and lose 0 with a 99 . 9 percent chance because what are the odds of that happening ? Slim to none,34.0
35,69662,1.0,"[50,50]","[1000,0]",[100],[500],problem11,18572.0, I am going to go win 500 with 100 percent chance because 500 is a good amount of money and at least I will be getting that .,28.0
36,69662,1.0,"[80,20]","[4000,0]",[100],[3000],problem3,10874.0," Um , I would do ... Honestly , let us go lose 3000 with a 100 percent chance . Because , um , if I am being completely honest , I do not really know my logic here , but ... It is just what my brain tells me to do .",52.0
37,69662,0.0,"[50,50]","[1000,0]",[100],[450],problem0,15280.0,I am going to go win 1000 with 50 percent chance and lose 0 with 50 percent chance because I might get lucky and win 1000 which is rather than 450 dollars .,33.0
18,69679,1.0,"[25,75]","[1000,0]",[100],[240],practice_problem_a,24069.0," Okay , please try to speak your thoughts aloud . Okay , so win 240 dollars with 100 percent chance or win 1000 dollars with a 25 percent chance but a 75 percent chance with a zero . I am going to go with the ",45.0
19,69679,0.0,"[80,20]","[-500,0]",[100],[-400],practice_problem_b,28901.0," 240 . Um mm for this one it is lose 400 dollars with 100 percent chance . Or I lose 5000 dollars with an 80 percent chance , but there is a 20 percent chance I will not lose anything so I guess I would take that .",48.0
21,69679,0.0,"[0.1,99.9]","[-6000,0]","[0.2,99.8]","[-3000,0]",problem8p,22479.0," Okay , lose 3000 with 0 . 2 chance or I could lose 6000 with a 0 . 1 chance . I am going to go with the lose 6000 with a 0 . 1 chance because it is less of a chance than losing the 3000 .",48.0
22,69679,0.0,"[0.1,99.9]","[6000,0]","[0.2,99.8]","[3000,0]",problem8,4333.0," Okay , lose 3000 with 0 . 2 chance or I could lose 6000 with a 0 . 1 chance . I am going to go with the lose 6000 with a 0 . 1 chance because it is less of a chance than losing the 3000 .",48.0
23,69679,0.0,"[80,20]","[-4000,0]",[100],[-3000],problem3p,15894.0," do that one again . Um lose 3000 with 100 percent chance , lose 4000  80 percent chance . There is also a 0 percent chance or a 20 percent chance I will lose 0 , so I will go ",40.0
24,69679,1.0,"[33,67]","[2500,0]","[34,66]","[2400,0]",problem2,25787.0," that one . Uhh win uh I am going to go with the win 2500 with a 33 , no . I am going to go with the win the 2400 with a 34  chance because there is more of a chance I could win it in less of a chance .",52.0
25,69679,0.0,"[45,55]","[-6000,0]","[90,10]","[-3000,0]",problem7p,18694.0,  lose it . Um lose 6000 with 45 percent chance . Or lose 3000 with a 90 percent chance . So I am going to go with the lose the 45 with a 40 .,35.0
26,69679,0.0,"[0.1,99.9]","[-5000,0]",[100],[-5],problem14p,18881.0,  chance lose 5 dollars with 100 percent chance lose a  5000 dollars  going to go with the 1 percent the 0 . 1 percent chance I am losing it because I have 99 . 9 percent chance on my side so ,41.0
27,69679,0.0,"[50,50]","[-1000,0]",[100],[-500],problem12,9833.0,  lose a thousand  I am going to go with the 50 - 50 because I could lose a thousand or I could not .,24.0
28,69679,0.0,"[50,50]","[1000,0]",[100],[500],problem11,4131.0, a thousand again I am going to go with the 50 ,11.0
29,69679,0.0,"[25,75]","[-6000,0]","[25,25,50]","[-4000,-2000,0]",problem13p,21209.0,  Um I am going to go with the lose 6000 with a 25 percent chance instead of the other one because there is a chance 50 - 50 that I could end up losing that money .,37.0
30,69679,0.0,"[0.1,99.9]","[5000,0]",[100],[5],problem14,7334.0,  chance lose 5 dollars with 100 percent chance lose a  5000 dollars  going to go with the 1 percent the 0 . 1 percent chance I am losing it because I have 99 . 9 percent chance on my side so ,41.0
31,69679,1.0,"[50,50]","[1000,0]",[100],[450],problem0,10094.0,chance win a thousand win um So I am going to go with the 100 percent chance of winning .,20.0
32,69679,0.0,"[20,80]","[-4000,0]","[25,75]","[-3000,0]",problem4p,12825.0,  the 450 . Um I am going to go with the lose 4000 with 20 percent chance because it is less of a . It is 5 percent less than the lose the 3 .,35.0
33,69679,0.0,"[20,80]","[4000,0]","[25,75]","[3000,0]",problem4,1350.0,  the 450 . Um I am going to go with the lose 4000 with 20 percent chance because it is less of a . It is 5 percent less than the lose the 3 .,35.0
34,69679,1.0,"[80,20]","[4000,0]",[100],[3000],problem3,11154.0," do that one again . Um lose 3000 with 100 percent chance , lose 4000  80 percent chance . There is also a 0 percent chance or a 20 percent chance I will lose 0 , so I will go ",40.0
35,69679,1.0,"[25,75]","[6000,0]","[25,25,50]","[4000,2000,0]",problem13,8569.0,  Um I am going to go with the lose 6000 with a 25 percent chance instead of the other one because there is a chance 50 - 50 that I could end up losing that money .,37.0
36,69679,0.0,"[33,66,1]","[2500,2400,0]",[100],[2400],problem1,22569.0, a thousand again I am going to go with the 50 ,11.0
37,69679,1.0,"[45,55]","[6000,0]","[90,10]","[3000,0]",problem7,5666.0,  lose it . Um lose 6000 with 45 percent chance . Or lose 3000 with a 90 percent chance . So I am going to go with the lose the 45 with a 40 .,35.0
18,69685,1.0,"[25,75]","[1000,0]",[100],[240],practice_problem_a,11771.0, Let us see win 1000 dollars with 25 percent chance I lose . That is an easy 240 bucks . I am not .,24.0
19,69685,0.0,"[80,20]","[-500,0]",[100],[-400],practice_problem_b,25994.0," Lose 500 with a 80 percent chance . Again I am going to ... Oof , actually ... Because I can ... Hmm , I would say ... Probably just lose ... I am taking the risk .",38.0
21,69685,1.0,"[50,50]","[1000,0]",[100],[450],problem0,20911.0," Win 1000 dollars with 50 percent chance , or lose 0 dollars with 50 percent chance . Win 450 dollars with 100 percent chance , Um A 450 bucks is easy money .",33.0
22,69685,1.0,"[33,67]","[2500,0]","[34,66]","[2400,0]",problem2,54175.0,"  win 2400 dollars with 34 percent chance , lose 0 dollars with 66 percent chance . Uh hm this is kind of tricky because I do not think about this often . Win 2500 dollars with 33 % chance . I mean the worst is I just do not get anything . So I would say maybe lower chance I am going with this .",65.0
23,69685,1.0,"[80,20]","[-4000,0]",[100],[-3000],problem3p,37850.0, lose 4000 dollars with 80 percent chance of losing 0 dollars with 20 percent chance or I can just lose 3000 right off the bat . So 80 percent chance I lose 4000 dollars or lose 3000 . I do not know 1000 dollars is a lot . Screw it I will lose 3000 .,55.0
24,69685,0.0,"[0.1,99.9]","[-5000,0]",[100],[-5],problem14p,24575.0," lose 5000 with 0 . 1 percent chance , lose 0 99 percent chance , lose 5 dollars with 100 percent chance . You know what , screw it . I am just going to pick no shot . I can get 0 . 1 percent no .",48.0
25,69685,1.0,"[80,20]","[4000,0]",[100],[3000],problem3,15756.0, lose 4000 dollars with 80 percent chance of losing 0 dollars with 20 percent chance or I can just lose 3000 right off the bat . So 80 percent chance I lose 4000 dollars or lose 3000 . I do not know 1000 dollars is a lot . Screw it I will lose 3000 .,55.0
26,69685,1.0,"[0.1,99.9]","[5000,0]",[100],[5],problem14,12037.0," lose 5000 with 0 . 1 percent chance , lose 0 99 percent chance , lose 5 dollars with 100 percent chance . You know what , screw it . I am just going to pick no shot . I can get 0 . 1 percent no .",48.0
27,69685,0.0,"[0.1,99.9]","[6000,0]","[0.2,99.8]","[3000,0]",problem8,16324.0, go home I can either lose 6000 with 0 . 1 percent chance or lose 3000 with 0 . 2 chance . Uh Lose 3000 or lose 0 . I would pick this because it is either I do not get anything or I have to pay half as much as the other .,54.0
28,69685,1.0,"[0.1,99.9]","[-6000,0]","[0.2,99.8]","[-3000,0]",problem8p,34656.0, go home I can either lose 6000 with 0 . 1 percent chance or lose 3000 with 0 . 2 chance . Uh Lose 3000 or lose 0 . I would pick this because it is either I do not get anything or I have to pay half as much as the other .,54.0
29,69685,1.0,"[20,80]","[4000,0]","[25,75]","[3000,0]",problem4,23664.0, Already lose 4000 with 20 percent or lose 3000 with 25 percent . I would pick Because if I am like less than 25 If I get less than 20 here then I would have to lose anyway lose money anyway but if I got anything above 20 If I got 21 percent and up I would I would if I picked this than I would lose huh . Hmm I would say lose lose ,75.0
30,69685,1.0,"[45,55]","[-6000,0]","[90,10]","[-3000,0]",problem7p,66246.0," Lose 6000 with 45 percent chance or lose 3000 with  I am just going to ignore the bottom one at this point because it does not affect me anyway . It is going to lose 6000 with 45 percent or 3000 with 90 percent . Because that is 45 to 90 . 90 and 10 , that is not as dramatic but 45 to 55 45 to 55 . I am going to go with 3000 90 percent chance or I can lose .",84.0
31,69685,1.0,"[20,80]","[-4000,0]","[25,75]","[-3000,0]",problem4p,73900.0, Already lose 4000 with 20 percent or lose 3000 with 25 percent . I would pick Because if I am like less than 25 If I get less than 20 here then I would have to lose anyway lose money anyway but if I got anything above 20 If I got 21 percent and up I would I would if I picked this than I would lose huh . Hmm I would say lose lose ,75.0
32,69685,1.0,"[50,50]","[1000,0]",[100],[500],problem11,10392.0,  Win 1000 with 50 percent  500 bucks is a lot .,11.0
33,69685,1.0,"[50,50]","[-1000,0]",[100],[-500],problem12,23633.0," lose 1000 with 50 percent chance , lose 500 dollars with 100 percent chance . Oh , wait , dang . Lose 500 dollars with ... So it is either I give up 500 or 5050 with 1000 . That is ... uh lose .",45.0
34,69685,1.0,"[25,75]","[6000,0]","[25,25,50]","[4000,2000,0]",problem13,20578.0, this lose 6000 with 25 percent chance lose 4000 so it is lose lose i would say even though this is lower uh 50 percent chance i lose something here 25 percent chance i lose okay ,36.0
35,69685,1.0,"[45,55]","[6000,0]","[90,10]","[3000,0]",problem7,11536.0," Lose 6000 with 45 percent chance or lose 3000 with  I am just going to ignore the bottom one at this point because it does not affect me anyway . It is going to lose 6000 with 45 percent or 3000 with 90 percent . Because that is 45 to 90 . 90 and 10 , that is not as dramatic but 45 to 55 45 to 55 . I am going to go with 3000 90 percent chance or I can lose .",84.0
36,69685,1.0,"[33,66,1]","[2500,2400,0]",[100],[2400],problem1,19239.0,  Win 1000 with 50 percent  500 bucks is a lot .,11.0
37,69685,1.0,"[25,75]","[-6000,0]","[25,25,50]","[-4000,-2000,0]",problem13p,29862.0, this lose 6000 with 25 percent chance lose 4000 so it is lose lose i would say even though this is lower uh 50 percent chance i lose something here 25 percent chance i lose okay ,36.0
18,69692,1.0,"[25,75]","[1000,0]",[100],[240],practice_problem_a,55412.0, or lose 0 dollars with 75 percent chance .  Um that is only 25 percent I like do not want to do that um cuz hm the higher chance is  I do not know  that is still a lot of money to me haha,44.0
19,69692,0.0,"[80,20]","[-500,0]",[100],[-400],practice_problem_b,13499.0," Okay , lose 500 with 80 percent chance lose 0 with 20 percent chance lose  hell no ! I will choose I will choose  ",24.0
21,69692,0.0,"[20,80]","[-4000,0]","[25,75]","[-3000,0]",problem4p,39662.0," Okay Oh my god , they changed it ! Oh I do not know wait lose 5000  but they are both lose oh I guess no well 80 percent is bigger than 75 so  I guess wait no no I will go with the bigger one",46.0
22,69692,1.0,"[50,50]","[1000,0]",[100],[500],problem11,9443.0," Win  win 500 , I will go with that one .",11.0
23,69692,0.0,"[80,20]","[4000,0]",[100],[3000],problem3,32585.0, Lose 4000 with 80 percent chance . Or lose  or 3000 with 100 percent chance . Huh . I do not know . I think ... Lose 3000 . I do not know . I guess . Because 80 percent is a lot . That is a  percent chance of . I will go with the 4000 . Lose 4000 with 80 percent chance .,65.0
24,69692,1.0,"[25,75]","[6000,0]","[25,25,50]","[4000,2000,0]",problem13,44294.0, Lose ... oh I do not want to ... that is 50 / 50 percent lose . Okay no I will do the lose 6000 with a 25 percent chance and then lose 0 with 75 .,37.0
25,69692,0.0,"[0.1,99.9]","[5000,0]",[100],[5],problem14,62389.0,Okay lose 5000 . lose 5 . lose 5 with 100 percent chance . 5 dollars is 5 dollars . Haha I do not want  losing 5 dollars .  I will do,32.0
26,69692,0.0,"[0.1,99.9]","[-5000,0]",[100],[-5],problem14p,32584.0,Okay lose 5000 . lose 5 . lose 5 with 100 percent chance . 5 dollars is 5 dollars . Haha I do not want  losing 5 dollars .  I will do,32.0
27,69692,0.0,"[50,50]","[-1000,0]",[100],[-500],problem12,25660.0,Lose 5000 lose 500 then I will wait ugh lose 1000 with 50 percent chance . I will do the left one . Because I mean it is half and half . Yea,33.0
28,69692,0.0,"[80,20]","[-4000,0]",[100],[-3000],problem3p,34270.0, Lose 4000 with 80 percent chance . Or lose  or 3000 with 100 percent chance . Huh . I do not know . I think ... Lose 3000 . I do not know . I guess . Because 80 percent is a lot . That is a  percent chance of . I will go with the 4000 . Lose 4000 with 80 percent chance .,65.0
29,69692,0.0,"[20,80]","[4000,0]","[25,75]","[3000,0]",problem4,42139.0," Okay Oh my god , they changed it ! Oh I do not know wait lose 5000  but they are both lose oh I guess no well 80 percent is bigger than 75 so  I guess wait no no I will go with the bigger one",46.0
30,69692,0.0,"[33,66,1]","[2500,2400,0]",[100],[2400],problem1,37920.0," Win  win 500 , I will go with that one .",11.0
31,69692,0.0,"[0.1,99.9]","[6000,0]","[0.2,99.8]","[3000,0]",problem8,58863.0," Lose 6000 with a 0 . 1 percent chance . Lose 0 with a 99 . 9 percent chance . Lose 3000 with 0 . 2 percent chance . Lose  lose 0  lose 0 with 99 . 8 percent chance . Well , 3000 is a lower number . Obviously , I am going to go with that . Okay yea ",61.0
32,69692,0.0,"[50,50]","[1000,0]",[100],[450],problem0,54749.0," Win 1000 with 50 percent chance . Lose 0 with 50 percent chance . Win 450 with 100 percent chance . 450 ? I will go with no . I will go with the win 1000 with the 50 percent chance and win 0 with 50 percent . Alright , lose 0 with 50 percent chance . Maybe . Wait . Oh my god , I do not know . Um . Because I can win 450 no matter what . Because it is 100 percent . And then I will do 1000 . I will do that one .",100.0
33,69692,0.0,"[45,55]","[-6000,0]","[90,10]","[-3000,0]",problem7p,28857.0," Lose 6000 with 45 percent chance , lose 0 with 55 percent chance . Lose 3000 with 90 percent chance , Jesus . Well , first , I think probably the left one is better . Just because it is a slightly lower percentage . Yeah .",47.0
34,69692,0.0,"[25,75]","[-6000,0]","[25,25,50]","[-4000,-2000,0]",problem13p,18406.0, Lose ... oh I do not want to ... that is 50 / 50 percent lose . Okay no I will do the lose 6000 with a 25 percent chance and then lose 0 with 75 .,37.0
35,69692,1.0,"[0.1,99.9]","[-6000,0]","[0.2,99.8]","[-3000,0]",problem8p,39911.0," Lose 6000 with a 0 . 1 percent chance . Lose 0 with a 99 . 9 percent chance . Lose 3000 with 0 . 2 percent chance . Lose  lose 0  lose 0 with 99 . 8 percent chance . Well , 3000 is a lower number . Obviously , I am going to go with that . Okay yea ",61.0
36,69692,0.0,"[33,67]","[2500,0]","[34,66]","[2400,0]",problem2,29357.0," Um , win 2500 with a 33 percent chance . Win 2400 with 34 percent chance . Um , slightly lower percentages are my go - to I guess . So yea ",32.0
37,69692,1.0,"[45,55]","[6000,0]","[90,10]","[3000,0]",problem7,23896.0," Lose 6000 with 45 percent chance , lose 0 with 55 percent chance . Lose 3000 with 90 percent chance , Jesus . Well , first , I think probably the left one is better . Just because it is a slightly lower percentage . Yeah .",47.0
18,69710,1.0,"[25,75]","[1000,0]",[100],[240],practice_problem_a,33472.0," Okay , so you have a 25 percent chance of winning um 1000 dollars and you have a 75 percent chance of losing , but if you win 240 dollars , you have a 100 percent chance  Obviously just because statistics wise , the percentage is so low . Yeah , so this one would be more better .",59.0
19,69710,1.0,"[80,20]","[-500,0]",[100],[-400],practice_problem_b,290.0,,0.0
21,69710,0.0,"[0.1,99.9]","[-5000,0]",[100],[-5],problem14p,8239.0, ,0.0
22,69710,1.0,"[50,50]","[1000,0]",[100],[450],problem0,45812.0," Oh , I thought I clicked on it . Okay , so win 1000 50 percent chance , or at least  ... Oh no , I did ... oh , I accidentally clicked an option on the last question and  ... Okay , or win ... So , there is still that 50 50 percent chance , so you could win 1000 or you  ... lose . Yeah , the  ... To me , personally , the statistical chance seems better if just winning .",85.0
23,69710,1.0,"[20,80]","[4000,0]","[25,75]","[3000,0]",problem4,32239.0," Okay , lose 4000 with 20 percent chance , lose 0 dollars with 80 percent chance . Uh , lose 3000 with 25 percent chance and lose 0 with 75 percent chance .",33.0
24,69710,1.0,"[0.1,99.9]","[5000,0]",[100],[5],problem14,19041.0, ,0.0
25,69710,0.0,"[20,80]","[-4000,0]","[25,75]","[-3000,0]",problem4p,24355.0," Okay , lose 4000 with 20 percent chance , lose 0 dollars with 80 percent chance . Uh , lose 3000 with 25 percent chance and lose 0 with 75 percent chance .",33.0
26,69710,0.0,"[50,50]","[-1000,0]",[100],[-500],problem12,17932.0,"  Yeah , lose a thousand with 50 percent chance , lose zero with 50 percent chance , lose 500 with 100 percent chance . This one  s , yeah , so it would be .",35.0
27,69710,1.0,"[33,67]","[2500,0]","[34,66]","[2400,0]",problem2,20681.0, to yeah okay win 2500 with 33 percent chance lose zero with a 67 percent chance win 2400 with 34 percent chance  I think statistically I  yeah I am pretty sure it is going to  okay ,36.0
28,69710,1.0,"[33,66,1]","[2500,2400,0]",[100],[2400],problem1,23582.0," these odds are better . Win 1000 with 50 percent chance ,  0 with 30 percent chance . Win 500 with 100 percent chance . I feel like  the 500 better would just be better because , uh , 50 - 50 is like ,  it is still pretty good , but like , I mean , I you would not lose anything , but I prefer with to go with , you know , the opportunity of actually .",80.0
29,69710,1.0,"[80,20]","[-4000,0]",[100],[-3000],problem3p,30156.0,"  Okay , lose 4000 . With 80 percent chance or lose 0 dollars with a 20 percent chance . Obviously , the , yeah , this one would be , no . Hold on . If you have any percent chance of losing 4000 now , it is better to lose 3000 with 100 percent chance  take the risk of having to be short another .",66.0
30,69710,0.0,"[0.1,99.9]","[-6000,0]","[0.2,99.8]","[-3000,0]",problem8p,15302.0,  thousand dollars lose 6000 with 0 . 1 percent chance lose zero with 99 point  chance so obviously the ,19.0
31,69710,1.0,"[80,20]","[4000,0]",[100],[3000],problem3,24003.0,"  Okay , lose 4000 . With 80 percent chance or lose 0 dollars with a 20 percent chance . Obviously , the , yeah , this one would be , no . Hold on . If you have any percent chance of losing 4000 now , it is better to lose 3000 with 100 percent chance  take the risk of having to be short another .",66.0
32,69710,1.0,"[45,55]","[6000,0]","[90,10]","[3000,0]",problem7,12931.0," chance . I am going to lose .  percent chance .  percent chance . So it is definitely better to lose . Oh no . Oh , this one  s hard because the percentages are very close . It is almost a fifty - fifty and like six thousand dollars is a lot . It would put you into a lot more debt . I understand that then it is a nine percent chance that you are going to get like ... boy it is still pretty ... this percentage is still pretty high for that like ... it might be fifty - five percent chance that you will lose zero but there is a possibility that you could lose that six thousand . You could lose six thousand which is a lot of money . So I ",138.0
33,69710,1.0,"[50,50]","[1000,0]",[100],[500],problem11,28635.0," these odds are better . Win 1000 with 50 percent chance ,  0 with 30 percent chance . Win 500 with 100 percent chance . I feel like  the 500 better would just be better because , uh , 50 - 50 is like ,  it is still pretty good , but like , I mean , I you would not lose anything , but I prefer with to go with , you know , the opportunity of actually .",80.0
34,69710,1.0,"[0.1,99.9]","[6000,0]","[0.2,99.8]","[3000,0]",problem8,21326.0,  thousand dollars lose 6000 with 0 . 1 percent chance lose zero with 99 point  chance so obviously the ,19.0
35,69710,1.0,"[45,55]","[-6000,0]","[90,10]","[-3000,0]",problem7p,38876.0," chance . I am going to lose .  percent chance .  percent chance . So it is definitely better to lose . Oh no . Oh , this one  s hard because the percentages are very close . It is almost a fifty - fifty and like six thousand dollars is a lot . It would put you into a lot more debt . I understand that then it is a nine percent chance that you are going to get like ... boy it is still pretty ... this percentage is still pretty high for that like ... it might be fifty - five percent chance that you will lose zero but there is a possibility that you could lose that six thousand . You could lose six thousand which is a lot of money . So I ",138.0
36,69710,1.0,"[25,75]","[-6000,0]","[25,25,50]","[-4000,-2000,0]",problem13p,36762.0,"  That one would be better . Okay , lose 6000 with 24 percent chance , lose 0 with 75 percent chance . Um lose 4000 with 25 percent chance , lose . Uh in general , just . Okay .  Okay , but see like 25 percent chance is like , it is pretty low and but like in the losing race ,  percent chance . But I think I would not want to take the 24 percent chance to risk it to lose 6000 when I could just lose either 4000 or 2000 , just .",97.0
37,69710,1.0,"[25,75]","[6000,0]","[25,25,50]","[4000,2000,0]",problem13,20673.0,"  That one would be better . Okay , lose 6000 with 24 percent chance , lose 0 with 75 percent chance . Um lose 4000 with 25 percent chance , lose . Uh in general , just . Okay .  Okay , but see like 25 percent chance is like , it is pretty low and but like in the losing race ,  percent chance . But I think I would not want to take the 24 percent chance to risk it to lose 6000 when I could just lose either 4000 or 2000 , just .",97.0
18,69713,1.0,"[25,75]","[1000,0]",[100],[240],practice_problem_a,50789.0,. Um I am probably most likely click the 240 dollars since you are winning it like 100 percent because if you win a 1000 dollars with 25 percent chance that is a lower chance and if you lose 0 dollars well then you are not gaining anything lose 0 dollars with 75 percent chance you are not gaining anything oh yeah and I would probably win 240 dollars with 100 percent .,73.0
19,69713,1.0,"[80,20]","[-500,0]",[100],[-400],practice_problem_b,50375.0," . Okay lose 500 dollars with 80 percent chance , lose 0 dollars with 20 percent chance and lose 400 dollars with 100 chance . Um So I might not click the 400 dollar one with 100 percent chance because then you definitely lose the 400 percent chance lose 500 dollars with 80 percent chance . This is a less percentage but you are losing more . If you lose 0 dollars with 20 percent chance lose 0 dollars . That is also kind of low because that means that you would probably lose more than I would probably pick the lose 400 dollar yeah .",106.0
21,69713,1.0,"[80,20]","[-4000,0]",[100],[-3000],problem3p,50059.0," So if you lose 4000 dollars with 80 percent chance , lose 0 dollars with 20 percent chance , lose 3000 dollars with 100 percent chance . So if I look at the first one , you would lose 4000 dollars with an 80 percent chance . The chance is lower than 100 percent chance , but in the 100 percent chance you are only losing 3000 dollars . So I feel like I would probably lose less if I would do the 100 percent chance . Lose 4000 dollars . Then if you lose 0 dollars , that is a 20 percent chance only , so that is a higher chance to lose money . Okay , so I am going to pick lose 3000 dollars with 100 percent chance .",132.0
22,69713,0.0,"[25,75]","[-6000,0]","[25,25,50]","[-4000,-2000,0]",problem13p,53249.0," lose 6000 dollars with 25 percent chance , lose 0 dollars with 75 percent chance . This one says lose 4000 dollars with 25 percent chance and lose 2000 dollars with 25 percent chance . I would honestly pick the , let us see here , if you lose 0 dollars with 75 percent chance , it is more , it is a higher chance of losing nothing than the one on the right . So , 4 5 6 , I probably do the left one because they are both 25 percent chance . Yeah , those together , 6000 dollars , lose 0 dollars with , yeah .",110.0
23,69713,1.0,"[0.1,99.9]","[6000,0]","[0.2,99.8]","[3000,0]",problem8,40780.0," lose 6000 dollars with 0 . 1 chance , lose 0 dollars 99 . 9 chance , 3000 dollars , 0 dollars 99 . 8 percent chance . Okay , so I feel like if you lose 3000 dollars with 0 . 2 percent chance and then you lose nothing , you will kind of , you will not gain or lose anything . But if you lose 6000 dollars with 0 . 1 percent chance , you would also lose with 0 dollars 99 . 9 percent chance . .",91.0
24,69713,0.0,"[0.1,99.9]","[-5000,0]",[100],[-5],problem14p,50082.0, lose 5000 dollars with 0 . 1 percent chance lose 0 dollars with 99 . 9 percent chance lose 5 dollars with 100 percent chance okay so the chances is that is like you lose 99 percent chance you will not lose anything but you also lose you lose 5000 with 0 . 1 percent chance lose 5 dollars with 100 percent chance so that is you lose it all . I probably go off the left one because it is 0 . 1 percent chance that you will lose 5000 dollars and then you will lose 0 dollars with the 99 . 9 percent chance yeah ,107.0
25,69713,0.0,"[45,55]","[6000,0]","[90,10]","[3000,0]",problem7,38264.0," lose 6000 dollars with 35 percent chance , lose 0 dollars with 55 percent chance , lose 3000 dollars with 90 percent chance , and lose 0 dollars with 10 percent chance . So I will try not to lose anything and the one on the right is 10 percent chance so left .",54.0
26,69713,1.0,"[80,20]","[4000,0]",[100],[3000],problem3,26586.0," So if you lose 4000 dollars with 80 percent chance , lose 0 dollars with 20 percent chance , lose 3000 dollars with 100 percent chance . So if I look at the first one , you would lose 4000 dollars with an 80 percent chance . The chance is lower than 100 percent chance , but in the 100 percent chance you are only losing 3000 dollars . So I feel like I would probably lose less if I would do the 100 percent chance . Lose 4000 dollars . Then if you lose 0 dollars , that is a 20 percent chance only , so that is a higher chance to lose money . Okay , so I am going to pick lose 3000 dollars with 100 percent chance .",132.0
27,69713,1.0,"[20,80]","[4000,0]","[25,75]","[3000,0]",problem4,44555.0," Lose 4000 dollars with 20 percent chance , lose 0 dollars with 80 percent chance , lose 2000 dollars with 24 percent chance , lose 0 dollars with 75 percent chance . Um I would rather be more safe with the chance of 80 percent losing 0 dollars because I would rather not lose than , yeah I would rather not lose money .",64.0
28,69713,0.0,"[0.1,99.9]","[-6000,0]","[0.2,99.8]","[-3000,0]",problem8p,43825.0," lose 6000 dollars with 0 . 1 chance , lose 0 dollars 99 . 9 chance , 3000 dollars , 0 dollars 99 . 8 percent chance . Okay , so I feel like if you lose 3000 dollars with 0 . 2 percent chance and then you lose nothing , you will kind of , you will not gain or lose anything . But if you lose 6000 dollars with 0 . 1 percent chance , you would also lose with 0 dollars 99 . 9 percent chance . .",91.0
29,69713,0.0,"[25,75]","[6000,0]","[25,25,50]","[4000,2000,0]",problem13,52418.0," lose 6000 dollars with 25 percent chance , lose 0 dollars with 75 percent chance . This one says lose 4000 dollars with 25 percent chance and lose 2000 dollars with 25 percent chance . I would honestly pick the , let us see here , if you lose 0 dollars with 75 percent chance , it is more , it is a higher chance of losing nothing than the one on the right . So , 4 5 6 , I probably do the left one because they are both 25 percent chance . Yeah , those together , 6000 dollars , lose 0 dollars with , yeah .",110.0
30,69713,1.0,"[50,50]","[1000,0]",[100],[500],problem11,19625.0," When $ 1000 with 50 % chance , lose your dollars with 50 % chance . When $ 500 with 100 % chance . So I would rather be safe than sorry . So I would win if I was ... Let us see if I lose .",48.0
31,69713,0.0,"[33,67]","[2500,0]","[34,66]","[2400,0]",problem2,36495.0," Win 2005 dollars with 33 percent chance , lose 0 dollars with 67 percent chance . When 2400 dollars with 34 percent chance , lose 0 dollars with 66 percent chance . So the one on the right is a percentage higher than the left , but losing 0 dollars is lower 1 percent than the left one . Um I would probably try not to lose .",68.0
32,69713,0.0,"[45,55]","[-6000,0]","[90,10]","[-3000,0]",problem7p,21866.0," lose 6000 dollars with 35 percent chance , lose 0 dollars with 55 percent chance , lose 3000 dollars with 90 percent chance , and lose 0 dollars with 10 percent chance . So I will try not to lose anything and the one on the right is 10 percent chance so left .",54.0
33,69713,0.0,"[20,80]","[-4000,0]","[25,75]","[-3000,0]",problem4p,30257.0," Lose 4000 dollars with 20 percent chance , lose 0 dollars with 80 percent chance , lose 2000 dollars with 24 percent chance , lose 0 dollars with 75 percent chance . Um I would rather be more safe with the chance of 80 percent losing 0 dollars because I would rather not lose than , yeah I would rather not lose money .",64.0
34,69713,0.0,"[50,50]","[-1000,0]",[100],[-500],problem12,31944.0," lose a thousand dollars with a 50 % percent chance , lose zero dollars with the 50 % chance , but you lose 500 dollars with a 100 % chance . So if it is a 50 - 50 , on the left one , um , but the right one is like you lose it 100 % chance . I will probably do this .",66.0
35,69713,1.0,"[50,50]","[1000,0]",[100],[450],problem0,10490.0," 50 - 50 one win 1000 dollars with 50 percent chance , lose 0 dollars with I would probably win the 450 dollar one .",25.0
36,69713,1.0,"[0.1,99.9]","[5000,0]",[100],[5],problem14,23216.0, lose 5000 dollars with 0 . 1 percent chance lose 0 dollars with 99 . 9 percent chance lose 5 dollars with 100 percent chance okay so the chances is that is like you lose 99 percent chance you will not lose anything but you also lose you lose 5000 with 0 . 1 percent chance lose 5 dollars with 100 percent chance so that is you lose it all . I probably go off the left one because it is 0 . 1 percent chance that you will lose 5000 dollars and then you will lose 0 dollars with the 99 . 9 percent chance yeah ,107.0
37,69713,1.0,"[33,66,1]","[2500,2400,0]",[100],[2400],problem1,19810.0," When $ 1000 with 50 % chance , lose your dollars with 50 % chance . When $ 500 with 100 % chance . So I would rather be safe than sorry . So I would win if I was ... Let us see if I lose .",48.0
18,69730,1.0,"[25,75]","[1000,0]",[100],[240],practice_problem_a,21094.0,Uh  win 1000 25 percent chance 0 with 75 percent chance 240 with 100 percent chance . Obviously I I do not like to gamble . I like money and I like money for sure . So I am going to take the 240 with 100 percent .,48.0
19,69730,0.0,"[80,20]","[-500,0]",[100],[-400],practice_problem_b,20610.0,Uh lose 500 with 80 percent lose 0 with 20 percent lose 400 with 100 percent chance . Oh dear I do not like to lose money I am going to build savings um in the case of  I would try and take the  higher odds still,47.0
21,69730,0.0,"[80,20]","[-4000,0]",[100],[-3000],problem3p,15259.0,Uh lose 4000 with 80 percent 0 with 20 percent 3000 with 100 percent Oh no I do not like to lose money I am going to try and take a chance that I will not lose money because I do not,42.0
22,69730,1.0,"[0.1,99.9]","[6000,0]","[0.2,99.8]","[3000,0]",problem8,18955.0," Uh Lose 6 , no ! With a 0 . 1 chance , 0 99 , do not like that . I will take the higher odds . Wait , hold on . Wait . Wait . I do not think I read this correctly . Lose 6000  do not look at me like that . Lose 6000 with 0 . 1 chance , lose 0 with 99 . 9 chance . I do not want to lose money , so I will take the higher odds that I will not lose money .",94.0
23,69730,1.0,"[45,55]","[6000,0]","[90,10]","[3000,0]",problem7,11270.0," Okay . Um , lose 6000 45 , uh , lose 0 55 . I am going to take the chance that I will not lose money . Wait , wait , I did not read that right . I do not want to lose money , so I will take the higher chance that I will lose 0 . Want to ",62.0
24,69730,1.0,"[33,67]","[2500,0]","[34,66]","[2400,0]",problem2,19992.0," Um win 2500 with 33 , lose 0 with 67 , win 25 34 , lose 0 66 . I wonder if this is actually going to change later on . Am I going to be losing money am I going to be gambling that much ? Uh uh yes ",50.0
25,69730,1.0,"[50,50]","[1000,0]",[100],[450],problem0,9440.0," win 1000 uh 50 , I am going to take 100 percent chance , because I do not care that much .",22.0
26,69730,1.0,"[50,50]","[1000,0]",[100],[500],problem11,5454.0," Uh win 1000 , win 500 , I will take the 500 ",12.0
27,69730,0.0,"[0.1,99.9]","[-6000,0]","[0.2,99.8]","[-3000,0]",problem8p,31483.0," Uh Lose 6 , no ! With a 0 . 1 chance , 0 99 , do not like that . I will take the higher odds . Wait , hold on . Wait . Wait . I do not think I read this correctly . Lose 6000  do not look at me like that . Lose 6000 with 0 . 1 chance , lose 0 with 99 . 9 chance . I do not want to lose money , so I will take the higher odds that I will not lose money .",94.0
28,69730,1.0,"[33,66,1]","[2500,2400,0]",[100],[2400],problem1,16854.0," Uh win 1000 , win 500 , I will take the 500 ",12.0
29,69730,1.0,"[25,75]","[6000,0]","[25,25,50]","[4000,2000,0]",problem13,25280.0," Lose 6000 25 . My nail  s stupid . Uh Lose 6000 25 . Lose 0 with 75 . Lose ... I am not going to do that one , because I would rather take the chance to lose nothing . That is fine ",44.0
30,69730,0.0,"[0.1,99.9]","[5000,0]",[100],[5],problem14,16271.0, Um lose 5000 gross . Um Lose 5 bucks . It is 5 bucks . I will take the chance versus 5000 .,23.0
31,69730,0.0,"[45,55]","[-6000,0]","[90,10]","[-3000,0]",problem7p,20544.0," Okay . Um , lose 6000 45 , uh , lose 0 55 . I am going to take the chance that I will not lose money . Wait , wait , I did not read that right . I do not want to lose money , so I will take the higher chance that I will lose 0 . Want to ",62.0
32,69730,1.0,"[80,20]","[4000,0]",[100],[3000],problem3,8745.0,Uh lose 4000 with 80 percent 0 with 20 percent 3000 with 100 percent Oh no I do not like to lose money I am going to try and take a chance that I will not lose money because I do not,42.0
33,69730,1.0,"[0.1,99.9]","[-5000,0]",[100],[-5],problem14p,23148.0, Um lose 5000 gross . Um Lose 5 bucks . It is 5 bucks . I will take the chance versus 5000 .,23.0
34,69730,1.0,"[20,80]","[4000,0]","[25,75]","[3000,0]",problem4,17749.0," My eyes are dry . Lose 4000 with 20 percent lose 0 with 80 , lose 3000 with 25 percent chance , lose 0 with 75 percent chance . Well take a higher chance that I lose nothing . I do not care ",43.0
35,69730,0.0,"[25,75]","[-6000,0]","[25,25,50]","[-4000,-2000,0]",problem13p,15420.0," Lose 6000 25 . My nail  s stupid . Uh Lose 6000 25 . Lose 0 with 75 . Lose ... I am not going to do that one , because I would rather take the chance to lose nothing . That is fine ",44.0
36,69730,0.0,"[20,80]","[-4000,0]","[25,75]","[-3000,0]",problem4p,20328.0," My eyes are dry . Lose 4000 with 20 percent lose 0 with 80 , lose 3000 with 25 percent chance , lose 0 with 75 percent chance . Well take a higher chance that I lose nothing . I do not care ",43.0
37,69730,0.0,"[50,50]","[-1000,0]",[100],[-500],problem12,15087.0,Uh lose 1000 . I am drinking water . lose 1000 50 percent chance . lose 0 with 50 percent chance . Uh lose 500 No I will take the chance that I will not lose anything,37.0
18,69741,0.0,"[25,75]","[1000,0]",[100],[240],practice_problem_a,32424.0, thousand dollars um thousand dollars is a lot of money but 25 percent chance is very small but also you have got nothing to lose so that is better  you automatically get 240 dollars with the second one though so that is better . I think the first choice is better ,51.0
19,69741,0.0,"[80,20]","[-500,0]",[100],[-400],practice_problem_b,37247.0,  um definite ooo woo I think the first one sounds a little better because you at least have a chance that you are not losing any money you just lose 400 dollars with the second one so that is not great so I am going to go with the first one . The 20 percent .,56.0
21,69741,1.0,"[20,80]","[4000,0]","[25,75]","[3000,0]",problem4,43004.0,"  80 percent chance . 20 percent chance  I think the first one . The first one , the difference is not , or actually the  difference could be considered a lot ,  5 percent , that is not 5 percent . 80 percent chance . I think for the difference it would probably be better to do the second one because it is only a five percent chance less that you are going to lose money , and it is , if you do lose it is like a 1000 dollars less which is , I guess it could be considered more so I will go with that one .",110.0
22,69741,0.0,"[80,20]","[-4000,0]",[100],[-3000],problem3p,28960.0," 4000  definitely , I mean , you just automatically lose money with the second one . I just do not , it is better to have a chance to lose money even if you are going to like lose more money . At least you might also not lose  money .",51.0
23,69741,0.0,"[50,50]","[-1000,0]",[100],[-500],problem12,41575.0, Thousand dollar chance lose 500 dollars . The percentages of losing money in the first one is a lot less than the hundred  but also 50 ... 500 is still half of one thousand so maybe it is kind of same um I think the first one is better because you are still it is a 50 - 50 shot so losing you have just as much chance to lose 0 than 1000 so .,75.0
24,69741,1.0,"[80,20]","[4000,0]",[100],[3000],problem3,32094.0," 4000  definitely , I mean , you just automatically lose money with the second one . I just do not , it is better to have a chance to lose money even if you are going to like lose more money . At least you might also not lose  money .",51.0
25,69741,0.0,"[33,67]","[2500,0]","[34,66]","[2400,0]",problem2,37322.0,"  Ooo ... That is , hard , they are practically the same thing , it is just a one percent chance difference . I think one percent is not very much , and at least with the first one you would win , a tiny bit more with basically the same odds .",53.0
26,69741,1.0,"[33,66,1]","[2500,2400,0]",[100],[2400],problem1,37460.0, with a 50 percent chance  500 is still a significant amount of money I mean I would rather walk away with 500 dollars than 0 you just have to chance it more because then you are just getting guaranteed it is not like a miniscule amount or anything so I am going to go with that ,56.0
27,69741,1.0,"[25,75]","[-6000,0]","[25,25,50]","[-4000,-2000,0]",problem13p,58863.0," Lose 6000 dollars  0 dollars  chance . That is a difficult one . If you did lose money you lose less , even if you had less of a chance to lose money . I mean 2000 dollars , that is a bit of money . That is hard . Losing 0 dollars  75 percent  25 thousand . I think the second one . Because you still have a chance not to lose anything . Ooo , maybe , I am going to go with it . ",87.0
28,69741,0.0,"[50,50]","[1000,0]",[100],[450],problem0,35547.0," Win 1000 dollars lose 0 dollars win  I like the first one  a thousand dollars go a lot more than 450 and you still have - you have nothing to lose either I mean , yeah it would not be great not to walk away with money but it is a lot more and if it is a smaller percentage so I will go with that one .",68.0
29,69741,1.0,"[20,80]","[-4000,0]","[25,75]","[-3000,0]",problem4p,63905.0,"  80 percent chance . 20 percent chance  I think the first one . The first one , the difference is not , or actually the  difference could be considered a lot ,  5 percent , that is not 5 percent . 80 percent chance . I think for the difference it would probably be better to do the second one because it is only a five percent chance less that you are going to lose money , and it is , if you do lose it is like a 1000 dollars less which is , I guess it could be considered more so I will go with that one .",110.0
30,69741,0.0,"[45,55]","[-6000,0]","[90,10]","[-3000,0]",problem7p,45565.0,"  That is a hard one . I mean you are guaranteed almost practically to lose money on the first one , on the second one sorry not the first one . Because  percent chance , and then , it is not a guarantee but then you do have less chance of losing money on the second one but it is also more of a gamble . It is more money but , you have got less likely of a chance to lose that money so I am going to go with the first one .",95.0
31,69741,0.0,"[0.1,99.9]","[5000,0]",[100],[5],problem14,30285.0," That is ... I am going to say lose 5 dollars with a hundred percent chance yeah . Yeah , no because ninety  5000 a lot even for that little of something . I mean 5 dollars is 5 dollars it is not going to do anything . I would rather just automatically lose 5 dollars than have a chance of losing 5000 , that is not great . ",69.0
32,69741,0.0,"[0.1,99.9]","[6000,0]","[0.2,99.8]","[3000,0]",problem8,27618.0,. Going To go with lose lose 3000 so much better than losing 6000 I mean  it is such a small percentage and it is half the money I would rather I mean yeah it is a tiny percent more that you could lose your money but at least it is half as much that is worth it to me .,61.0
33,69741,1.0,"[50,50]","[1000,0]",[100],[500],problem11,29649.0, with a 50 percent chance  500 is still a significant amount of money I mean I would rather walk away with 500 dollars than 0 you just have to chance it more because then you are just getting guaranteed it is not like a miniscule amount or anything so I am going to go with that ,56.0
34,69741,1.0,"[0.1,99.9]","[-5000,0]",[100],[-5],problem14p,36643.0," That is ... I am going to say lose 5 dollars with a hundred percent chance yeah . Yeah , no because ninety  5000 a lot even for that little of something . I mean 5 dollars is 5 dollars it is not going to do anything . I would rather just automatically lose 5 dollars than have a chance of losing 5000 , that is not great . ",69.0
35,69741,1.0,"[25,75]","[6000,0]","[25,25,50]","[4000,2000,0]",problem13,42030.0," Lose 6000 dollars  0 dollars  chance . That is a difficult one . If you did lose money you lose less , even if you had less of a chance to lose money . I mean 2000 dollars , that is a bit of money . That is hard . Losing 0 dollars  75 percent  25 thousand . I think the second one . Because you still have a chance not to lose anything . Ooo , maybe , I am going to go with it . ",87.0
36,69741,1.0,"[45,55]","[6000,0]","[90,10]","[3000,0]",problem7,34055.0,"  That is a hard one . I mean you are guaranteed almost practically to lose money on the first one , on the second one sorry not the first one . Because  percent chance , and then , it is not a guarantee but then you do have less chance of losing money on the second one but it is also more of a gamble . It is more money but , you have got less likely of a chance to lose that money so I am going to go with the first one .",95.0
37,69741,1.0,"[0.1,99.9]","[-6000,0]","[0.2,99.8]","[-3000,0]",problem8p,37717.0,. Going To go with lose lose 3000 so much better than losing 6000 I mean  it is such a small percentage and it is half the money I would rather I mean yeah it is a tiny percent more that you could lose your money but at least it is half as much that is worth it to me .,61.0
18,69761,1.0,"[25,75]","[1000,0]",[100],[240],practice_problem_a,4620.0," Okay , uh I would rather ",6.0
19,69761,0.0,"[80,20]","[-500,0]",[100],[-400],practice_problem_b,16371.0," 243 dollars , uh on the plus side you have a good chance of losing no money , 400 500 worth the 20 percent chance",25.0
21,69761,1.0,"[50,50]","[1000,0]",[100],[500],problem11,2774.0, ,0.0
22,69761,1.0,"[80,20]","[4000,0]",[100],[3000],problem3,3645.0, money . Lose 4 ... We have a chance to lose .,12.0
23,69761,0.0,"[0.1,99.9]","[6000,0]","[0.2,99.8]","[3000,0]",problem8,10227.0,"  0 . 1 , 0 . 1 and 0 . 2 are the same thing .",16.0
24,69761,0.0,"[33,67]","[2500,0]","[34,66]","[2400,0]",problem2,6623.0,Why not ? 1 percent is still not a chance .,11.0
25,69761,0.0,"[20,80]","[-4000,0]","[25,75]","[-3000,0]",problem4p,7969.0," Um , might as well go with  money .",9.0
26,69761,1.0,"[45,55]","[6000,0]","[90,10]","[3000,0]",problem7,2775.0,Just this 500  s better . This one .,9.0
27,69761,0.0,"[0.1,99.9]","[-6000,0]","[0.2,99.8]","[-3000,0]",problem8p,9701.0,"  0 . 1 , 0 . 1 and 0 . 2 are the same thing .",16.0
28,69761,0.0,"[25,75]","[-6000,0]","[25,25,50]","[-4000,-2000,0]",problem13p,7553.0, uhh 25 percent .,4.0
29,69761,1.0,"[0.1,99.9]","[5000,0]",[100],[5],problem14,9566.0,"  some money , 100 percent chance ",6.0
30,69761,1.0,"[20,80]","[4000,0]","[25,75]","[3000,0]",problem4,8195.0," Um , might as well go with  money .",9.0
31,69761,1.0,"[25,75]","[6000,0]","[25,25,50]","[4000,2000,0]",problem13,5249.0, uhh 25 percent .,4.0
32,69761,1.0,"[50,50]","[-1000,0]",[100],[-500],problem12,5020.0,,0.0
33,69761,1.0,"[45,55]","[-6000,0]","[90,10]","[-3000,0]",problem7p,6205.0,Just this 500  s better . This one .,9.0
34,69761,1.0,"[33,66,1]","[2500,2400,0]",[100],[2400],problem1,9996.0, ,0.0
35,69761,1.0,"[50,50]","[1000,0]",[100],[450],problem0,2214.0, some money . ,3.0
36,69761,1.0,"[0.1,99.9]","[-5000,0]",[100],[-5],problem14p,2660.0,"  some money , 100 percent chance ",6.0
37,69761,0.0,"[80,20]","[-4000,0]",[100],[-3000],problem3p,6430.0, money . Lose 4 ... We have a chance to lose .,12.0
18,69765,1.0,"[25,75]","[1000,0]",[100],[240],practice_problem_a,16832.0,Please try to  . Win 1000 or win 240 . 240 is better because it is 100 ,17.0
19,69765,1.0,"[80,20]","[-500,0]",[100],[-400],practice_problem_b,11281.0, chance . 400 dollars . Lose 500 dollars with an 80 percent chance . You have a bigger chance of losing so go .,24.0
21,69765,1.0,"[0.1,99.9]","[6000,0]","[0.2,99.8]","[3000,0]",problem8,30769.0, Lose 6000 with ,3.0
22,69765,1.0,"[20,80]","[4000,0]","[25,75]","[3000,0]",problem4,14502.0,  Lose 4000 with 20 percent and lose 3000 with 25 percent lose 0 dollars .  This is lower so four .,21.0
23,69765,1.0,"[45,55]","[6000,0]","[90,10]","[3000,0]",problem7,1378.0," This one , lose 6000 dollars with 45 percent chance . Lose 3000 with a 90 percent chance . ",19.0
24,69765,0.0,"[50,50]","[-1000,0]",[100],[-500],problem12,10347.0," Lose 1000 with 50 percent . Okay , well we want to chance it , so we would want to do .",22.0
25,69765,1.0,"[25,75]","[-6000,0]","[25,25,50]","[-4000,-2000,0]",problem13p,20594.0," Lose 60000 with  with 25 percent chance , lose 0 dollars with a 75 percent chance , lose 4000 with a 25 percent chance ,  with the 25 percent chance or lose 0 dollars with the 50 ? ",38.0
26,69765,1.0,"[33,66,1]","[2500,2400,0]",[100],[2400],problem1,11359.0," Oh wait , win 1000 with a 50 percent chance or win 500 with 100 percent chance , I am a go with .",24.0
27,69765,1.0,"[25,75]","[6000,0]","[25,25,50]","[4000,2000,0]",problem13,20830.0," Lose 60000 with  with 25 percent chance , lose 0 dollars with a 75 percent chance , lose 4000 with a 25 percent chance ,  with the 25 percent chance or lose 0 dollars with the 50 ? ",38.0
28,69765,1.0,"[50,50]","[1000,0]",[100],[450],problem0,18238.0," win a thousand , win a thousand with a 50 percent chance or win  .",15.0
29,69765,0.0,"[0.1,99.9]","[-5000,0]",[100],[-5],problem14p,8630.0," this . Lose 5000 ... the , okay that is real close",12.0
30,69765,1.0,"[33,67]","[2500,0]","[34,66]","[2400,0]",problem2,18088.0," this one , win  2500 with 33 percent chance , win 2400 with 34 percent chance ...",17.0
31,69765,1.0,"[80,20]","[4000,0]",[100],[3000],problem3,18240.0,,0.0
32,69765,0.0,"[80,20]","[-4000,0]",[100],[-3000],problem3p,2643.0,,0.0
33,69765,0.0,"[45,55]","[-6000,0]","[90,10]","[-3000,0]",problem7p,14145.0," This one , lose 6000 dollars with 45 percent chance . Lose 3000 with a 90 percent chance . ",19.0
34,69765,0.0,"[20,80]","[-4000,0]","[25,75]","[-3000,0]",problem4p,18669.0,  Lose 4000 with 20 percent and lose 3000 with 25 percent lose 0 dollars .  This is lower so four .,21.0
35,69765,0.0,"[50,50]","[1000,0]",[100],[500],problem11,11826.0," Oh wait , win 1000 with a 50 percent chance or win 500 with 100 percent chance , I am a go with .",24.0
36,69765,0.0,"[0.1,99.9]","[-6000,0]","[0.2,99.8]","[-3000,0]",problem8p,6321.0, Lose 6000 with ,3.0
37,69765,1.0,"[0.1,99.9]","[5000,0]",[100],[5],problem14,14852.0," this . Lose 5000 ... the , okay that is real close",12.0
18,69768,1.0,"[25,75]","[1000,0]",[100],[240],practice_problem_a,38817.0," Okay , so win 1000 dollars with a 25 percent chance , lose 0 dollars with a 75 percent chance . Win 240 with a 100 percent chance . So it says , please try to speak your thoughts aloud when you reach a decision register your choice by clicking or tapping the option you prefer . Well , I think I would go for 240 because I just want the money . I mean I would rather just have a 100 percent chance of at least getting some money than not getting any money at all .",98.0
19,69768,0.0,"[80,20]","[-500,0]",[100],[-400],practice_problem_b,13509.0," Um , lose 500 dollars with an 80 percent chance , 0 dollars with a 20 percent chance . Well , obviously I do not want to lose , so ...",31.0
21,69768,1.0,"[50,50]","[1000,0]",[100],[450],problem0,17359.0," Win 1000 dollars with a 50 percent chance . Lose 0 dollars with a 50 percent chance . Or win 450 with a 100 percent chance . I think I would just want the guaranteed 450 . I just need money . You know , anyone needs money .",49.0
22,69768,0.0,"[45,55]","[-6000,0]","[90,10]","[-3000,0]",problem7p,14105.0, Lose 6000 with a 45 percent chance . Lose 0 with 55 percent chance . Lose 3000 with 90 percent chance . Id rather lose 60000 with a 45 percent chance .,32.0
23,69768,1.0,"[0.1,99.9]","[6000,0]","[0.2,99.8]","[3000,0]",problem8,15925.0,  I will go with the higher trends . Lose 6000 with . I would rather lose 3000 dollars . So .,21.0
24,69768,0.0,"[50,50]","[-1000,0]",[100],[-500],problem12,15402.0," Lose 1000 dollars with a 50 percent chance . Lose 0 dollars with a 30 percent chance . I will take my chances and do the 50 - 50 , at least I have a chance to know .",39.0
25,69768,1.0,"[20,80]","[4000,0]","[25,75]","[3000,0]",problem4,14562.0, Oh well . Lose 4000 with a 20 percent chance . Lose 0 dollars with an 80 percent chance . Lose 3000 with 25 percent chance . The higher the chance that I can lose none um .,38.0
26,69768,1.0,"[45,55]","[6000,0]","[90,10]","[3000,0]",problem7,14075.0, Lose 6000 with a 45 percent chance . Lose 0 with 55 percent chance . Lose 3000 with 90 percent chance . Id rather lose 60000 with a 45 percent chance .,32.0
27,69768,1.0,"[0.1,99.9]","[5000,0]",[100],[5],problem14,7504.0, Percent chance . Lose 5000 with a . I will just give my 5 bucks away .,17.0
28,69768,0.0,"[50,50]","[1000,0]",[100],[500],problem11,12782.0, 5 dollars . Win a thousand with 50 percent chance lose . For some reason I just feel like doing the 50 / 50 this time I do not know .,31.0
29,69768,1.0,"[33,67]","[2500,0]","[34,66]","[2400,0]",problem2,9063.0,Um win . We will see if there is a higher chance .,13.0
30,69768,1.0,"[0.1,99.9]","[-6000,0]","[0.2,99.8]","[-3000,0]",problem8p,10205.0,  I will go with the higher trends . Lose 6000 with . I would rather lose 3000 dollars . So .,21.0
31,69768,0.0,"[25,75]","[-6000,0]","[25,25,50]","[-4000,-2000,0]",problem13p,12031.0,Lose 6000 with a  Um I think the 75 .,10.0
32,69768,1.0,"[0.1,99.9]","[-5000,0]",[100],[-5],problem14p,6844.0, Percent chance . Lose 5000 with a . I will just give my 5 bucks away .,17.0
33,69768,0.0,"[20,80]","[-4000,0]","[25,75]","[-3000,0]",problem4p,14013.0, Oh well . Lose 4000 with a 20 percent chance . Lose 0 dollars with an 80 percent chance . Lose 3000 with 25 percent chance . The higher the chance that I can lose none um .,38.0
34,69768,0.0,"[80,20]","[-4000,0]",[100],[-3000],problem3p,14326.0," I will be good with . Lose 40000 with 80000 , win 80000 , 80 percent chance , lose 0 dollars with 20 percent chance . Well , I rather at least have a 20 percent chance .",38.0
35,69768,1.0,"[33,66,1]","[2500,2400,0]",[100],[2400],problem1,11226.0, 5 dollars . Win a thousand with 50 percent chance lose . For some reason I just feel like doing the 50 / 50 this time I do not know .,31.0
36,69768,1.0,"[80,20]","[4000,0]",[100],[3000],problem3,16065.0," I will be good with . Lose 40000 with 80000 , win 80000 , 80 percent chance , lose 0 dollars with 20 percent chance . Well , I rather at least have a 20 percent chance .",38.0
37,69768,1.0,"[25,75]","[6000,0]","[25,25,50]","[4000,2000,0]",problem13,18069.0,Lose 6000 with a  Um I think the 75 .,10.0
18,69771,0.0,"[25,75]","[1000,0]",[100],[240],practice_problem_a,30166.0," Alright , let us see . Thinking aloud . Uh win 1000 dollars with a 25 chance , 25 percent chance . Lose 0 dollars with a 75 percent chance . Win 240 , 100 percent chance . Uh 240 is compared to 1000 not that much . However ... Uhh like , you know , do I really want like for sure 240 dollars , or , you know , 3 out of 4 times , I might lose 1000 . Ummm , I am going to go with 1000 because that happens to be 3 months of rent for me so .",104.0
19,69771,0.0,"[80,20]","[-500,0]",[100],[-400],practice_problem_b,28348.0,"All right lose 500 with an 80 percent chance . Lose 400 , 100 percent chance . What ? I guess I will take like the 20 percent chance that I lose zero dollars , might as well .",39.0
21,69771,1.0,"[50,50]","[1000,0]",[100],[500],problem11,21677.0," Alright , I like the winning questions better . They make me feel better . Win 1000 dollars , 5000 , 500 I mean , that would be nice . Um , let us see here , I think 500 , that is a good chunk . Um , I am going to go with that again , kind of low balling it .",64.0
22,69771,1.0,"[33,66,1]","[2500,2400,0]",[100],[2400],problem1,35472.0," Alright , I like the winning questions better . They make me feel better . Win 1000 dollars , 5000 , 500 I mean , that would be nice . Um , let us see here , I think 500 , that is a good chunk . Um , I am going to go with that again , kind of low balling it .",64.0
23,69771,1.0,"[80,20]","[4000,0]",[100],[3000],problem3,26339.0," Okay , okay so , there is a good chance that I would just , I would lose 4000 but is it worth 1000 dollars to me to take that chance that I would not ? I think it is .",41.0
24,69771,1.0,"[20,80]","[-4000,0]","[25,75]","[-3000,0]",problem4p,44183.0," Um , lose 4000 or lose 3000 . Lose 3000 . 45 percent chance . 4000 .  percent chance . Um , jeez . Guess I will go with this one just because like , a thousand is a lot . I feel like I am probably contradicting myself quite a lot , but , you know .",58.0
25,69771,1.0,"[45,55]","[6000,0]","[90,10]","[3000,0]",problem7,16314.0," Um , lose 3000 90 percent chance ? lose 6000 45 percent chance ? Um , I do not like the odds on that 3000 and odds are more than half for the 6000 . What is my money at right now ? Huh . I want to like calculate the odds .",53.0
26,69771,0.0,"[45,55]","[-6000,0]","[90,10]","[-3000,0]",problem7p,28651.0," Um , lose 3000 90 percent chance ? lose 6000 45 percent chance ? Um , I do not like the odds on that 3000 and odds are more than half for the 6000 . What is my money at right now ? Huh . I want to like calculate the odds .",53.0
27,69771,0.0,"[25,75]","[6000,0]","[25,25,50]","[4000,2000,0]",problem13,35499.0," Right , lose 6000 25 percent chance . Lose 0 dollars , 70 percent chance . Lose 4000 25 percent chance . Lose 2000  5 percent chance . Lose 0 . Ooh . Um . Ooh . Interesting . I see what is happening here . You are like dividing it up . Um . Hmm . I think I am still going to go with the , this one . The lose 4000 or 2000 . Because ... neither of those are 6000 ?  Ooh . I do not know . Okay .",94.0
28,69771,0.0,"[20,80]","[4000,0]","[25,75]","[3000,0]",problem4,28315.0," Um , lose 4000 or lose 3000 . Lose 3000 . 45 percent chance . 4000 .  percent chance . Um , jeez . Guess I will go with this one just because like , a thousand is a lot . I feel like I am probably contradicting myself quite a lot , but , you know .",58.0
29,69771,1.0,"[0.1,99.9]","[-5000,0]",[100],[-5],problem14p,19345.0," Uh , lose 5 dollars , 100 percent . Well , what are the ? Well the odds obviously are right in front of me , but ... Okay , that is my insurance . Losing 5 dollars is my insurance that I am not losing 5000 . I do not even have 5000 dollars .",56.0
30,69771,0.0,"[50,50]","[1000,0]",[100],[450],problem0,26607.0," Umm , okay , so I know that I probably picked 500 last time . Or maybe I did not . I think I am going to go with 1000 .",31.0
31,69771,0.0,"[33,67]","[2500,0]","[34,66]","[2400,0]",problem2,13537.0," This is where me not being like super number oriented comes in , potentially . Um .  The difference is so small . We are going eyeball ...",28.0
32,69771,1.0,"[25,75]","[-6000,0]","[25,25,50]","[-4000,-2000,0]",problem13p,41901.0," Right , lose 6000 25 percent chance . Lose 0 dollars , 70 percent chance . Lose 4000 25 percent chance . Lose 2000  5 percent chance . Lose 0 . Ooh . Um . Ooh . Interesting . I see what is happening here . You are like dividing it up . Um . Hmm . I think I am still going to go with the , this one . The lose 4000 or 2000 . Because ... neither of those are 6000 ?  Ooh . I do not know . Okay .",94.0
33,69771,0.0,"[50,50]","[-1000,0]",[100],[-500],problem12,33352.0," Lose 1000 , 50 percent ... Lose 500 ... Ummm ... Ooh . I just feel like it .",19.0
34,69771,1.0,"[0.1,99.9]","[-6000,0]","[0.2,99.8]","[-3000,0]",problem8p,21236.0," Alright , lose 6000 . Oooh . Yeah , this one obviously just because like , I am saying obviously a lot . It is probably annoying to whoever  s listening to this . Um . It is not that much more of a chance . So , but it is way more money . 6000 versus 3000 .",59.0
35,69771,0.0,"[0.1,99.9]","[5000,0]",[100],[5],problem14,19813.0," Uh , lose 5 dollars , 100 percent . Well , what are the ? Well the odds obviously are right in front of me , but ... Okay , that is my insurance . Losing 5 dollars is my insurance that I am not losing 5000 . I do not even have 5000 dollars .",56.0
36,69771,0.0,"[0.1,99.9]","[6000,0]","[0.2,99.8]","[3000,0]",problem8,12305.0," Alright , lose 6000 . Oooh . Yeah , this one obviously just because like , I am saying obviously a lot . It is probably annoying to whoever  s listening to this . Um . It is not that much more of a chance . So , but it is way more money . 6000 versus 3000 .",59.0
37,69771,0.0,"[80,20]","[-4000,0]",[100],[-3000],problem3p,23534.0," Okay , okay so , there is a good chance that I would just , I would lose 4000 but is it worth 1000 dollars to me to take that chance that I would not ? I think it is .",41.0
18,69783,1.0,"[25,75]","[1000,0]",[100],[240],practice_problem_a,34016.0," Um , win 100000 dollars with 25 percent chance , lose 0 dollars with 75 percent chance , win 240 dollars with 100 percent chance . Um , just for the sake of money , and I would rather have some loose change in my pocket , I am going to go with win 240 dollars with 100 percent chance , just because I only have a 1 / 4ths of a chance of winning 1000 dollars , and then after that I have like 3 / 4ths of a chance of losing all my money . So I would go with the 240 dollars for 100 percent chance .",110.0
19,69783,1.0,"[80,20]","[-500,0]",[100],[-400],practice_problem_b,3537.0,,0.0
21,69783,1.0,"[20,80]","[4000,0]","[25,75]","[3000,0]",problem4,42448.0," lose 4000 dollars with 20 percent chance , lose 0 dollars with 80 percent chance , lose 3000 dollars with 25 percent chance , lose 0 dollars with 35 percent chance . I am going to go with the left one again because the chances of losing it is only 1 / 5th rather than 1 / 4th on the right and because though I could lose it all with an 8 percent chance for 375 dollars , I feel like I would rather take my chances with more money and more of a probability .",96.0
22,69783,1.0,"[0.1,99.9]","[-6000,0]","[0.2,99.8]","[-3000,0]",problem8p,56225.0," Oh Um Hmm lose 6000 dollars with a 10 percent chance or a 0 . 1 percent chance lose 0 dollars with 99 . 9 percent chance The odds do not seem too good here either way but just because I Can the odds are a little bit better obviously not much I will go with the 3000 dollars with a 0 . 2 percent chance and Then I could lose it with a 99 . 8 percent chance , but it is still better than Losing it with a 99 . 9 percent chance ",95.0
23,69783,0.0,"[25,75]","[-6000,0]","[25,25,50]","[-4000,-2000,0]",problem13p,30432.0, I am going to go with the lose 6000 dollars with 25 percent chance over the lose 4000 dollars with 25 percent chance and then the 2000 dollars with 25 percent chance just because there is less probability involved and I would rather have these odds of my favor over the other one .,54.0
24,69783,0.0,"[50,50]","[-1000,0]",[100],[-500],problem12,38790.0,Um lose a 1000 dollars with 50 percent chance lose 0 dollars with 50 percent chance I am going to go with the lose a 1000 dollars with 50 percent chance Because it is 50 50 and I would say I am pretty lucky Hopefully my luck will pull through and then the losing dollars with 0 dollars with 50 percent chance just because once again still 50 50 50 percent 50 50 um probability so I am going to go with that one,84.0
25,69783,1.0,"[33,67]","[2500,0]","[34,66]","[2400,0]",problem2,56063.0," Oh Um Lose or win 2500 dollars with 33 percent chance lose 0 dollars with a 67 percent chance or win to 24 2400 dollars with 34 percent chance lose your dollars with 66 percent chance Um I am going to go with the 2400 just because Yes , there is 1 percent more But I am hoping with this chance . I will be able to still Get it because it is only 1 percent of a difference and the other one but the thing that might change at all is the losing 0 dollars with a 66 percent chance because It is one less than the left one and I will take my chances ",116.0
26,69783,0.0,"[45,55]","[-6000,0]","[90,10]","[-3000,0]",problem7p,36282.0," lose 6000 dollars with a 45 percent chance , lose 0 dollars with a 45 percent chance , lose 3000 dollars with a 90 percent chance , lose 0 dollars with a 10 percent chance um , yeah I am going to go with the left one because it is 6000 dollars with a 45 percent chance rather than 3000 dollars with a 90 percent chance and those odds are not good so I am going to go with the left one because probability wise it just makes more sense ",90.0
27,69783,0.0,"[20,80]","[-4000,0]","[25,75]","[-3000,0]",problem4p,33008.0," lose 4000 dollars with 20 percent chance , lose 0 dollars with 80 percent chance , lose 3000 dollars with 25 percent chance , lose 0 dollars with 35 percent chance . I am going to go with the left one again because the chances of losing it is only 1 / 5th rather than 1 / 4th on the right and because though I could lose it all with an 8 percent chance for 375 dollars , I feel like I would rather take my chances with more money and more of a probability .",96.0
28,69783,1.0,"[50,50]","[1000,0]",[100],[450],problem0,20087.0,Win a 1000 dollars with a 50 percent chance lose ... win 140 dollars ... I am going to go with the right one once again because I will get it for sure rather than the other one . I can have a 50 - 50 chance of getting it and losing it so I will go with getting a little less than half of it for sure .,69.0
29,69783,1.0,"[80,20]","[4000,0]",[100],[3000],problem3,32186.0, lose 4000 dollars with 80 percent chance lose 0 dollars with 20 percent chance . We will lose 3000 dollars with 100 percent chance . I would rather take my odds of 4000 dollars with 80 percent chance because if I do not I have a 1 / 5th of a chance of getting the money and a 1 / 4th or 4 out of 5 chances of losing the money but it is better than 100 % chance of losing 3000 dollars .,84.0
30,69783,1.0,"[25,75]","[6000,0]","[25,25,50]","[4000,2000,0]",problem13,33495.0, I am going to go with the lose 6000 dollars with 25 percent chance over the lose 4000 dollars with 25 percent chance and then the 2000 dollars with 25 percent chance just because there is less probability involved and I would rather have these odds of my favor over the other one .,54.0
31,69783,1.0,"[0.1,99.9]","[6000,0]","[0.2,99.8]","[3000,0]",problem8,24504.0," Oh Um Hmm lose 6000 dollars with a 10 percent chance or a 0 . 1 percent chance lose 0 dollars with 99 . 9 percent chance The odds do not seem too good here either way but just because I Can the odds are a little bit better obviously not much I will go with the 3000 dollars with a 0 . 2 percent chance and Then I could lose it with a 99 . 8 percent chance , but it is still better than Losing it with a 99 . 9 percent chance ",95.0
32,69783,1.0,"[33,66,1]","[2500,2400,0]",[100],[2400],problem1,42364.0,it so yeah win a 1000 dollars with 50 percent chance lose 0 dollars with 50 percent chance win 500 dollars with a 100 percent chance I am going to go with the right one because right off the bat again it is guaranteed rather than a 50 50 chance of getting the money and then a 50 50 percent chance of losing the money so I would rather have only half of that but with a 100 percent chance,80.0
33,69783,1.0,"[0.1,99.9]","[5000,0]",[100],[5],problem14,29634.0," Lose 5000 dollars with a 0 . 1 percent chance , lose 0 dollars with a 99 . 9 percent chance . I am going to go with the left problem because the odds are 0 . 1 percent of losing 5000 dollars which is very , the probability is definitely in my favor . And even if I do not , if I do get it with 99 . 9 percent probability I will , oh wait I read this wrong , lose 5000 dollars with a 0 . 1 percent chance , lose 0 dollars with a 99 . Oh wait this changes it all . Lose 5000 dollars with a 0 . 1 percent chance , lose 0 dollars with a 99 . Oh wait no , just kidding sorry I am reading these so many times I feel like I am going crazy . Yeah I am going to go with the left one because probability wise and if you are smart you will go with this one too .",174.0
34,69783,1.0,"[45,55]","[6000,0]","[90,10]","[3000,0]",problem7,17458.0," lose 6000 dollars with a 45 percent chance , lose 0 dollars with a 45 percent chance , lose 3000 dollars with a 90 percent chance , lose 0 dollars with a 10 percent chance um , yeah I am going to go with the left one because it is 6000 dollars with a 45 percent chance rather than 3000 dollars with a 90 percent chance and those odds are not good so I am going to go with the left one because probability wise it just makes more sense ",90.0
35,69783,1.0,"[50,50]","[1000,0]",[100],[500],problem11,24470.0,it so yeah win a 1000 dollars with 50 percent chance lose 0 dollars with 50 percent chance win 500 dollars with a 100 percent chance I am going to go with the right one because right off the bat again it is guaranteed rather than a 50 50 chance of getting the money and then a 50 50 percent chance of losing the money so I would rather have only half of that but with a 100 percent chance,80.0
36,69783,0.0,"[0.1,99.9]","[-5000,0]",[100],[-5],problem14p,57590.0," Lose 5000 dollars with a 0 . 1 percent chance , lose 0 dollars with a 99 . 9 percent chance . I am going to go with the left problem because the odds are 0 . 1 percent of losing 5000 dollars which is very , the probability is definitely in my favor . And even if I do not , if I do get it with 99 . 9 percent probability I will , oh wait I read this wrong , lose 5000 dollars with a 0 . 1 percent chance , lose 0 dollars with a 99 . Oh wait this changes it all . Lose 5000 dollars with a 0 . 1 percent chance , lose 0 dollars with a 99 . Oh wait no , just kidding sorry I am reading these so many times I feel like I am going crazy . Yeah I am going to go with the left one because probability wise and if you are smart you will go with this one too .",174.0
37,69783,0.0,"[80,20]","[-4000,0]",[100],[-3000],problem3p,39630.0, lose 4000 dollars with 80 percent chance lose 0 dollars with 20 percent chance . We will lose 3000 dollars with 100 percent chance . I would rather take my odds of 4000 dollars with 80 percent chance because if I do not I have a 1 / 5th of a chance of getting the money and a 1 / 4th or 4 out of 5 chances of losing the money but it is better than 100 % chance of losing 3000 dollars .,84.0
18,69788,0.0,"[25,75]","[1000,0]",[100],[240],practice_problem_a,19865.0," ... oh it is recording right now , okay . Win 1000 25 percent chance . So there is less chance than to win the ...",26.0
19,69788,0.0,"[80,20]","[-500,0]",[100],[-400],practice_problem_b,27811.0," Losing ... I did not mean to click that . I am going to move my mouse away . Lose 500 . Ooh , that is not that much . I do not like these statistics . Why would I want to lose 400 dollars with a 100 percent chance ? I will just be a little bit more poor . It is okay . Because I have some ...",70.0
21,69788,0.0,"[50,50]","[-1000,0]",[100],[-500],problem12,27690.0," Okay , losing a 1000 with 50 , lose 500 with a 100 . This is hard . Okay , okay . Well , I have a chance of losing 0 dollars . I would be more poor , but I still , I am going to believe in luck . Hopefully .",53.0
22,69788,1.0,"[33,66,1]","[2500,2400,0]",[100],[2400],problem1,17736.0," If I have under 100 percent chance , again , 50 - 50 is hard . I always lose 50 - 50s , so I am going to go with 100 percent because I would more likely end up with money .",42.0
23,69788,0.0,"[0.1,99.9]","[-5000,0]",[100],[-5],problem14p,29359.0," because I want money . If you lose 5000 , you lose 0 with nine ... what ? You lose 5 dollars with a 100 percent chance . I would rather lose 5 dollars and ... but I guess that is a really small chance . That is hard , okay ? Do I want to risk it ? I am going to risk it , but I would ... it is fine . I am going to risk it . Yeah , okay .",85.0
24,69788,0.0,"[0.1,99.9]","[5000,0]",[100],[5],problem14,16819.0," because I want money . If you lose 5000 , you lose 0 with nine ... what ? You lose 5 dollars with a 100 percent chance . I would rather lose 5 dollars and ... but I guess that is a really small chance . That is hard , okay ? Do I want to risk it ? I am going to risk it , but I would ... it is fine . I am going to risk it . Yeah , okay .",85.0
25,69788,1.0,"[80,20]","[4000,0]",[100],[3000],problem3,22046.0," Ooh , I do not want to lose 3000 dollars . Ooh , but I lose , but it is less of a chance . I mean , I would end up being in debt anyways , so like might as well go with the less chance because I might not lose it .",54.0
26,69788,0.0,"[50,50]","[1000,0]",[100],[450],problem0,21414.0," Okay , win 1000 , 450 , but that is less . But that is kind of a lot less . I would not lose money , but I have a chance of winning , but I would not lose anything . But I guess I would not lose anything with the other one , either the 450 , but I am going to risk , I am risky .",70.0
27,69788,0.0,"[0.1,99.9]","[6000,0]","[0.2,99.8]","[3000,0]",problem8,16317.0," more of a chance . Okay . Why would I want to lose 6000 dollars ? I will do I mean , it is still a really low percentage . So like , it is probably likely that I would not lose the money . But I am going to go with the last option , just like 6000 is a lot versus 3000 . And it is only 0 . 1 percent more of a chance . So like , it probably would not make a difference .",89.0
28,69788,1.0,"[33,67]","[2500,0]","[34,66]","[2400,0]",problem2,30941.0," Um , okay . 33 . That is not ... I am like , okay . 33 percent . You win with 30 . Okay . I mean , I will go for the more percentage chance just because it is only 100 dollar difference . It does not really matter to me . I mean , there is more of a chance of winning . You do not lose anything . This does not really matter , I guess .",81.0
29,69788,1.0,"[20,80]","[4000,0]","[25,75]","[3000,0]",problem4,20658.0,20 percent hmm it is less so but I am unlucky so I am going to go hmm I am going to go with the 4000 just because it is less so like I probably would not lose it on that okay,42.0
30,69788,1.0,"[0.1,99.9]","[-6000,0]","[0.2,99.8]","[-3000,0]",problem8p,29584.0," more of a chance . Okay . Why would I want to lose 6000 dollars ? I will do I mean , it is still a really low percentage . So like , it is probably likely that I would not lose the money . But I am going to go with the last option , just like 6000 is a lot versus 3000 . And it is only 0 . 1 percent more of a chance . So like , it probably would not make a difference .",89.0
31,69788,1.0,"[45,55]","[6000,0]","[90,10]","[3000,0]",problem7,24120.0," Fantastic . Lose 6000 45 percent chance , lose 3000 90 percent chance . I am going to go ... Well , yeah , you will lose with less percentage . It is less of a percentage that you will lose versus a 90 percent . I mean , it is less money , but it is less of a chance . So I am going to go with the 6000 because it is more likely that you would lose the 3000 than the 6000 .",86.0
32,69788,0.0,"[25,75]","[-6000,0]","[25,25,50]","[-4000,-2000,0]",problem13p,33773.0," Um , lose 25 percent . Oh , it is 50 - 50 . And then this one  s just 25 , but these combined , the one on the right combined is 50 percent . Left is just 25 , so it is less . I mean , it is more money that you would lose , but combined is , well , it is the same amount , but with more of a chance , because 4000 plus 2000 is 6000 , 50 percent chance . So I am going to go with the 25 percent chance , because it is less .",105.0
33,69788,1.0,"[50,50]","[1000,0]",[100],[500],problem11,10666.0," If I have under 100 percent chance , again , 50 - 50 is hard . I always lose 50 - 50s , so I am going to go with 100 percent because I would more likely end up with money .",42.0
34,69788,0.0,"[80,20]","[-4000,0]",[100],[-3000],problem3p,14853.0," Ooh , I do not want to lose 3000 dollars . Ooh , but I lose , but it is less of a chance . I mean , I would end up being in debt anyways , so like might as well go with the less chance because I might not lose it .",54.0
35,69788,0.0,"[20,80]","[-4000,0]","[25,75]","[-3000,0]",problem4p,17947.0,20 percent hmm it is less so but I am unlucky so I am going to go hmm I am going to go with the 4000 just because it is less so like I probably would not lose it on that okay,42.0
36,69788,1.0,"[25,75]","[6000,0]","[25,25,50]","[4000,2000,0]",problem13,22340.0," Um , lose 25 percent . Oh , it is 50 - 50 . And then this one  s just 25 , but these combined , the one on the right combined is 50 percent . Left is just 25 , so it is less . I mean , it is more money that you would lose , but combined is , well , it is the same amount , but with more of a chance , because 4000 plus 2000 is 6000 , 50 percent chance . So I am going to go with the 25 percent chance , because it is less .",105.0
37,69788,0.0,"[45,55]","[-6000,0]","[90,10]","[-3000,0]",problem7p,27209.0," Fantastic . Lose 6000 45 percent chance , lose 3000 90 percent chance . I am going to go ... Well , yeah , you will lose with less percentage . It is less of a percentage that you will lose versus a 90 percent . I mean , it is less money , but it is less of a chance . So I am going to go with the 6000 because it is more likely that you would lose the 3000 than the 6000 .",86.0
18,69798,1.0,"[25,75]","[1000,0]",[100],[240],practice_problem_a,32257.0," Okay , pop off . Please try to speak your thoughts aloud when you reach a decision , register your choice by clicking or tapping the option you prefer . Okay . Win 1000 with a 25 percent chance , lose 0 dollars with a 75 percent chance . Win 240 with a 100 percent chance . I really need money . So , 240 with a 100 percent chance . Or shizzles . 25 percent chance is way too low knowing my luck . I would not get it .",91.0
19,69798,0.0,"[80,20]","[-500,0]",[100],[-400],practice_problem_b,20755.0," Lose 500 with an 80 percent chance lose . Ooh , probably lose 500 with an 80 percent chance . Because it is just 100 dollars more and there is a chance that I do not lose anything with this I for sure lose something .",46.0
21,69798,0.0,"[50,50]","[1000,0]",[100],[450],problem0,15337.0," Yeah , yeah . Oh my god , win 1000 dollars lose 0 and 450 um It is a big jump from 450 to 1000 and it is 5050 so we will go with a 1000 ",36.0
22,69798,0.0,"[33,67]","[2500,0]","[34,66]","[2400,0]",problem2,19355.0," Win 2500 with 33 , lose 0 when is that not the same fucking thing ? Um The first option , because it is just 100 dollars more with 1 percent less chance ",33.0
23,69798,0.0,"[45,55]","[-6000,0]","[90,10]","[-3000,0]",problem7p,12434.0," lose 6000 with 45 , lose 3000 . obviously the , the I , I , am I being stupid the first one .",24.0
24,69798,1.0,"[80,20]","[4000,0]",[100],[3000],problem3,16901.0,  lose 4000 with 80 percent chance lose a 100 with the a 20 percent chance lose a 3000 with 100 percent chance I guess I guess I guess we will lose oh lose 4000 with an 80 percent chance no we will go lose 3000 with 100 ,47.0
25,69798,1.0,"[33,66,1]","[2500,2400,0]",[100],[2400],problem1,24431.0," And win a 1000 with a 50 percent chance , lose 0 with 50 , win 500 . Uh Win 5 , oh gosh . Probably win 500 . um .",31.0
26,69798,0.0,"[0.1,99.9]","[6000,0]","[0.2,99.8]","[3000,0]",problem8,17798.0," Chance , lose . Lose 6000 dollars . Obviously the first one because it is only 3000 dollars more and it is ...",23.0
27,69798,1.0,"[50,50]","[1000,0]",[100],[500],problem11,28772.0," And win a 1000 with a 50 percent chance , lose 0 with 50 , win 500 . Uh Win 5 , oh gosh . Probably win 500 . um .",31.0
28,69798,1.0,"[25,75]","[6000,0]","[25,25,50]","[4000,2000,0]",problem13,23631.0," So , lose 6000 . 25 . Win again , this makes it 5050 so it is a bit more even , and either way if I do lose I lose less than 6000 so .",36.0
29,69798,1.0,"[25,75]","[-6000,0]","[25,25,50]","[-4000,-2000,0]",problem13p,21931.0," So , lose 6000 . 25 . Win again , this makes it 5050 so it is a bit more even , and either way if I do lose I lose less than 6000 so .",36.0
30,69798,0.0,"[0.1,99.9]","[-5000,0]",[100],[-5],problem14p,17415.0,For shizzles lose 5 dollars with a 100 percent chance lose 5000 with a 0 . 1 percent chance or lose 5 dollars probably lose 5000 because that is like not going to,33.0
31,69798,1.0,"[80,20]","[-4000,0]",[100],[-3000],problem3p,35118.0,  lose 4000 with 80 percent chance lose a 100 with the a 20 percent chance lose a 3000 with 100 percent chance I guess I guess I guess we will lose oh lose 4000 with an 80 percent chance no we will go lose 3000 with 100 ,47.0
32,69798,0.0,"[0.1,99.9]","[-6000,0]","[0.2,99.8]","[-3000,0]",problem8p,41755.0," Chance , lose . Lose 6000 dollars . Obviously the first one because it is only 3000 dollars more and it is ...",23.0
33,69798,1.0,"[50,50]","[-1000,0]",[100],[-500],problem12,21018.0,uh lose a 100 with 50 lose 0 with 50 lose 500 with a 100 shit um um knowing my luck i would lose a 1000 so we are going to go lose ,33.0
34,69798,1.0,"[45,55]","[6000,0]","[90,10]","[3000,0]",problem7,18672.0," lose 6000 with 45 , lose 3000 . obviously the , the I , I , am I being stupid the first one .",24.0
35,69798,1.0,"[20,80]","[4000,0]","[25,75]","[3000,0]",problem4,12464.0," Oh , I am so tired of this . This is so boring . Lose 4000 with a 20 percent chance that they have them . I probably lose 0 with an 80 percent chance just because ...",38.0
36,69798,1.0,"[0.1,99.9]","[5000,0]",[100],[5],problem14,8118.0,For shizzles lose 5 dollars with a 100 percent chance lose 5000 with a 0 . 1 percent chance or lose 5 dollars probably lose 5000 because that is like not going to,33.0
37,69798,0.0,"[20,80]","[-4000,0]","[25,75]","[-3000,0]",problem4p,21005.0," Oh , I am so tired of this . This is so boring . Lose 4000 with a 20 percent chance that they have them . I probably lose 0 with an 80 percent chance just because ...",38.0
18,69808,0.0,"[25,75]","[1000,0]",[100],[240],practice_problem_a,14152.0,,0.0
19,69808,0.0,"[80,20]","[-500,0]",[100],[-400],practice_problem_b,44522.0,I think I would rather go with lose 500 with 80 percent chance or lose 0 dollars with 20 percent chance because there is still some chance that I would I was going to I will be able to lose nothing at all uh as compared to being 100 percent chance that I would lose 400 dollars,57.0
21,69808,0.0,"[0.1,99.9]","[-5000,0]",[100],[-5],problem14p,27115.0, I would probably go with lose 5000 dollars with 0 . 1 percent chance um and lose 0 dollars with 99 . 9 percent chance .,26.0
22,69808,0.0,"[50,50]","[-1000,0]",[100],[-500],problem12,2834.0,,0.0
23,69808,0.0,"[20,80]","[-4000,0]","[25,75]","[-3000,0]",problem4p,33191.0," I lose 4000 with 20 percent chance , lose 0 with 80 percent chance , lose 3000 with 25 percent chance , lose 0 with 75 percent chance . At this point , since I am still losing either way , at least I have better chances of losing 0 with the first option so that is what I would go with .",63.0
24,69808,1.0,"[33,66,1]","[2500,2400,0]",[100],[2400],problem1,28235.0," Here again , I think I would take my chances and try to win the 1000 dollars with the 50 percent chance or just lose nothing at all .",29.0
25,69808,1.0,"[25,75]","[-6000,0]","[25,25,50]","[-4000,-2000,0]",problem13p,35640.0, this one . Again here I would probably go with the second option lose 4000 or 2000 with 25 percent chance instead of losing 6000 with 25 percent chance or lose 0 dollars with 50 percent chance .,38.0
26,69808,0.0,"[50,50]","[1000,0]",[100],[500],problem11,18343.0," Here again , I think I would take my chances and try to win the 1000 dollars with the 50 percent chance or just lose nothing at all .",29.0
27,69808,0.0,"[33,67]","[2500,0]","[34,66]","[2400,0]",problem2,38557.0,Win 2500 with 33 percent chance or lose 0 dollars 67 percent chance as opposed to when 2400 34 chance Or lose 0 dollars with 66 percent chance . At this point the difference in percentage is very very minimal so I would take my chances and go with the 2500 dollars,52.0
28,69808,1.0,"[80,20]","[4000,0]",[100],[3000],problem3,12096.0, I think on this one I would go with lose 4000 with 80 percent chance . There Is still There Is still 20 percent chance that I will lose nothing .,31.0
29,69808,1.0,"[45,55]","[-6000,0]","[90,10]","[-3000,0]",problem7p,24742.0," Chance lose 6000 45 percent chance lose 0 55 percent chance . Lose 3000 , I would go with lose 3000 90 percent chance , lose 0 dollars 10 chance . 6000 is a lot .",36.0
30,69808,0.0,"[80,20]","[-4000,0]",[100],[-3000],problem3p,20293.0, I think on this one I would go with lose 4000 with 80 percent chance . There Is still There Is still 20 percent chance that I will lose nothing .,31.0
31,69808,0.0,"[0.1,99.9]","[6000,0]","[0.2,99.8]","[3000,0]",problem8,18806.0, lose 6000 with one  0 . 1 percent chance lose 0 with 99 lose 3000 I guess I would rather lose 3000 dollars than 6000 so we will go without ,30.0
32,69808,0.0,"[25,75]","[6000,0]","[25,25,50]","[4000,2000,0]",problem13,12672.0, this one . Again here I would probably go with the second option lose 4000 or 2000 with 25 percent chance instead of losing 6000 with 25 percent chance or lose 0 dollars with 50 percent chance .,38.0
33,69808,1.0,"[0.1,99.9]","[5000,0]",[100],[5],problem14,15673.0, I would probably go with lose 5000 dollars with 0 . 1 percent chance um and lose 0 dollars with 99 . 9 percent chance .,26.0
34,69808,1.0,"[50,50]","[1000,0]",[100],[450],problem0,19741.0,Here same I would probably go with the 100 percent chance of winning 450 dollars instead of 50 - 50 percent chance of winning 1000 or losing 0 .,29.0
35,69808,1.0,"[0.1,99.9]","[-6000,0]","[0.2,99.8]","[-3000,0]",problem8p,26819.0, lose 6000 with one  0 . 1 percent chance lose 0 with 99 lose 3000 I guess I would rather lose 3000 dollars than 6000 so we will go without ,30.0
36,69808,0.0,"[20,80]","[4000,0]","[25,75]","[3000,0]",problem4,13111.0," I lose 4000 with 20 percent chance , lose 0 with 80 percent chance , lose 3000 with 25 percent chance , lose 0 with 75 percent chance . At this point , since I am still losing either way , at least I have better chances of losing 0 with the first option so that is what I would go with .",63.0
37,69808,1.0,"[45,55]","[6000,0]","[90,10]","[3000,0]",problem7,29326.0," Chance lose 6000 45 percent chance lose 0 55 percent chance . Lose 3000 , I would go with lose 3000 90 percent chance , lose 0 dollars 10 chance . 6000 is a lot .",36.0
18,69812,1.0,"[25,75]","[1000,0]",[100],[240],practice_problem_a,34141.0,Alright so I have the opportunity to win 1000 dollars with a 25 percent chance and lose 0 dollars with a 75 percent chance or win 240 dollars with 100 percent chance . Um 1000 dollars is a ton of money but the odds of that happening is just so low . I do not really feel like I have that natural luck anyways . 240  s still a ton of money so I think I would just be happy just knowing for a fact that I can win  240 dollars rather than like pretty unlikely earning 1000 dollars,99.0
19,69812,0.0,"[80,20]","[-500,0]",[100],[-400],practice_problem_b,31838.0,Alright lose 500 dollars with an 80 percent chance . Lose 0 dollars with a 20 percent chance lose 400 dollars with 100 percent chance . So this one I think I would actually take the risk of losing 100 dollars more . 100 dollars is a lot of money but in retrospect of like how much like things like really cost um I feel like just the opportunity to not lose any money at all would be way more beneficial than you know 100 percent losing it . I think in this instance I would be okay with losing 100 dollars  chance,103.0
21,69812,0.0,"[0.1,99.9]","[5000,0]",[100],[5],problem14,30793.0,Alright so lose did I read the last I might have  might have read the last question wrong that is my bad . Lose 5000 dollars with a 0 . 1 percent chance lose 0 dollars with a 99 . 9 percent chance . Um again the 5 dollars is not really that much money,55.0
22,69812,1.0,"[0.1,99.9]","[-5000,0]",[100],[-5],problem14p,22994.0,Alright so lose did I read the last I might have  might have read the last question wrong that is my bad . Lose 5000 dollars with a 0 . 1 percent chance lose 0 dollars with a 99 . 9 percent chance . Um again the 5 dollars is not really that much money,55.0
23,69812,0.0,"[45,55]","[6000,0]","[90,10]","[3000,0]",problem7,29923.0,Lose 6000 dollars with a 45 percent chance . Lose 0 dollars with a 55 percent chance or lose 3000 with a 90 percent chance . Lose 0 dollars with a 10 percent chance . Um in this particular instance the stakes of this are like significantly lower I mean cost wise it is it is twice as much but I have 2 times less of a chance of that happening to me ,73.0
24,69812,0.0,"[50,50]","[-1000,0]",[100],[-500],problem12,19192.0,Lose 1000 dollars with a 50 percent chance . Lose  with 100 percent chance . Um in this particular instance I think that 500 dollars is quite a bit of money however the odds of still not losing any money are pretty decent but I think I would be okay with the extra 500,54.0
25,69812,1.0,"[25,75]","[6000,0]","[25,25,50]","[4000,2000,0]",problem13,24954.0,Lose 6000 dollars with a 25 percent chance . Lose  percent chance . Oh this one  s just like 50 percent lose this is only 25 percent lose . It is at a higher stake but the odds of losing,40.0
26,69812,0.0,"[50,50]","[1000,0]",[100],[450],problem0,20558.0,Win 1000 dollars with a 50 percent chance lose 0 dollars with a 50 percent chance win 450 with 100 percent chance . Um I think in this particular instance because the chances are still like relatively even and 1000 dollars is significantly more I think I would be okay with a risk like  so much lower,57.0
27,69812,0.0,"[33,67]","[2500,0]","[34,66]","[2400,0]",problem2,13726.0,Win 2500 dollars with a 33 percent chance lose 0 dollars with a 67 percent chance win 2400 dollars oh I see so there is no really any big of a difference in this . This one is like obvious to me,42.0
28,69812,0.0,"[80,20]","[4000,0]",[100],[3000],problem3,13892.0, Win 4000 dollars with 80 percent chance lose 0 dollars with a 20 percent chance lose 3000 with 100 percent chance . Um it is still better to lose a little bit more at a lower stake in my opinion it is pretty good ,44.0
29,69812,1.0,"[20,80]","[4000,0]","[25,75]","[3000,0]",problem4,15688.0,Lose 4000 dollars with a 20 percent chance lose 0 dollars with an 80 percent chance . So again I think I am going to go with this it is less money at a higher chance but the odds of like me losing that money is still relatively low enough that I think I feel comfortable with the risk of it being higher especially if it is at a lower stake,71.0
30,69812,1.0,"[20,80]","[-4000,0]","[25,75]","[-3000,0]",problem4p,19473.0,Lose 4000 dollars with a 20 percent chance lose 0 dollars with an 80 percent chance . So again I think I am going to go with this it is less money at a higher chance but the odds of like me losing that money is still relatively low enough that I think I feel comfortable with the risk of it being higher especially if it is at a lower stake,71.0
31,69812,0.0,"[25,75]","[-6000,0]","[25,25,50]","[-4000,-2000,0]",problem13p,13856.0,Lose 6000 dollars with a 25 percent chance . Lose  percent chance . Oh this one  s just like 50 percent lose this is only 25 percent lose . It is at a higher stake but the odds of losing,40.0
32,69812,0.0,"[33,66,1]","[2500,2400,0]",[100],[2400],problem1,21506.0,So this is significantly more money to me than this . the stakes are slashed in half . Um think I am going to go with this one loss either,30.0
33,69812,0.0,"[80,20]","[-4000,0]",[100],[-3000],problem3p,15320.0, Win 4000 dollars with 80 percent chance lose 0 dollars with a 20 percent chance lose 3000 with 100 percent chance . Um it is still better to lose a little bit more at a lower stake in my opinion it is pretty good ,44.0
34,69812,0.0,"[45,55]","[-6000,0]","[90,10]","[-3000,0]",problem7p,26142.0,Lose 6000 dollars with a 45 percent chance . Lose 0 dollars with a 55 percent chance or lose 3000 with a 90 percent chance . Lose 0 dollars with a 10 percent chance . Um in this particular instance the stakes of this are like significantly lower I mean cost wise it is it is twice as much but I have 2 times less of a chance of that happening to me ,73.0
35,69812,1.0,"[0.1,99.9]","[-6000,0]","[0.2,99.8]","[-3000,0]",problem8p,14173.0,Lose 6000 dollars with alright this one is also very obvious to me . Slightly higher stake but barely so and significantly less money,24.0
36,69812,0.0,"[50,50]","[1000,0]",[100],[500],problem11,17154.0,So this is significantly more money to me than this . the stakes are slashed in half . Um think I am going to go with this one loss either,30.0
37,69812,0.0,"[0.1,99.9]","[6000,0]","[0.2,99.8]","[3000,0]",problem8,10972.0,Lose 6000 dollars with alright this one is also very obvious to me . Slightly higher stake but barely so and significantly less money,24.0
18,69835,1.0,"[25,75]","[1000,0]",[100],[240],practice_problem_a,25188.0," Try to speak your thoughts aloud when you reach a decision , register your choice by clicking or tapping the option . Okay , win 1000 dollars with a 25 percent chance , lose 0 dollars with a 75 percent chance . Win 240 dollars with um , 240 with um .",52.0
19,69835,1.0,"[80,20]","[-500,0]",[100],[-400],practice_problem_b,2997.0,Percent chance per .,4.0
21,69835,1.0,"[33,66,1]","[2500,2400,0]",[100],[2400],problem1,14434.0," Win a 1000 dollars with 50 percent chance , lose 0 dollars with 50 percent chance . Win 500 with 100 percent chance . Win ",25.0
22,69835,1.0,"[50,50]","[-1000,0]",[100],[-500],problem12,18464.0," lose 1000 dollars with 50 percent chance , lose 0 dollars with 50 percent chance , or lose 500 dollars with 100 percent chance . Lose 500 .",28.0
23,69835,0.0,"[20,80]","[-4000,0]","[25,75]","[-3000,0]",problem4p,19182.0," lose 4000 with 20 percent chance , lose 30000 with 25 percent chance , lose 0 with 80 .",19.0
24,69835,0.0,"[80,20]","[-4000,0]",[100],[-3000],problem3p,2670.0,the chance um .,4.0
25,69835,1.0,"[33,67]","[2500,0]","[34,66]","[2400,0]",problem2,17568.0," Win 2500 with 33 percent chance , lose 0 dollars 67 percent chance . Win 2400 with 34 percent chance . Win .................. yeah ",24.0
26,69835,0.0,"[0.1,99.9]","[-5000,0]",[100],[-5],problem14p,33105.0, Oops lose 5000 dollars with a 0 . 1 percent chance lose 0 dollars with 99 . 9 percent chance or lose 5 dollars with 100 percent chance lose 5 dollars with 100 percent chance because its better than 5  actually no wait uh 99 . 9 is basically 100 percent so ,52.0
27,69835,1.0,"[0.1,99.9]","[6000,0]","[0.2,99.8]","[3000,0]",problem8,19668.0, Um I just do lose 3000 with 3 . 2 chance .,12.0
28,69835,1.0,"[45,55]","[-6000,0]","[90,10]","[-3000,0]",problem7p,948.0,sounds better .,3.0
29,69835,1.0,"[0.1,99.9]","[5000,0]",[100],[5],problem14,18485.0, Oops lose 5000 dollars with a 0 . 1 percent chance lose 0 dollars with 99 . 9 percent chance or lose 5 dollars with 100 percent chance lose 5 dollars with 100 percent chance because its better than 5  actually no wait uh 99 . 9 is basically 100 percent so ,52.0
30,69835,1.0,"[50,50]","[1000,0]",[100],[500],problem11,15536.0," Win a 1000 dollars with 50 percent chance , lose 0 dollars with 50 percent chance . Win 500 with 100 percent chance . Win ",25.0
31,69835,1.0,"[25,75]","[6000,0]","[25,25,50]","[4000,2000,0]",problem13,23175.0,Yeah . Lose . ...,5.0
32,69835,1.0,"[80,20]","[4000,0]",[100],[3000],problem3,17556.0,the chance um .,4.0
33,69835,1.0,"[50,50]","[1000,0]",[100],[450],problem0,12286.0, Yeah . Win 1000 dollars with 5 percent 50 percent chance . Lose 0 dollars with 50 percent chance . Win 450 .,23.0
34,69835,0.0,"[20,80]","[4000,0]","[25,75]","[3000,0]",problem4,29959.0," lose 4000 with 20 percent chance , lose 30000 with 25 percent chance , lose 0 with 80 .",19.0
35,69835,1.0,"[45,55]","[6000,0]","[90,10]","[3000,0]",problem7,16061.0,sounds better .,3.0
36,69835,1.0,"[0.1,99.9]","[-6000,0]","[0.2,99.8]","[-3000,0]",problem8p,23641.0, Um I just do lose 3000 with 3 . 2 chance .,12.0
37,69835,0.0,"[25,75]","[-6000,0]","[25,25,50]","[-4000,-2000,0]",problem13p,7323.0,Yeah . Lose . ...,5.0
18,69837,1.0,"[25,75]","[1000,0]",[100],[240],practice_problem_a,62038.0," All right , so winning 1000 dollars with a 25 percent chance or losing 0 dollars with a 75 percent chance seems like a pretty big gamble , but if you are not risking anything , it might be fun to try since there is a decent chance of making the whole 1000 dollars whereas the other choice just has the 240 dollars which while guaranteed there is less to gain but also nothing to lose . So honestly , I do think that even though it is lower on average , the 240 dollars is probably just better than the 1000 because the difference does not really seem that substantial . So I would honestly probably go with the 240 dollars here which seems more clear cut .",129.0
19,69837,0.0,"[80,20]","[-500,0]",[100],[-400],practice_problem_b,105499.0," All right . So with losing money , I am just reading the prompt right now . I really had a little , but here we go . Losing 500 dollars with an 80 percent chance or losing no money with a 20 percent chance or losing 400 dollars with a 100 percent chance . Now here I think that they are honestly , I think they are mathematically the same since , yeah , they are mathematically the same on average . But the 0 sort of works as an outlier , lowering the average here for the 500 . So I do think it would probably still be safer to go with guaranteed loss of 400 dollars . But on the other hand , people usually do not like to lose money . So 20 percent chance does look pretty good , especially . You would probably feel pretty stupid if you went for the 80 percent gamble and lost anyway , losing 100 dollars more . So I think that here again , guaranteed loss is better than bet . But I would probably still go with the bet , just because I am sort of predisposed towards gambling . I feel like it would be almost some sort of fun in the activity , even though you are probably going to lose more , well , not probably . Losing about the same on average , but there is a higher chance of losing . So yeah , I would probably go for the losing 500 dollars .",262.0
21,69837,1.0,"[80,20]","[4000,0]",[100],[3000],problem3,45281.0," So losing 4000 dollars in an 80 percent chance or 0 dollars with a 20 percent chance or losing 3000 dollars the 100 percent chance . Honestly , losing these amounts is pretty bad . And I feel like if there is any opportunity to not lose that all with an upset space , just take it . Either way , the damage is pretty huge . I think they are about the same on average . So yeah , I feel like I am slowly becoming more and more like I want to do the gamble , especially when I am seeing numbers this big . Yeah , I feel like I am guaranteed losing 3000 dollars is pretty bad . And just even having a whole bunch of chance and make it slightly better . So I would go with the losing 4000 dollars .",147.0
22,69837,1.0,"[33,66,1]","[2500,2400,0]",[100],[2400],problem1,58021.0," So here , let us see , 1000 dollars for 50 percent . This seems like the same question as earlier , and I am going to go with the same answer , just saying winning 1000 dollars with a 50 percent chance seems better . Yeah , I do not know . I feel like 90 percent of these sums are really substantial . So might as well . I mean , obviously they are substantial , but it makes me say that it is probably that . I mean , I could use some for food and cruise quality of life , but I am getting biases . So the 1000 dollars probably be more fun , just as a call to scholarship .",126.0
23,69837,1.0,"[20,80]","[-4000,0]","[25,75]","[-3000,0]",problem4p,99782.0," do that . Now here , losing 4000 dollars is a 20 percent chance or losing 0 dollars is an 80 percent chance or losing 3000 dollars is a 25 percent chance , 0 dollars is 75 . This is an interesting one . I feel like you lose way more if you lose the 4000 dollars , the higher chance of losing all in all with the 3000 dollars . When you are losing that big of a sum , it is pretty rough either way . Honestly , the 80 percent chance , I wonder how that works out mathematically , sort of thinking over the higher percentage of loss , but it is honestly a 5 percent difference . It is a tough one , I feel like , because either way , there is a lot to lose . I think it would still go with the 3000 dollars even though it is less on average . I feel like there is a higher chance of losing , but the loss is not that bad . It is still bad , but it is that bad . It is not good .",196.0
24,69837,0.0,"[33,67]","[2500,0]","[34,66]","[2400,0]",problem2,52645.0," winning 2500 dollars with a 33 percent chance or losing 0 dollars with a 67 percent chance . Honestly , off the bat , I am just wondering . I feel like just , these seem like pretty much the same odds to me . I would probably go for the 2500 dollars with a 33 percent chance , even though the difference is just 1 percent . Yeah , almost seems negligible to me , since in math I always round 33 or round down the 34s . I am sort of thinking about it as like the same thing , one just has a higher win . So yeah , I would go with the 2500 dollars .",120.0
25,69837,0.0,"[50,50]","[1000,0]",[100],[450],problem0,56742.0," Win 1000 dollars is a 50 percent chance , lose 0 dollars with a 50 percent chance , but we are win 450 dollars with a 100 percent chance . Now , I do not really need the money , even though it is like , with these amounts , I feel like it could be useful , but it is not necessary . It is not terrible if I lose . So , winning more on average here , the 50 extra dollars , I guess a bonus on average . And then the 1000 dollar win seems more substantial than the 450 . So , I think I would just go for the winning 1000 dollars with the 50 percent chance . If I lose , just justify it as a scholarship with a higher chance of being accepted , 50 percent for a 1000 is pretty good . And it does average higher than a winning 1000 dollars . So , I would go with that .",170.0
26,69837,1.0,"[0.1,99.9]","[5000,0]",[100],[5],problem14,58905.0," I am losing 5000 dollars for today . 0 . 1 percent chance , so it is 0 dollars 99 percent . Yeah , here I just go with the 5 dollars . I did not dish that out . I rationalize that as a coffee in the day . Just do not get snack . Do not get a coffee in the room . I feel like that is not a risk - taking on . The 5000 dollars , we are going to lose the 5000 dollars .",90.0
27,69837,0.0,"[80,20]","[-4000,0]",[100],[-3000],problem3p,66141.0," So losing 4000 dollars in an 80 percent chance or 0 dollars with a 20 percent chance or losing 3000 dollars the 100 percent chance . Honestly , losing these amounts is pretty bad . And I feel like if there is any opportunity to not lose that all with an upset space , just take it . Either way , the damage is pretty huge . I think they are about the same on average . So yeah , I feel like I am slowly becoming more and more like I want to do the gamble , especially when I am seeing numbers this big . Yeah , I feel like I am guaranteed losing 3000 dollars is pretty bad . And just even having a whole bunch of chance and make it slightly better . So I would go with the losing 4000 dollars .",147.0
28,69837,1.0,"[45,55]","[6000,0]","[90,10]","[3000,0]",problem7,48537.0," We are losing 6000 dollars with a 45 percent chance , 0 dollars with a 55 percent chance , we are losing 3000 with a 90 percent chance for 0 with a 10 . Here I mean , I just go for the 3000 , it is really bad , but I have to do twice as much as I lose to 6000 to recoup that . And even though the chance is lower , it is like way more . So I would be ready to lose a 3000 and just do something else with that . I think if I do not lose it , that is an added bonus .",113.0
29,69837,1.0,"[50,50]","[-1000,0]",[100],[-500],problem12,40260.0," I will lose 1000 dollars for the 50 percent chance or 0 dollars for the 50 percent chance . This both the same pretty much same average . Again , yeah , do not want to lose . So might be worth . Honestly with 1000 dollars , I feel like losing 500 dollars guaranteed just be safe . I know how much I am going to lose rather than just a sum . So I think I would go for losing 500 dollars .",85.0
30,69837,0.0,"[20,80]","[4000,0]","[25,75]","[3000,0]",problem4,58631.0," do that . Now here , losing 4000 dollars is a 20 percent chance or losing 0 dollars is an 80 percent chance or losing 3000 dollars is a 25 percent chance , 0 dollars is 75 . This is an interesting one . I feel like you lose way more if you lose the 4000 dollars , the higher chance of losing all in all with the 3000 dollars . When you are losing that big of a sum , it is pretty rough either way . Honestly , the 80 percent chance , I wonder how that works out mathematically , sort of thinking over the higher percentage of loss , but it is honestly a 5 percent difference . It is a tough one , I feel like , because either way , there is a lot to lose . I think it would still go with the 3000 dollars even though it is less on average . I feel like there is a higher chance of losing , but the loss is not that bad . It is still bad , but it is that bad . It is not good .",196.0
31,69837,1.0,"[25,75]","[6000,0]","[25,25,50]","[4000,2000,0]",problem13,49929.0," Losing 6000 dollars is a 25 percent chance . 0 with a 75 or losing 4000 dollars . And then , yeah , 2000 dollars and 0 . Here , wow . It is a hard one I have to think about this for a second because I do not know the amount of it on the top . There is a 50 percent . If you just look at it as losing and winning , there is a 50 - 50 losing is the right option . You lose with the left , you are losing a lot more . Ah , it is pretty bad . I think it would be really hard to deal with either of these , but it is just the lower chance of losing all in all . I would have to work for it either way , but the lower chance of losing is the lower chance of having to work for it . And I would get it done either way , just a matter of time . So , the 6000 dollars is probably what I think .",188.0
32,69837,1.0,"[0.1,99.9]","[-6000,0]","[0.2,99.8]","[-3000,0]",problem8p,25569.0, Now losing 6000 dollars from 0 . 1 percent chance or losing 3000 dollars to 0 . 2 percent or 0 to 0 dollars with a 99 percent chance . For this honestly I just go for the 3000 dollars even though the chance of losing is doubled . It is pretty small and if I lose it is still not as bad as the 6000 dollars so I go for that .,73.0
33,69837,0.0,"[0.1,99.9]","[6000,0]","[0.2,99.8]","[3000,0]",problem8,21066.0, Now losing 6000 dollars from 0 . 1 percent chance or losing 3000 dollars to 0 . 2 percent or 0 to 0 dollars with a 99 percent chance . For this honestly I just go for the 3000 dollars even though the chance of losing is doubled . It is pretty small and if I lose it is still not as bad as the 6000 dollars so I go for that .,73.0
34,69837,0.0,"[25,75]","[-6000,0]","[25,25,50]","[-4000,-2000,0]",problem13p,62575.0," Losing 6000 dollars is a 25 percent chance . 0 with a 75 or losing 4000 dollars . And then , yeah , 2000 dollars and 0 . Here , wow . It is a hard one I have to think about this for a second because I do not know the amount of it on the top . There is a 50 percent . If you just look at it as losing and winning , there is a 50 - 50 losing is the right option . You lose with the left , you are losing a lot more . Ah , it is pretty bad . I think it would be really hard to deal with either of these , but it is just the lower chance of losing all in all . I would have to work for it either way , but the lower chance of losing is the lower chance of having to work for it . And I would get it done either way , just a matter of time . So , the 6000 dollars is probably what I think .",188.0
35,69837,1.0,"[45,55]","[-6000,0]","[90,10]","[-3000,0]",problem7p,38121.0," We are losing 6000 dollars with a 45 percent chance , 0 dollars with a 55 percent chance , we are losing 3000 with a 90 percent chance for 0 with a 10 . Here I mean , I just go for the 3000 , it is really bad , but I have to do twice as much as I lose to 6000 to recoup that . And even though the chance is lower , it is like way more . So I would be ready to lose a 3000 and just do something else with that . I think if I do not lose it , that is an added bonus .",113.0
36,69837,0.0,"[50,50]","[1000,0]",[100],[500],problem11,48868.0," So here , let us see , 1000 dollars for 50 percent . This seems like the same question as earlier , and I am going to go with the same answer , just saying winning 1000 dollars with a 50 percent chance seems better . Yeah , I do not know . I feel like 90 percent of these sums are really substantial . So might as well . I mean , obviously they are substantial , but it makes me say that it is probably that . I mean , I could use some for food and cruise quality of life , but I am getting biases . So the 1000 dollars probably be more fun , just as a call to scholarship .",126.0
37,69837,1.0,"[0.1,99.9]","[-5000,0]",[100],[-5],problem14p,31384.0," I am losing 5000 dollars for today . 0 . 1 percent chance , so it is 0 dollars 99 percent . Yeah , here I just go with the 5 dollars . I did not dish that out . I rationalize that as a coffee in the day . Just do not get snack . Do not get a coffee in the room . I feel like that is not a risk - taking on . The 5000 dollars , we are going to lose the 5000 dollars .",90.0
18,69855,1.0,"[25,75]","[1000,0]",[100],[240],practice_problem_a,42474.0, Please try to speak your thoughts aloud when you reach a decision register your choice by . So win 1000 with 25 percent chance or lose . Win 240 dollars with 100 percent chance . Hm I do not know the one on the left seems like one - fourth . And you win 1000 . Hm Win 240 for sure . Hm I will go with 240 .,69.0
19,69855,0.0,"[80,20]","[-500,0]",[100],[-400],practice_problem_b,26406.0," lose 500 with 80 percent chance lose , or lose 400 with 100 percent chance . well 80 percent is less than 100 losing 400 would be for sure .",30.0
21,69855,0.0,"[25,75]","[-6000,0]","[25,25,50]","[-4000,-2000,0]",problem13p,57354.0," Lose 6000 with 25 percent chance . Lose  Lose 4000 with 25 percent chance . Lose 2000 with  percent chance . Lose 0 with 50 percent . So the  the losing for 0 dollars over here is about 75 and over here is about 50 . Well technically over here it is the same 600 , about 50 percent . So you are losing 600 with 50 percent chance and over here it is with 25 percent chance so the left . 100 ",83.0
22,69855,0.0,"[80,20]","[-4000,0]",[100],[-3000],problem3p,9269.0, Lose 4000 with 80 percent chance . Lose  20 . Lose 3000 with 100 percent . The left,18.0
23,69855,0.0,"[50,50]","[1000,0]",[100],[450],problem0,14005.0," Win 1000 with 50 percent chance , lose , win 450 with hm both ",14.0
24,69855,1.0,"[20,80]","[4000,0]","[25,75]","[3000,0]",problem4,20854.0," lose 4000 with 20 percent chance and then lose  with 25 percent chance . Um Yeah , I think . half of it ",23.0
25,69855,0.0,"[0.1,99.9]","[-5000,0]",[100],[-5],problem14p,30207.0," Lose 5000 with 0 . 1 percent chance , lose 0 with now lose 5 dollars with 100 percent chance . Well For the left the percentage is lower for with the 5000 , so I think the left .  I am losing the 5 for sure .",48.0
26,69855,0.0,"[33,66,1]","[2500,2400,0]",[100],[2400],problem1,40468.0," Win 1000 with 50 percent chance , win 500 with ... Okay , so yeah , that is  the coin toss . And over here , it is half of it for sure . I think the the .",39.0
27,69855,1.0,"[25,75]","[6000,0]","[25,25,50]","[4000,2000,0]",problem13,15041.0," Lose 6000 with 25 percent chance . Lose  Lose 4000 with 25 percent chance . Lose 2000 with  percent chance . Lose 0 with 50 percent . So the  the losing for 0 dollars over here is about 75 and over here is about 50 . Well technically over here it is the same 600 , about 50 percent . So you are losing 600 with 50 percent chance and over here it is with 25 percent chance so the left . 100 ",83.0
28,69855,0.0,"[0.1,99.9]","[6000,0]","[0.2,99.8]","[3000,0]",problem8,21658.0," lose 6000 with 0 . 1 percent chance , lose  with 99 . 9 percent chance . hm I do not know . I think ...",26.0
29,69855,0.0,"[45,55]","[-6000,0]","[90,10]","[-3000,0]",problem7p,23288.0," And then lose 6000 with 45 percent chance , lose 3000 with 90 percent chance . Okay , well over here , it is 90 percent chance that you lose the 3000 . And then so it is 45 percent chance so we say that you lose the 6000 , so I think the left .",56.0
30,69855,1.0,"[50,50]","[1000,0]",[100],[500],problem11,14066.0," Win 1000 with 50 percent chance , win 500 with ... Okay , so yeah , that is  the coin toss . And over here , it is half of it for sure . I think the the .",39.0
31,69855,0.0,"[0.1,99.9]","[5000,0]",[100],[5],problem14,7434.0," Lose 5000 with 0 . 1 percent chance , lose 0 with now lose 5 dollars with 100 percent chance . Well For the left the percentage is lower for with the 5000 , so I think the left .  I am losing the 5 for sure .",48.0
32,69855,1.0,"[0.1,99.9]","[-6000,0]","[0.2,99.8]","[-3000,0]",problem8p,17650.0," lose 6000 with 0 . 1 percent chance , lose  with 99 . 9 percent chance . hm I do not know . I think ...",26.0
33,69855,1.0,"[45,55]","[6000,0]","[90,10]","[3000,0]",problem7,21832.0," And then lose 6000 with 45 percent chance , lose 3000 with 90 percent chance . Okay , well over here , it is 90 percent chance that you lose the 3000 . And then so it is 45 percent chance so we say that you lose the 6000 , so I think the left .",56.0
34,69855,0.0,"[50,50]","[-1000,0]",[100],[-500],problem12,8072.0," Lose 500 , well no . Lose it with the 50 percent chance .",14.0
35,69855,0.0,"[20,80]","[-4000,0]","[25,75]","[-3000,0]",problem4p,14839.0," lose 4000 with 20 percent chance and then lose  with 25 percent chance . Um Yeah , I think . half of it ",23.0
36,69855,0.0,"[33,67]","[2500,0]","[34,66]","[2400,0]",problem2,11025.0,Wait hold on And then win 2500 with 30  or 2400 with 34 so it is only 1 percent higher this one,22.0
37,69855,0.0,"[80,20]","[4000,0]",[100],[3000],problem3,9090.0, Lose 4000 with 80 percent chance . Lose  20 . Lose 3000 with 100 percent . The left,18.0
18,69866,1.0,"[25,75]","[1000,0]",[100],[240],practice_problem_a,23785.0," Please try to speak your thoughts aloud when you do a research design , register your choice by clicking or tapping the option you would prefer . Win 1000 dollars with 25 percent chance . Lose 0 dollars with 75 percent chance . Win 240 with 100 percent chance . Do that one ",53.0
19,69866,0.0,"[80,20]","[-500,0]",[100],[-400],practice_problem_b,17922.0," Lose 500 with 80 percent chance , lose 0 with 20 percent chance , lose 400 with 100 percent chance . Um I do not really want to lose either , but I guess do that one .",38.0
21,69866,1.0,"[45,55]","[6000,0]","[90,10]","[3000,0]",problem7,21345.0, Lose 6000 with 45 0 with 55 3000 90 . So I have less of a chance of  actually losing .,21.0
22,69866,0.0,"[25,75]","[6000,0]","[25,25,50]","[4000,2000,0]",problem13,32002.0," Lose 6000 25 , lose 0 with 75 , lose 4000 25 , lose 2000 25 , lose 0 50 . This one has less of a chance of losing 0 or more of a chance of losing 0 . That one ",42.0
23,69866,1.0,"[33,66,1]","[2500,2400,0]",[100],[2400],problem1,12723.0," Win 1000 with 50 , lose 0 with 50 , win 500 . Well , on this one , even if I did lose , I am not actually losing anything . I am that guy ",36.0
24,69866,1.0,"[50,50]","[1000,0]",[100],[450],problem0,8612.0, Win 1000 with 50 percent . Lose 0 with 50 . Win 450 with 100 . It is more ,19.0
25,69866,0.0,"[33,67]","[2500,0]","[34,66]","[2400,0]",problem2,19565.0," Win 25 with 33 , lose 0 with 67 . Win 24 with 34 , lose 0 with 66 . Hm I mean Either way , not really losing anything . So ...",33.0
26,69866,0.0,"[0.1,99.9]","[5000,0]",[100],[5],problem14,9618.0," 5000 0 . 1 , 0 99 . 9 um I would rather just lose 5 dollars than 5000 .",20.0
27,69866,1.0,"[20,80]","[4000,0]","[25,75]","[3000,0]",problem4,10673.0," lose 4000 with 20 percent 0 with 80 , 3000 25 , 0 75 . More of a chance to lose 0",22.0
28,69866,0.0,"[25,75]","[-6000,0]","[25,25,50]","[-4000,-2000,0]",problem13p,16392.0," Lose 6000 25 , lose 0 with 75 , lose 4000 25 , lose 2000 25 , lose 0 50 . This one has less of a chance of losing 0 or more of a chance of losing 0 . That one ",42.0
29,69866,0.0,"[0.1,99.9]","[6000,0]","[0.2,99.8]","[3000,0]",problem8,11097.0," 6000 0 . 1 , 0 99 , 3000 0 . 2 that one  s less ",16.0
30,69866,0.0,"[80,20]","[-4000,0]",[100],[-3000],problem3p,9110.0," Lose 4000 with 80 , 0 with 20 , lose 3000 with 100 percent . Well this one I at least have a chance to win .",27.0
31,69866,1.0,"[80,20]","[4000,0]",[100],[3000],problem3,9908.0," Lose 4000 with 80 , 0 with 20 , lose 3000 with 100 percent . Well this one I at least have a chance to win .",27.0
32,69866,0.0,"[45,55]","[-6000,0]","[90,10]","[-3000,0]",problem7p,8496.0, Lose 6000 with 45 0 with 55 3000 90 . So I have less of a chance of  actually losing .,21.0
33,69866,0.0,"[0.1,99.9]","[-6000,0]","[0.2,99.8]","[-3000,0]",problem8p,5763.0," 6000 0 . 1 , 0 99 , 3000 0 . 2 that one  s less ",16.0
34,69866,1.0,"[0.1,99.9]","[-5000,0]",[100],[-5],problem14p,15997.0," 5000 0 . 1 , 0 99 . 9 um I would rather just lose 5 dollars than 5000 .",20.0
35,69866,0.0,"[20,80]","[-4000,0]","[25,75]","[-3000,0]",problem4p,11166.0," lose 4000 with 20 percent 0 with 80 , 3000 25 , 0 75 . More of a chance to lose 0",22.0
36,69866,0.0,"[50,50]","[-1000,0]",[100],[-500],problem12,15464.0," 0 or 1000 with 50 , 0 with 50 , lose 500 , 100 . Ah 50 / 50 chance I could lose nothing or lose 1000 .",28.0
37,69866,0.0,"[50,50]","[1000,0]",[100],[500],problem11,10749.0," Win 1000 with 50 , lose 0 with 50 , win 500 . Well , on this one , even if I did lose , I am not actually losing anything . I am that guy ",36.0
18,69892,1.0,"[25,75]","[1000,0]",[100],[240],practice_problem_a,45273.0," Okay , so you win 1000 dollars with 25 percent chance , but you lose . That is bigger than the last question . The last one was 100 dollars , and now the chances are a lot more different . And then the one with 100 percent chance has a higher amount of money . But it depends on if I really need it or not . Well , like this is a fake scenario , so like I do not actually need it . So ... Hmm . But like you ... I guess 240 .",98.0
19,69892,1.0,"[80,20]","[-500,0]",[100],[-400],practice_problem_b,71364.0," Okay , lose 500 with 80 percent chance lose okay lose 500 with 80 percent chance or lose 0 with 20 percent chance . Lose 400 with 100 percent chance . Hmm well If I apply the same like way of getting to it as the last question , then it makes sense that I choose lose 400 with 100 percent chance because now the percents are even bigger . Well could Okay , well I do not think I am big on taking risks ? I guess 400 , but like okay 20 percent chance though that is not that high . Well , okay , 20 percent actually is pretty high . It occurs more often than I think . Hmm , I do not know I guess I will just do lose 400 .",137.0
21,69892,0.0,"[50,50]","[-1000,0]",[100],[-500],problem12,72067.0," What lose 1000 with 50 percent chance or lose 500 with 100 percent chance Okay , well 50s greater , but like I feel like it is a lot easier to lose with 50 than it is to lose with like 80 percent I like do not trust 50 - 50s , but I do trust 80 - 20s like 80 percent 20 percent But like also when it depends on what I am losing it for am I just like losing it Like am I is it going somewhere or they are just like gone because I guess if it is going somewhere then it really depends Well , we are gambling It is like a , but is it like gambling gambling or is that just a phrase that was used ? I do not know I Guess lose 500 well , I Do not really trust 50 percent but I am going to pick that one ",159.0
22,69892,0.0,"[20,80]","[-4000,0]","[25,75]","[-3000,0]",problem4p,59217.0," Lose 4000 4000 okay lose 4000 with 20 percent chance or lose 0 with 80 percent chance . I still , 20 percent is still a really big percent . Lose 3000 with  25 percent chance . Lose 0 with 75 percent chance . So it is less money but it is also a higher percent to lose it . And then the first option is . What ? Well , if I apply the same rules I applied for my other ones then I should pick the left one even though it is more money . And 1000 dollars difference is a lot . I guess lose 4000 or lose .",112.0
23,69892,0.0,"[33,67]","[2500,0]","[34,66]","[2400,0]",problem2,37775.0," lose 0 . Win 2500 with 33 percent chance or lose 0 with 67 percent chance . I did not understand that . Win  Win 2500 with 33 percent chance . Lose Okay , so there is like no ... There is like no consequence to me because I do not lose anything , but I could win . And the other one is the same . I could win , but a 1 percent difference ? Hell no , I would pick the one with bigger money .",89.0
24,69892,1.0,"[80,20]","[4000,0]",[100],[3000],problem3,29766.0," Okay , lose 4000 with 80 percent chance or 0 . Lose 3000 with 100 percent chance . I am so tired of choosing these options . Lose 4000 with 80 percent chance . Is there going to be questions after this or is this the whole thing ? Focus . Okay . Lose 4000 with 80 percent lose 0 with 20 percent lose 3000 with 100 percent I do not know why is it so hard to choose . Hmm I do not trust that 80 percent because you lose a lot more often even when it is still 80 percent . Hmm Yeah , hmm I will just pick that . I do not trust chances . ",119.0
25,69892,1.0,"[50,50]","[1000,0]",[100],[450],problem0,67586.0," do 3000 . Win 1000 with 50 ? Oh my god , what are these options ? Okay , win 1000 with 50 percent chance , lose 0 with 50 percent chance . I did not understand what I read . Win 1000 with 50 percent chance , lose 0 with 50 percent chance . Okay , win 450 with 100 percent chance . Well , if these are adding up , then like I could just accumulate the ones that I have 100 percent chance of winning , even though they are a lot smaller . But if they are not accumulating , then like would not it be smart ? Because I am not really trying to like get as much money as possible . I am just trying to get some in general . It does not matter the amount as long as you win . But then , well , okay , actually , what am I saying ? My mind is going blank . I have no idea what I am thinking about . Uh Okay , win . Okay , you know what ? We will just do that one .",197.0
26,69892,0.0,"[45,55]","[-6000,0]","[90,10]","[-3000,0]",problem7p,31701.0," Lose 6000 with 45 percent or lose 0 . Okay , lose 3000 with Jesus Christ . What is this option ? Lose 3000 with 90 percent versus lose 6000 with 45 percent . 3000 is a lot bigger difference than 1000 and 90 percent ? Okay , we are doing that .",53.0
27,69892,0.0,"[20,80]","[4000,0]","[25,75]","[3000,0]",problem4,21114.0," Lose 4000 4000 okay lose 4000 with 20 percent chance or lose 0 with 80 percent chance . I still , 20 percent is still a really big percent . Lose 3000 with  25 percent chance . Lose 0 with 75 percent chance . So it is less money but it is also a higher percent to lose it . And then the first option is . What ? Well , if I apply the same rules I applied for my other ones then I should pick the left one even though it is more money . And 1000 dollars difference is a lot . I guess lose 4000 or lose .",112.0
28,69892,1.0,"[45,55]","[6000,0]","[90,10]","[3000,0]",problem7,29102.0," Lose 6000 with 45 percent or lose 0 . Okay , lose 3000 with Jesus Christ . What is this option ? Lose 3000 with 90 percent versus lose 6000 with 45 percent . 3000 is a lot bigger difference than 1000 and 90 percent ? Okay , we are doing that .",53.0
29,69892,1.0,"[25,75]","[6000,0]","[25,25,50]","[4000,2000,0]",problem13,54254.0, lose 6000 with 25 percent lose 0 with 75 percent lose 0 with 50 percent lose  okay well both of them are lower than 6000 but the other one has a higher I do not know if I trust 75 percent because if I do not trust 80 then I should not trust 75 so I guess I will do the right option ,63.0
30,69892,1.0,"[25,75]","[-6000,0]","[25,25,50]","[-4000,-2000,0]",problem13p,39484.0, lose 6000 with 25 percent lose 0 with 75 percent lose 0 with 50 percent lose  okay well both of them are lower than 6000 but the other one has a higher I do not know if I trust 75 percent because if I do not trust 80 then I should not trust 75 so I guess I will do the right option ,63.0
31,69892,0.0,"[33,66,1]","[2500,2400,0]",[100],[2400],problem1,31717.0," 5000 . Win 1000 . Well , not everybody does not give a shit about 5 dollars . Because if you are like homeless , those 5 dollars could be really ... I cannot go back . Anyway , okay . Win 1000 with 50 percent chance . Lose 0 with 50 percent or win 500 with 100 percent chance . Hmm I feel like the questions went easy to really hard and indecisive and they are getting back to easy . What is going on ? Win 1000 with 50 percent hmm I guess the 500 with 100",99.0
32,69892,0.0,"[0.1,99.9]","[6000,0]","[0.2,99.8]","[3000,0]",problem8,37510.0," Trying to study . Okay , lose 6000 with 0 . 1 percent . Lose 3000 with 0 . 2 percent . What ? Oh , oh , so it is the same thing but losing instead of winning . Hmm . Okay , well , hmm now I got to do the option with the less money even though they are still the same percent . What is this ?",71.0
33,69892,1.0,"[0.1,99.9]","[-6000,0]","[0.2,99.8]","[-3000,0]",problem8p,35722.0," Trying to study . Okay , lose 6000 with 0 . 1 percent . Lose 3000 with 0 . 2 percent . What ? Oh , oh , so it is the same thing but losing instead of winning . Hmm . Okay , well , hmm now I got to do the option with the less money even though they are still the same percent . What is this ?",71.0
34,69892,0.0,"[80,20]","[-4000,0]",[100],[-3000],problem3p,73632.0," Okay , lose 4000 with 80 percent chance or 0 . Lose 3000 with 100 percent chance . I am so tired of choosing these options . Lose 4000 with 80 percent chance . Is there going to be questions after this or is this the whole thing ? Focus . Okay . Lose 4000 with 80 percent lose 0 with 20 percent lose 3000 with 100 percent I do not know why is it so hard to choose . Hmm I do not trust that 80 percent because you lose a lot more often even when it is still 80 percent . Hmm Yeah , hmm I will just pick that . I do not trust chances . ",119.0
35,69892,0.0,"[0.1,99.9]","[5000,0]",[100],[5],problem14,27022.0, Oh my god these percents . Lose 5000 with 0 . 1 or lose 5 . What oh wait but the other ones lose 0 with 99 . 9 percent . Hmm Wow this is really annoying . 99 . 9 is not a 100 . But 5000 dollars is a lot of dollars . What the fuck ? Okay uh I am just staring at it like why do I have no thoughts about this I am just like looking at it hoping a thought will come . Lose 5000 but okay lose  okay 5 dollars is nothing I am doing .,103.0
36,69892,1.0,"[50,50]","[1000,0]",[100],[500],problem11,43657.0," 5000 . Win 1000 . Well , not everybody does not give a shit about 5 dollars . Because if you are like homeless , those 5 dollars could be really ... I cannot go back . Anyway , okay . Win 1000 with 50 percent chance . Lose 0 with 50 percent or win 500 with 100 percent chance . Hmm I feel like the questions went easy to really hard and indecisive and they are getting back to easy . What is going on ? Win 1000 with 50 percent hmm I guess the 500 with 100",99.0
37,69892,1.0,"[0.1,99.9]","[-5000,0]",[100],[-5],problem14p,73528.0, Oh my god these percents . Lose 5000 with 0 . 1 or lose 5 . What oh wait but the other ones lose 0 with 99 . 9 percent . Hmm Wow this is really annoying . 99 . 9 is not a 100 . But 5000 dollars is a lot of dollars . What the fuck ? Okay uh I am just staring at it like why do I have no thoughts about this I am just like looking at it hoping a thought will come . Lose 5000 but okay lose  okay 5 dollars is nothing I am doing .,103.0
18,69899,1.0,"[25,75]","[1000,0]",[100],[240],practice_problem_a,35491.0, Um please try to speak your thoughts aloud when you reach a decision register your choice by clicking or tapping the option you prefer . So win 100 dollars 25 percent chance lose 0 with 75 percent chance . Like I could lose more right there is a chance to lose more . Win 2040 with 100 percent chance . Of course I will win 2040 like yea I have nothing to lose ,73.0
19,69899,1.0,"[80,20]","[-500,0]",[100],[-400],practice_problem_b,40672.0, Um so lose 500 dollars with 80 percent . Lose 0 dollars with 20 percent lose 40 dollars with 100 percent chance . Okay if I lose like 0 there is 20 percent chance between 80 percent chance I could like lose more money right . So lose 500 dollars with 80 percent chance . Okay I I can lose more even in this case of course I will lose 400 with 100 percent chance because at least I know that I am not losing 100 dollar ,87.0
21,69899,0.0,"[25,75]","[6000,0]","[25,25,50]","[4000,2000,0]",problem13,35971.0,Okay lose lose lose lose everywhere is lose . Lose 0 with 75 percent chance I guess this one,19.0
22,69899,1.0,"[80,20]","[4000,0]",[100],[3000],problem3,14390.0," Okay  lose okay I do not I do not like this word , lose 0 with 20 percent chance it means 80 percent chance I can lose even more money . So I better will choose ",36.0
23,69899,1.0,"[80,20]","[-4000,0]",[100],[-3000],problem3p,17374.0," Okay  lose okay I do not I do not like this word , lose 0 with 20 percent chance it means 80 percent chance I can lose even more money . So I better will choose ",36.0
24,69899,0.0,"[0.1,99.9]","[-6000,0]","[0.2,99.8]","[-3000,0]",problem8p,21471.0,Okay lose 6000 lose 0 with 99 . 9 percent okay lose  lose 200 dollars with  I will choose this because maybe oh no no no no no no I will choose this yes there is a less chance of losing,41.0
25,69899,0.0,"[25,75]","[-6000,0]","[25,25,50]","[-4000,-2000,0]",problem13p,10357.0,Okay lose lose lose lose everywhere is lose . Lose 0 with 75 percent chance I guess this one,19.0
26,69899,1.0,"[50,50]","[1000,0]",[100],[450],problem0,10521.0, Okay win 100 lose no I will always like uh try to like be on the winner side ,18.0
27,69899,0.0,"[20,80]","[-4000,0]","[25,75]","[-3000,0]",problem4p,11754.0, Okay  lose 4 with  lose 80  I mean lose 0 with 80 . Okay let us do 0 with 80 ,20.0
28,69899,0.0,"[45,55]","[6000,0]","[90,10]","[3000,0]",problem7,17975.0, Oh everywhere is lose lose 0 is ,7.0
29,69899,1.0,"[50,50]","[-1000,0]",[100],[-500],problem12,15489.0,Okay lose 500 with 100 percent chance with 50 yea okay I can lose even more so I will uh choose the one with 100 percent chance at losing I know what I am going to do right,38.0
30,69899,0.0,"[33,67]","[2500,0]","[34,66]","[2400,0]",problem2,11386.0, Okay win lose win lose okay 67 percent its 0 right let us do this because I can lose even more ,21.0
31,69899,1.0,"[0.1,99.9]","[5000,0]",[100],[5],problem14,7637.0,45 eh 55 percent so lose 5 dollars with 100 percent of course I will choose this one,18.0
32,69899,0.0,"[20,80]","[4000,0]","[25,75]","[3000,0]",problem4,16474.0, Okay  lose 4 with  lose 80  I mean lose 0 with 80 . Okay let us do 0 with 80 ,20.0
33,69899,1.0,"[50,50]","[1000,0]",[100],[500],problem11,3987.0, Okay win of course of course of course Let us choose this . ,13.0
34,69899,1.0,"[33,66,1]","[2500,2400,0]",[100],[2400],problem1,4054.0, Okay win of course of course of course Let us choose this . ,13.0
35,69899,0.0,"[45,55]","[-6000,0]","[90,10]","[-3000,0]",problem7p,5037.0, Oh everywhere is lose lose 0 is ,7.0
36,69899,1.0,"[0.1,99.9]","[-5000,0]",[100],[-5],problem14p,7770.0,45 eh 55 percent so lose 5 dollars with 100 percent of course I will choose this one,18.0
37,69899,0.0,"[0.1,99.9]","[6000,0]","[0.2,99.8]","[3000,0]",problem8,10237.0,Okay lose 6000 lose 0 with 99 . 9 percent okay lose  lose 200 dollars with  I will choose this because maybe oh no no no no no no I will choose this yes there is a less chance of losing,41.0
18,69966,1.0,"[25,75]","[1000,0]",[100],[240],practice_problem_a,33036.0," Okay , so , I mean in either scenario you are not losing anything , but you have a much lower chance of winning 1000 dollars than you have to win 240 , so I think I would choose to win 240 with an 100 percent chance , because that just seems like the most reasonable option with the best chance of winning money , and in either scenario you do not lose anything , so I think that would be my option .",84.0
19,69966,0.0,"[80,20]","[-500,0]",[100],[-400],practice_problem_b,32519.0,um I think I would prefer to go with the lose 500 dollars with an 80 percent chance or lose 0 dollars with a 20 percent chance because you have that 20 percent chance to not lose any money and I would rather that than lose 400 or 500 dollars and obviously there is an 80 percent chance I will lose that 500 dollars but the 100 percent chance to lose 400 is just too high of a percentage,79.0
21,69966,0.0,"[0.1,99.9]","[-6000,0]","[0.2,99.8]","[-3000,0]",problem8p,34587.0," hmm I think I would rather ... I mean both of these , the percentage to lose the large amount of money is very slim but I think I would pick the lose 6000 with a 0 . 1 percent chance just because it is a lower chance and although it is more money you have a way ... well not a way but you have a larger chance to not lose any money ",74.0
22,69966,0.0,"[20,80]","[-4000,0]","[25,75]","[-3000,0]",problem4p,30653.0,I would rather pick the one where I would lose 0 dollars with an 80 percent chance because I would way way way way prefer to lose 0 dollars out of then 4000 dollars .,35.0
23,69966,1.0,"[25,75]","[6000,0]","[25,25,50]","[4000,2000,0]",problem13,44049.0," I would rather lose as little money as possible . Oh , but it does ... actually I will go with the one on the left because you have a higher chance to lose 0 dollars even though the money with the 25 percent chance is 6000 which is very large .",52.0
24,69966,1.0,"[0.1,99.9]","[5000,0]",[100],[5],problem14,20922.0," I do not ... I do not really have a preference . I would rather lose 5 dollars , I guess .",22.0
25,69966,1.0,"[20,80]","[4000,0]","[25,75]","[3000,0]",problem4,13449.0,I would rather pick the one where I would lose 0 dollars with an 80 percent chance because I would way way way way prefer to lose 0 dollars out of then 4000 dollars .,35.0
26,69966,1.0,"[80,20]","[4000,0]",[100],[3000],problem3,14355.0,I would definitely rather go with the 20 percent possibility to not lose any money .,16.0
27,69966,1.0,"[33,67]","[2500,0]","[34,66]","[2400,0]",problem2,19253.0,Um I would take the one on the right . I do not care if it is a 100 dollars less . I have a greater chance of winning that money and again I am not losing anything so there is really nothing for me to really deal .,49.0
28,69966,1.0,"[0.1,99.9]","[6000,0]","[0.2,99.8]","[3000,0]",problem8,10298.0," hmm I think I would rather ... I mean both of these , the percentage to lose the large amount of money is very slim but I think I would pick the lose 6000 with a 0 . 1 percent chance just because it is a lower chance and although it is more money you have a way ... well not a way but you have a larger chance to not lose any money ",74.0
29,69966,1.0,"[50,50]","[1000,0]",[100],[450],problem0,6254.0,percentage . Um win 450 with a 100 percent chance . Um I guess I picked the one on the left .,22.0
30,69966,0.0,"[33,66,1]","[2500,2400,0]",[100],[2400],problem1,15269.0," Um , win the 500 dollars with 100 percent chance . Uh I do not want to lose 500 dollars but I also do not want to lose 1000 so I guess I will go with 50 percent chance to lose 1000 . I do not know it just feels like decent enough odds .",55.0
31,69966,1.0,"[45,55]","[-6000,0]","[90,10]","[-3000,0]",problem7p,16204.0, I do not really ... hmm I would rather take the 3000 dollars with a 90 percent chance .,19.0
32,69966,0.0,"[80,20]","[-4000,0]",[100],[-3000],problem3p,10517.0,I would definitely rather go with the 20 percent possibility to not lose any money .,16.0
33,69966,1.0,"[0.1,99.9]","[-5000,0]",[100],[-5],problem14p,10655.0," I do not ... I do not really have a preference . I would rather lose 5 dollars , I guess .",22.0
34,69966,1.0,"[50,50]","[1000,0]",[100],[500],problem11,10601.0," Um , win the 500 dollars with 100 percent chance . Uh I do not want to lose 500 dollars but I also do not want to lose 1000 so I guess I will go with 50 percent chance to lose 1000 . I do not know it just feels like decent enough odds .",55.0
35,69966,0.0,"[50,50]","[-1000,0]",[100],[-500],problem12,18615.0,chance . Uh I do not want to lose 500 dollars but I also do not want to lose 1000 so I guess I will go with 50 percent chance to lose 1000 . I do not know it just feels like decent enough odds .,46.0
36,69966,0.0,"[25,75]","[-6000,0]","[25,25,50]","[-4000,-2000,0]",problem13p,26701.0," I would rather lose as little money as possible . Oh , but it does ... actually I will go with the one on the left because you have a higher chance to lose 0 dollars even though the money with the 25 percent chance is 6000 which is very large .",52.0
37,69966,1.0,"[45,55]","[6000,0]","[90,10]","[3000,0]",problem7,11731.0, I do not really ... hmm I would rather take the 3000 dollars with a 90 percent chance .,19.0
18,69967,1.0,"[25,75]","[1000,0]",[100],[240],practice_problem_a,46656.0," So , like , if I consider winning 240 dollars with a 100 percent chance , it is , it is like for sure , I do not need to worry about something like , I do not need to think if I will get it or will not get it for the other condition , like winning 1000 dollars with 25 percent chance , it is a luck factor , but then it is a huge amount . I get it . But that is a chance factor . If we do not get it , we also lose the 240 dollars , which is like a fixed amount . So I would rather go with the second option .",121.0
19,69967,0.0,"[80,20]","[-500,0]",[100],[-400],practice_problem_b,10984.0,,0.0
21,69967,1.0,"[0.1,99.9]","[-5000,0]",[100],[-5],problem14p,39239.0,I would choose the first option because losing 5000 with 0 . 1 percent chance is very rare but then also losing like 0 dollars is 99 . 9 percent of chance but then like 5 dollars is not a big amount so I can always go with losing 5 dollars for 100 percent even if I even like if likewise I come in the 0 . 1 percent and I lose 5000 that will be a real setback for me .,82.0
22,69967,1.0,"[25,75]","[6000,0]","[25,25,50]","[4000,2000,0]",problem13,27537.0,I would go with the second option because the losses are quite low and yeah of course the losses matter because it is what we going to pay from our pocket and hence I will go with the second option .,41.0
23,69967,1.0,"[20,80]","[4000,0]","[25,75]","[3000,0]",problem4,48872.0,Thank you .,3.0
24,69967,0.0,"[0.1,99.9]","[6000,0]","[0.2,99.8]","[3000,0]",problem8,30049.0,I would go with the second option because then even if the losing thing is 0 . 2 percent but then the losing of 0 dollars is 99 . 8 percent that makes sense because no one wants to lose like no one wants to lose more money and the first option is approximately double than the 3000 though the probability is weighted by 0 . 1 percent then I will go with the second option .,77.0
25,69967,0.0,"[50,50]","[1000,0]",[100],[450],problem0,18122.0,I would go with the first one because winning 1000 dollars with 50 percent chance is always a luck factor rather than just having 450 and losing 0 dollars it would not cost me anything so I will go with the first option .,44.0
26,69967,0.0,"[50,50]","[-1000,0]",[100],[-500],problem12,37283.0," question . I think losing money no one likes it . So like with the mental ability and whatever we think about something , we always go with the first option like losing 1000 , though it is a thousand dollar , it has a 50 percent chance but then losing zero also has a 50 percent chance . So we always think and even I think that we can like get , we can beat the 50 percent among the one who loses 0 dollars .",87.0
27,69967,0.0,"[45,55]","[6000,0]","[90,10]","[3000,0]",problem7,18882.0, I will go with the second option too here because of the same thing even though the percentage is like there is a big difference because it is 90 for losing 3000 dollars but then I feel like if we are from the 10 percent who like lose 0 dollars it always profitable than losing 3000 dollars and compared to losing 6000 dollars 3000 dollars is always better is what I feel .,73.0
28,69967,0.0,"[50,50]","[1000,0]",[100],[500],problem11,19965.0," I would take the first chance because even if it is like winning and losing , losing does not because me any harm and I do not spend any dollars so like winning will always profit me and it is like a 50 - 50 chance so we can always take risk among that .",55.0
29,69967,0.0,"[80,20]","[-4000,0]",[100],[-3000],problem3p,20237.0,I would say I would go with the first option because like losing 0 dollars with 20 percent chance is always what you see because you do not want to lose your money and that is the reason we always feel like we can be in the 20 percent .,50.0
30,69967,1.0,"[80,20]","[4000,0]",[100],[3000],problem3,26885.0,I would say I would go with the first option because like losing 0 dollars with 20 percent chance is always what you see because you do not want to lose your money and that is the reason we always feel like we can be in the 20 percent .,50.0
31,69967,1.0,"[0.1,99.9]","[-6000,0]","[0.2,99.8]","[-3000,0]",problem8p,38719.0,I would go with the second option because then even if the losing thing is 0 . 2 percent but then the losing of 0 dollars is 99 . 8 percent that makes sense because no one wants to lose like no one wants to lose more money and the first option is approximately double than the 3000 though the probability is weighted by 0 . 1 percent then I will go with the second option .,77.0
32,69967,0.0,"[33,67]","[2500,0]","[34,66]","[2400,0]",problem2,24312.0,The reason that I specified for the earlier question is the same reason . I would go for the first option .,22.0
33,69967,1.0,"[25,75]","[-6000,0]","[25,25,50]","[-4000,-2000,0]",problem13p,24515.0,I would go with the second option because the losses are quite low and yeah of course the losses matter because it is what we going to pay from our pocket and hence I will go with the second option .,41.0
34,69967,1.0,"[45,55]","[-6000,0]","[90,10]","[-3000,0]",problem7p,31654.0, I will go with the second option too here because of the same thing even though the percentage is like there is a big difference because it is 90 for losing 3000 dollars but then I feel like if we are from the 10 percent who like lose 0 dollars it always profitable than losing 3000 dollars and compared to losing 6000 dollars 3000 dollars is always better is what I feel .,73.0
35,69967,0.0,"[20,80]","[-4000,0]","[25,75]","[-3000,0]",problem4p,8951.0,Thank you .,3.0
36,69967,1.0,"[33,66,1]","[2500,2400,0]",[100],[2400],problem1,15372.0," I would take the first chance because even if it is like winning and losing , losing does not because me any harm and I do not spend any dollars so like winning will always profit me and it is like a 50 - 50 chance so we can always take risk among that .",55.0
37,69967,0.0,"[0.1,99.9]","[5000,0]",[100],[5],problem14,16984.0,I would choose the first option because losing 5000 with 0 . 1 percent chance is very rare but then also losing like 0 dollars is 99 . 9 percent of chance but then like 5 dollars is not a big amount so I can always go with losing 5 dollars for 100 percent even if I even like if likewise I come in the 0 . 1 percent and I lose 5000 that will be a real setback for me .,82.0
18,69985,1.0,"[25,75]","[1000,0]",[100],[240],practice_problem_a,10863.0," Okay , so win 1000 25 chance , that is like what ? Okay , 250 , win 200 , I would rather take this list of chances .",29.0
19,69985,0.0,"[80,20]","[-500,0]",[100],[-400],practice_problem_b,6315.0," this list of chances . Lose 500 , oh , lose 400 . I will take the chance at .",20.0
21,69985,1.0,"[25,75]","[6000,0]","[25,25,50]","[4000,2000,0]",problem13,11755.0,I get more chance of making money . lose 6000 25 lose 0 with 75 oh okay okay lose I Am going to do lose ,25.0
22,69985,0.0,"[25,75]","[-6000,0]","[25,25,50]","[-4000,-2000,0]",problem13p,10956.0,I get more chance of making money . lose 6000 25 lose 0 with 75 oh okay okay lose I Am going to do lose ,25.0
23,69985,1.0,"[0.1,99.9]","[6000,0]","[0.2,99.8]","[3000,0]",problem8,10323.0,Let us go to 3000 lose 6000 0 . 1 lose 0 with 99 . There is 3000 0 . 2 lose 0 with 98 um let us see we will take the ,33.0
24,69985,1.0,"[33,66,1]","[2500,2400,0]",[100],[2400],problem1,10802.0," lose . Okay , yeah . Win 1000 with 50 percent lose , 0 with 50 percent . Win 500 with 1000 or 100 percent chance . Um We will go with win 500 .",35.0
25,69985,1.0,"[80,20]","[-4000,0]",[100],[-3000],problem3p,9979.0," that one . Okay , so lose 4000 with 80 , 0 with 20 , lose 3000 . Um , lose .",22.0
26,69985,1.0,"[0.1,99.9]","[5000,0]",[100],[5],problem14,9520.0,guaranteed lose 5000 oh lose 5 I would rather,9.0
27,69985,1.0,"[45,55]","[6000,0]","[90,10]","[3000,0]",problem7,7999.0,lose 6000 with 45 lose 0 okay lose 3000 with 90 lose um we will take ,16.0
28,69985,1.0,"[0.1,99.9]","[-6000,0]","[0.2,99.8]","[-3000,0]",problem8p,12223.0,Let us go to 3000 lose 6000 0 . 1 lose 0 with 99 . There is 3000 0 . 2 lose 0 with 98 um let us see we will take the ,33.0
29,69985,1.0,"[50,50]","[1000,0]",[100],[500],problem11,15994.0," lose . Okay , yeah . Win 1000 with 50 percent lose , 0 with 50 percent . Win 500 with 1000 or 100 percent chance . Um We will go with win 500 .",35.0
30,69985,1.0,"[50,50]","[1000,0]",[100],[450],problem0,5393.0, It is guaranteed win 1000 50 percent lose 0 with 50 ,11.0
31,69985,1.0,"[0.1,99.9]","[-5000,0]",[100],[-5],problem14p,5958.0,guaranteed lose 5000 oh lose 5 I would rather,9.0
32,69985,1.0,"[50,50]","[-1000,0]",[100],[-500],problem12,7926.0,the 5 . Lose 1000 with 50 lose 0 with 50 lose  um let us get the,17.0
33,69985,1.0,"[45,55]","[-6000,0]","[90,10]","[-3000,0]",problem7p,12704.0,lose 6000 with 45 lose 0 okay lose 3000 with 90 lose um we will take ,16.0
34,69985,1.0,"[20,80]","[-4000,0]","[25,75]","[-3000,0]",problem4p,13180.0, one yeah okay lose 4000 with 20 0 with 80 3000 with 25 0 with 75 lose okay okay okay see well there is a 25 percent chance of losing ,30.0
35,69985,1.0,"[80,20]","[4000,0]",[100],[3000],problem3,7793.0," that one . Okay , so lose 4000 with 80 , 0 with 20 , lose 3000 . Um , lose .",22.0
36,69985,1.0,"[20,80]","[4000,0]","[25,75]","[3000,0]",problem4,7159.0, one yeah okay lose 4000 with 20 0 with 80 3000 with 25 0 with 75 lose okay okay okay see well there is a 25 percent chance of losing ,30.0
37,69985,1.0,"[33,67]","[2500,0]","[34,66]","[2400,0]",problem2,10641.0,winning more . Um win 2500 33 . Win is oh 34 . We will take the 34 . It is just,22.0
18,70011,1.0,"[25,75]","[1000,0]",[100],[240],practice_problem_a,12674.0,25 percent chance of winning 1000 .,7.0
19,70011,0.0,"[80,20]","[-500,0]",[100],[-400],practice_problem_b,8102.0,"  40 , lose hmmm lose 0 with up to ",9.0
21,70011,1.0,"[25,75]","[-6000,0]","[25,25,50]","[-4000,-2000,0]",problem13p,15872.0, Hmmm 6000 25 percent chance . Chances ,7.0
22,70011,0.0,"[20,80]","[4000,0]","[25,75]","[3000,0]",problem4,8298.0,with a 100 percent chance .,6.0
23,70011,1.0,"[80,20]","[4000,0]",[100],[3000],problem3,5321.0,.,1.0
24,70011,1.0,"[20,80]","[-4000,0]","[25,75]","[-3000,0]",problem4p,4357.0,with a 100 percent chance .,6.0
25,70011,0.0,"[0.1,99.9]","[-5000,0]",[100],[-5],problem14p,7171.0,I will just lose 5 dollars with a 100 percent chance . Hm this one,15.0
26,70011,0.0,"[0.1,99.9]","[6000,0]","[0.2,99.8]","[3000,0]",problem8,6090.0,,0.0
27,70011,0.0,"[80,20]","[-4000,0]",[100],[-3000],problem3p,5914.0,.,1.0
28,70011,1.0,"[33,66,1]","[2500,2400,0]",[100],[2400],problem1,4200.0,Yeah .,2.0
29,70011,1.0,"[45,55]","[-6000,0]","[90,10]","[-3000,0]",problem7p,21739.0,,0.0
30,70011,0.0,"[0.1,99.9]","[-6000,0]","[0.2,99.8]","[-3000,0]",problem8p,3329.0,,0.0
31,70011,1.0,"[25,75]","[6000,0]","[25,25,50]","[4000,2000,0]",problem13,7444.0, Hmmm 6000 25 percent chance . Chances ,7.0
32,70011,1.0,"[33,67]","[2500,0]","[34,66]","[2400,0]",problem2,28318.0,,0.0
33,70011,1.0,"[0.1,99.9]","[5000,0]",[100],[5],problem14,6835.0,I will just lose 5 dollars with a 100 percent chance . Hm this one,15.0
34,70011,1.0,"[45,55]","[6000,0]","[90,10]","[3000,0]",problem7,5382.0,,0.0
35,70011,1.0,"[50,50]","[1000,0]",[100],[450],problem0,5263.0,,0.0
36,70011,1.0,"[50,50]","[1000,0]",[100],[500],problem11,4614.0,Yeah .,2.0
37,70011,0.0,"[50,50]","[-1000,0]",[100],[-500],problem12,9467.0, very quirky of her .,5.0
18,70026,0.0,"[25,75]","[1000,0]",[100],[240],practice_problem_a,49173.0," Win 1000 dollars with 25 percent chance or lose 0 dollars with 75 percent chance , well there is a higher chance that you can lose money which I would not want to do . And 1000 dollars is a lot but there is not a high chance so it would most likely be I would lose the money . But then you could also win 240 with 100 percent chance and that is like guaranteed but it is not as much money but it is guaranteed . And I But then I would lose 0 . I do not lose any but I do not win any but there is a possibility I can win a lot so I think I would do that one .",127.0
19,70026,0.0,"[80,20]","[-500,0]",[100],[-400],practice_problem_b,39133.0," So lose 500 dollars oh with 80 percent chance or lose 0 with  20 percent chance . Um That is a lot to lose . Lose 400 dollars with 100 percent chance . That is a lot . Well definitely not lose 100 percent chance because that is for sure . So I would rather lose 500 with 80 percent chance , lose 0 with 20 percent chance because 0 percent chance or um 0 dollars with 20 percent there is still a chance I could lose nothing .",89.0
21,70026,0.0,"[45,55]","[-6000,0]","[90,10]","[-3000,0]",problem7p,51053.0," lose 6000 dollars with 45 percent chance or lose 0 dollars with 55 percent chance , those are not really good statistics . I mean I can lose a lot for less than 50 or lose none for just a little above 50 and or lose 3000 dollars with 90 percent chance or lose 0 dollars with 10 percent chance . That is tough because 90 percent is a lot and it is like most likely that will happen . But but you lose double and it is 45 percent chance . I feel like that is I feel like there is more , if I choose the 90 percent chance it will probably for sure happen . If  if I do the 45 percent chance there is less than 50 so I could lose nothing so I would rather do that one .",144.0
22,70026,0.0,"[50,50]","[-1000,0]",[100],[-500],problem12,35749.0," lose 1000 dollars with 50 percent chance or lose 0 . I mean there is a 50 - 50 chance . 1000 dollars is a lot though . So not sure , but lose 500 dollars  definitely not that one because 100 percent it will happen , but then if you double it , it is 50 percent it will happen . And I think I would rather take those chances because there is still a 50 percent chance I could lose nothing which is better than for sure losing 500 even though it is less than 1000 .",99.0
23,70026,0.0,"[45,55]","[6000,0]","[90,10]","[3000,0]",problem7,45574.0," lose 6000 dollars with 45 percent chance or lose 0 dollars with 55 percent chance , those are not really good statistics . I mean I can lose a lot for less than 50 or lose none for just a little above 50 and or lose 3000 dollars with 90 percent chance or lose 0 dollars with 10 percent chance . That is tough because 90 percent is a lot and it is like most likely that will happen . But but you lose double and it is 45 percent chance . I feel like that is I feel like there is more , if I choose the 90 percent chance it will probably for sure happen . If  if I do the 45 percent chance there is less than 50 so I could lose nothing so I would rather do that one .",144.0
24,70026,0.0,"[33,67]","[2500,0]","[34,66]","[2400,0]",problem2,46818.0," Win 2500 dollars with 33 percent chance or lose 0 dollars with 67  so that is like one - third That you can win but 0 that you Or that 67 percent chance that you lose But you do not lose any So that is kind of good win 2400 with 34 percent chance win 0 dollars lose 0 dollars with 66 percent I mean honestly , it is just 100 dollars less and it is more of a chance But it is just 1 percent more of a chance . So the  2500 is better even though it is barely more But I would rather choose that one ",109.0
25,70026,1.0,"[0.1,99.9]","[-6000,0]","[0.2,99.8]","[-3000,0]",problem8p,41853.0," Lose 6000 dollars with a 0 . 1 percent chance lose 0 dollars  I mean , that is a good , those are good odds . Lose 3000 dollars with 2 percent chance , or 0 . 2 percent chance . Lose 0 dollars with 99 . 8 percent chance . I mean , those are very similar . I mean , obviously not the amount , but the percent is really similar . And this will 0 . 1 percent make a difference ? But , because I could lose double . Yeah , I would rather do the 3000 because then it would not , I would not like have a chance to lose double and it is just 0 . 1 percent chance more .",128.0
26,70026,0.0,"[33,66,1]","[2500,2400,0]",[100],[2400],problem1,31666.0," Win 1000 dollars with 50 percent chance , or lose 0 dollars with a 50 percent chance , win 500 dollars with 100 percent chance . Again , this is like 50 - 50 . It is like a 50 - 50 one . I mean , 500 is a lot and you for sure win . That would be nice , but win 1000 dollars would be nice too , but it is 50 - 50 . And honestly , I am not a lucky person . So I think I would rather just do 500 for this one .",101.0
27,70026,1.0,"[0.1,99.9]","[5000,0]",[100],[5],problem14,29136.0," Lose 5000 dollars with . 1 percent chance or lose 0 dollars with 99 . 9 percent chance . Oh Well you , oh wait , I mean lose 5 dollars with 100 percent chance , like for sure . I think I would rather do that than take the risk , even though it is . 1 percent , that is very low actually . So I think I would rather lose nothing . Even though 5 is not much , but if I do not have to lose any then I would rather do that .",98.0
28,70026,0.0,"[20,80]","[4000,0]","[25,75]","[3000,0]",problem4,30103.0," lose 4000 dollars with 20 percent chance , lose  dollars with 80 percent chance , lose 30 percent or  30000 with 25 percent chance , lose 0 with 75 percent chance . Um Yeah , I do not want to lose 4000 , but but I think I would rather do that one since it is a lower chance . Even though the other one  s more of a chance , and it is 1000 dollars less , so there is less of a chance , but it is more . But it is a less chance that it would might happen less like there might be less chance it will happen .",113.0
29,70026,0.0,"[50,50]","[1000,0]",[100],[450],problem0,27768.0," win 1000 dollars with 50 percent chance lose 0 dollars with 50 percent chance . Um , that is a 50 - 50 . But you do not lose any so that is good . But you could win 1000 win 450 with 100 percent chance , I think I would do 50 - 50 because 450 is a lot but 1000 dollars is like more than double that and it is 50 - 50 so it could go either way and I would rather take the risk .",89.0
30,70026,0.0,"[0.1,99.9]","[-5000,0]",[100],[-5],problem14p,34203.0," Lose 5000 dollars with . 1 percent chance or lose 0 dollars with 99 . 9 percent chance . Oh Well you , oh wait , I mean lose 5 dollars with 100 percent chance , like for sure . I think I would rather do that than take the risk , even though it is . 1 percent , that is very low actually . So I think I would rather lose nothing . Even though 5 is not much , but if I do not have to lose any then I would rather do that .",98.0
31,70026,0.0,"[20,80]","[-4000,0]","[25,75]","[-3000,0]",problem4p,35618.0," lose 4000 dollars with 20 percent chance , lose  dollars with 80 percent chance , lose 30 percent or  30000 with 25 percent chance , lose 0 with 75 percent chance . Um Yeah , I do not want to lose 4000 , but but I think I would rather do that one since it is a lower chance . Even though the other one  s more of a chance , and it is 1000 dollars less , so there is less of a chance , but it is more . But it is a less chance that it would might happen less like there might be less chance it will happen .",113.0
32,70026,1.0,"[50,50]","[1000,0]",[100],[500],problem11,29486.0," Win 1000 dollars with 50 percent chance , or lose 0 dollars with a 50 percent chance , win 500 dollars with 100 percent chance . Again , this is like 50 - 50 . It is like a 50 - 50 one . I mean , 500 is a lot and you for sure win . That would be nice , but win 1000 dollars would be nice too , but it is 50 - 50 . And honestly , I am not a lucky person . So I think I would rather just do 500 for this one .",101.0
33,70026,0.0,"[0.1,99.9]","[6000,0]","[0.2,99.8]","[3000,0]",problem8,49887.0," Lose 6000 dollars with a 0 . 1 percent chance lose 0 dollars  I mean , that is a good , those are good odds . Lose 3000 dollars with 2 percent chance , or 0 . 2 percent chance . Lose 0 dollars with 99 . 8 percent chance . I mean , those are very similar . I mean , obviously not the amount , but the percent is really similar . And this will 0 . 1 percent make a difference ? But , because I could lose double . Yeah , I would rather do the 3000 because then it would not , I would not like have a chance to lose double and it is just 0 . 1 percent chance more .",128.0
34,70026,1.0,"[25,75]","[6000,0]","[25,25,50]","[4000,2000,0]",problem13,51488.0," Lose 6000 dollars with 25 percent chance lose 0 dollars with 75 percent chance . Hmm Lose 4000 . I think I did that one already . Lose 4000 with so I think I would rather do ... Oh , but this one  s lose . Okay . Lose 4000 dollars with 25 percent chance or lose 2000 dollars with 25 percent chance . Hmm That is 6000 is a lot , but 4000 with 2000 is more of a chance to lose something at all . So And 75 percent chance you will lose nothing . So I think I would rather do that one .",107.0
35,70026,0.0,"[80,20]","[-4000,0]",[100],[-3000],problem3p,26471.0," lose 4000 with 80 percent chance lose 0 dollars with 20 percent chance , lose 3000 with 100 percent chance . Huh , I mean honestly I would rather do the one that has less of a chance . Even though it is 1000 dollars more because there could be a chance I lose nothing still . The other one you for sure , you are just like guaranteed to lose something . That one you might not lose stuff so I think I would rather do 5 .",89.0
36,70026,0.0,"[25,75]","[-6000,0]","[25,25,50]","[-4000,-2000,0]",problem13p,41190.0," Lose 6000 dollars with 25 percent chance lose 0 dollars with 75 percent chance . Hmm Lose 4000 . I think I did that one already . Lose 4000 with so I think I would rather do ... Oh , but this one  s lose . Okay . Lose 4000 dollars with 25 percent chance or lose 2000 dollars with 25 percent chance . Hmm That is 6000 is a lot , but 4000 with 2000 is more of a chance to lose something at all . So And 75 percent chance you will lose nothing . So I think I would rather do that one .",107.0
37,70026,1.0,"[80,20]","[4000,0]",[100],[3000],problem3,21924.0," lose 4000 with 80 percent chance lose 0 dollars with 20 percent chance , lose 3000 with 100 percent chance . Huh , I mean honestly I would rather do the one that has less of a chance . Even though it is 1000 dollars more because there could be a chance I lose nothing still . The other one you for sure , you are just like guaranteed to lose something . That one you might not lose stuff so I think I would rather do 5 .",89.0
18,70064,1.0,"[25,75]","[1000,0]",[100],[240],practice_problem_a,40376.0," Um I think that I would choose to win 240 dollars with 100 percent chance because it is guaranteed that you are going to get that money and I have bad luck and so it is a better option than  winning 1000 dollars with 25 percent chance and 0 with 75 percent chance because 25 percent chance , my gosh , 25 percent chance is a pretty low chance compared to 100 percent and 240 dollars is a lot of money still . How do I finish talking  oh ",89.0
19,70064,0.0,"[80,20]","[-500,0]",[100],[-400],practice_problem_b,23861.0,Um this one lose 500 dollars with 80 percent chance or lose 0 dollars with 20 percent chance or lose 400 dollars with 100 percent chance . I probably am going to pick the first option just because it is only 100 dollars more and I still have that 20 percent chance of losing 0 dollars .,57.0
21,70064,1.0,"[45,55]","[6000,0]","[90,10]","[3000,0]",problem7,38792.0," Oh my gosh , how many of these are there ? Lose 6000 dollars with 45 percent chance or lose 0 dollars with 55 percent chance . So you have more of a chance of losing no money . Then lose 3000 dollars with 90 percent chance or lose 3 dollars with I am going with the other option because you still have more of a chance of losing no money .",72.0
22,70064,0.0,"[0.1,99.9]","[-6000,0]","[0.2,99.8]","[-3000,0]",problem8p,30621.0," Now for this one lose 6000 dollars with 0 . 1 percent chance , lose 0 dollars with 99 . 9 percent chance . Dude what ? Or lose 3000 dollars with 0 . 2 chance , lose 0 dollars with ... I am going to have to go with the other one because it is just like a lower chance of losing money . I mean this question honestly makes no sense but like  ",75.0
23,70064,0.0,"[25,75]","[-6000,0]","[25,25,50]","[-4000,-2000,0]",problem13p,36424.0,"  Okay now we have lose 6000 dollars with 25 percent chance , lose 0 dollars with 75 percent chance , or option 2 . Lose 4000 dollars with 25 percent chance , lose 2000 dollars with 25 percent chance , lose 0 dollars with 50 percent chance . Okay I am going to go with option 1 because it is a higher percent chance of losing 0 dollars . 75 percent that is pretty high and then the other one  s 50 percent and if you were to lose that much anyway you would lose the same amount of money so I am choosing option A .",107.0
24,70064,0.0,"[50,50]","[-1000,0]",[100],[-500],problem12,23629.0," Okay , now we have lose 1000 dollars with 50 percent chance , lose 0 dollars with 50  percent chance , or lose 500 dollars with 100 percent chance . Take the chance I am saying . Like it would suck to lose 1000 dollars , but also like you are not even trying if you do that other option . So option 1 .",65.0
25,70064,1.0,"[0.1,99.9]","[6000,0]","[0.2,99.8]","[3000,0]",problem8,25247.0," Now for this one lose 6000 dollars with 0 . 1 percent chance , lose 0 dollars with 99 . 9 percent chance . Dude what ? Or lose 3000 dollars with 0 . 2 chance , lose 0 dollars with ... I am going to have to go with the other one because it is just like a lower chance of losing money . I mean this question honestly makes no sense but like  ",75.0
26,70064,0.0,"[45,55]","[-6000,0]","[90,10]","[-3000,0]",problem7p,23954.0," Oh my gosh , how many of these are there ? Lose 6000 dollars with 45 percent chance or lose 0 dollars with 55 percent chance . So you have more of a chance of losing no money . Then lose 3000 dollars with 90 percent chance or lose 3 dollars with I am going with the other option because you still have more of a chance of losing no money .",72.0
27,70064,0.0,"[20,80]","[4000,0]","[25,75]","[3000,0]",problem4,31981.0," Lose 4k with 20 percent chance , lose 0 dollars with 80 percent chance . Lose 3k with 25 percent chance , lose 0 with 75 percent chance . Okay . Probably the second one , probably the second one , because you have more of a chance in my eyes of losing . And it is only 5 percent more chance of 0 . So that way you will lose less , even if you do not get that , lose 0 dollars .",85.0
28,70064,1.0,"[0.1,99.9]","[-5000,0]",[100],[-5],problem14p,20040.0,"  Then we have lose 5000 dollars with 0 . 1 percent chance , lose 0 dollars with 99 . 9 percent chance , or lose 5 dollars with 100 percent chance . If you do not choose that second option , you are stupid . lose 5 dollars with 100 percent chance like that is literally only 5 dollars .",60.0
29,70064,1.0,"[25,75]","[6000,0]","[25,25,50]","[4000,2000,0]",problem13,36756.0,"  Okay now we have lose 6000 dollars with 25 percent chance , lose 0 dollars with 75 percent chance , or option 2 . Lose 4000 dollars with 25 percent chance , lose 2000 dollars with 25 percent chance , lose 0 dollars with 50 percent chance . Okay I am going to go with option 1 because it is a higher percent chance of losing 0 dollars . 75 percent that is pretty high and then the other one  s 50 percent and if you were to lose that much anyway you would lose the same amount of money so I am choosing option A .",107.0
30,70064,1.0,"[0.1,99.9]","[5000,0]",[100],[5],problem14,18540.0,"  Then we have lose 5000 dollars with 0 . 1 percent chance , lose 0 dollars with 99 . 9 percent chance , or lose 5 dollars with 100 percent chance . If you do not choose that second option , you are stupid . lose 5 dollars with 100 percent chance like that is literally only 5 dollars .",60.0
31,70064,1.0,"[33,66,1]","[2500,2400,0]",[100],[2400],problem1,25678.0," Win 100 win 1k with  50 percent chance , lose 0 dollars with 50 percent chance , or win 500 with 100 percent chance . I am going to have to go with win 500 dollars with 100 percent chance because 50 - 50 is very iffy and I could use 500 dollars right now .",56.0
32,70064,0.0,"[80,20]","[-4000,0]",[100],[-3000],problem3p,28974.0," Choice number 2 . Lose 400 hundred or 4000 dollars with 80 percent chance . Lose 0 dollars with 20 percent chance . Um lose 3000 dollars with 100 percent chance . Probably , this one  s stumping me uhh Probably lose 0 with 20 percent chance because you still have that chance . And yeah .",57.0
33,70064,0.0,"[33,67]","[2500,0]","[34,66]","[2400,0]",problem2,25507.0, win 2500 with 33 percent chance . Lose 0 with 67 . Win 2400 with 34 percent chance lose 60 lose 0 with 66 percent chance . Probably the first one because it is a higher chance of losing and you still win 2500 dollars if you win .,49.0
34,70064,1.0,"[50,50]","[1000,0]",[100],[500],problem11,21465.0," Win 100 win 1k with  50 percent chance , lose 0 dollars with 50 percent chance , or win 500 with 100 percent chance . I am going to have to go with win 500 dollars with 100 percent chance because 50 - 50 is very iffy and I could use 500 dollars right now .",56.0
35,70064,1.0,"[20,80]","[-4000,0]","[25,75]","[-3000,0]",problem4p,38564.0," Lose 4k with 20 percent chance , lose 0 dollars with 80 percent chance . Lose 3k with 25 percent chance , lose 0 with 75 percent chance . Okay . Probably the second one , probably the second one , because you have more of a chance in my eyes of losing . And it is only 5 percent more chance of 0 . So that way you will lose less , even if you do not get that , lose 0 dollars .",85.0
36,70064,1.0,"[50,50]","[1000,0]",[100],[450],problem0,12072.0,Win oh this one is going to be option number 2 yet again because you are guaranteed the money . And like yeah you could win 1000 bucks but 50 50 is .,33.0
37,70064,1.0,"[80,20]","[4000,0]",[100],[3000],problem3,18462.0," Choice number 2 . Lose 400 hundred or 4000 dollars with 80 percent chance . Lose 0 dollars with 20 percent chance . Um lose 3000 dollars with 100 percent chance . Probably , this one  s stumping me uhh Probably lose 0 with 20 percent chance because you still have that chance . And yeah .",57.0
18,70073,1.0,"[25,75]","[1000,0]",[100],[240],practice_problem_a,44319.0," Please try to speak your thoughts out loud when you reach a decision , register your choice by clicking or tapping the option you prefer . Win 1000 dollars with 25 percent chance or lose 0 dollars with a 75 percent chance . Win 240 with 100 percent chance . Um I do not , I mean I am not losing anything so it would not be the worst to choose that one but I also like , I feel like getting more money is , or getting any money at all is worth more so win 240 dollars with 100 percent chance ",103.0
19,70073,0.0,"[80,20]","[-500,0]",[100],[-400],practice_problem_b,33899.0," Um lose 500 dollars with 80 percent chance . Lose 0 dollars with a 20 percent chance . Lose 400 dollars with 100 percent chance . Haha well , I am losing something either way . So , but there is a possibility . I like having the possibility of not losing anything . So , I guess 500 um because I was not okay .",66.0
21,70073,0.0,"[80,20]","[4000,0]",[100],[3000],problem3,35683.0," Yes . Lose 4000 dollars with a an 80 percent chance . Lose 0 dollars with a 20 percent chance . Lose 3000 dollars with a 100 percent chance . Okay . Um well , I am , I , if there is even a possibility of not losing something that is so much better than , um , that is , if there is a possibility of losing something , it is so much better than not , than , than having a 100 percent chance of a loss even though I am losing more . So I am going to do that .",105.0
22,70073,0.0,"[33,67]","[2500,0]","[34,66]","[2400,0]",problem2,75627.0," Win 2500 dollars with 33 percent chance lose 0 dollars with a 67 percent chance , oh goodness , win 2400 dollars with a 34 percent chance uh lose 0 dollars with a 67 percent chance . Okay , well . Uh I literally do not know . My brain is so confuzzled right now . I um okay , if I win 2500 dollars with a 33 percent chance , I can also win 2400 dollars with a 34 percent chance so that is less money but more of a chance , even though it is by 1 percent . And I lose , I am not losing anything . So it really does not matter which one I choose . I it just does not matter but for whatever reason it is a difficult choice for me haha I guess the .",144.0
23,70073,1.0,"[50,50]","[1000,0]",[100],[450],problem0,79702.0," Win 1500 or blah blah blah blah blah . Win 1000 dollars with a 50 percent chance . Lose 0 dollars with a 50 percent chance . Win 450 dollars with a 100 percent chance . Okay , well I am not losing anything . Um and I am , I can win 1000 dollars , but I can also just win 450 dollars . Um so I am going to do , I guess I am going to do um 1000 dollars with a 50 percent chance because I am neither losing or well if I lose then I am back where I am , but if I win then I get 1000 dollars versus if I win 450 dollars it is for , well okay , but then it is 450 dollars . So I guess that means that I am going to pick that one . So um I am going to pick the 450 .",159.0
24,70073,1.0,"[0.1,99.9]","[6000,0]","[0.2,99.8]","[3000,0]",problem8,46710.0," lose 6000 dollars with 0 . 1 percent chance , lose 0 dollars with a 99 . 9 percent chance , lose 3000 dollars with a 0 . 2 percent chance , lose 0 dollars with a 99 . 8 percent chance . Um okay , so it is still a very low percentage to lose a hefty amount of money , so I think I would rather take my chances and go with more money lost with a less percent chance of losing it . So I am going to pick the option on the left .",98.0
25,70073,0.0,"[80,20]","[-4000,0]",[100],[-3000],problem3p,41999.0," Yes . Lose 4000 dollars with a an 80 percent chance . Lose 0 dollars with a 20 percent chance . Lose 3000 dollars with a 100 percent chance . Okay . Um well , I am , I , if there is even a possibility of not losing something that is so much better than , um , that is , if there is a possibility of losing something , it is so much better than not , than , than having a 100 percent chance of a loss even though I am losing more . So I am going to do that .",105.0
26,70073,0.0,"[20,80]","[-4000,0]","[25,75]","[-3000,0]",problem4p,104075.0,"  Um lose 4000 dollars with 20 percent chance . Lose 0 dollars with 80 percent chance . Um lose 3000 dollars with a 25 percent chance . Lose 0 dollars with a 75 percent chance . So , um this , the one on the left is losing 4000 dollars with a 20 percent chance . So that means I am losing more money . Um so either way I am losing money or I am losing nothing . I am either losing money or I am losing nothing . I have a higher percent chance to lose less , but it is also a higher percent chance to lose nothing . So in my mind losing nothing even with a percentage of losing more , well , no wait , even with a possibility of losing more money , it is still worth it to me to to not lose anything with an 80 percent chance versus a 75 percent chance . So I am choosing the lose 4000 dollars with a 20 percent chance um or lose 0 dollars with an 80 percent chance because I do not I want to have the possibility of , a higher possibility of not losing anything .",206.0
27,70073,1.0,"[25,75]","[-6000,0]","[25,25,50]","[-4000,-2000,0]",problem13p,74477.0," Lose 6000 dollars with 25 percent chance . Lose 0 dollars with a 75 percent chance . Um lose 4000 dollars with a 25 percent chance . Lose 2000 dollars with a 25 percent chance . Um lose 0 dollars with a 50 percent chance . Okay , so I am given more options on the right to lose at least 2000 dollars less than the one than the option on the left . So in my mind , that is so much better than having the possibility of losing even more money than on the right . Uhh but it is still like it is still a higher percent chance to lose nothing than it is to lose 6000 . But there is still a possibility . So I am going to choose the one on the right because it does not mean that I am going to lose the whole 6000 . I am just going to lose either 2000 or 4000 .",165.0
28,70073,1.0,"[25,75]","[6000,0]","[25,25,50]","[4000,2000,0]",problem13,38098.0," Lose 6000 dollars with 25 percent chance . Lose 0 dollars with a 75 percent chance . Um lose 4000 dollars with a 25 percent chance . Lose 2000 dollars with a 25 percent chance . Um lose 0 dollars with a 50 percent chance . Okay , so I am given more options on the right to lose at least 2000 dollars less than the one than the option on the left . So in my mind , that is so much better than having the possibility of losing even more money than on the right . Uhh but it is still like it is still a higher percent chance to lose nothing than it is to lose 6000 . But there is still a possibility . So I am going to choose the one on the right because it does not mean that I am going to lose the whole 6000 . I am just going to lose either 2000 or 4000 .",165.0
29,70073,0.0,"[33,66,1]","[2500,2400,0]",[100],[2400],problem1,51548.0," Win 1000 dollars with 50 percent chance lose 0 dollars with a 50 percent chance , win 500 dollars with a 100 percent chance , I would much rather win 500 dollars with a 100 percent chance at this point because at the same time , I just like taking the time to do whatever I need to do to possibly win the 1000 dollars with a 50 percent chance is much it is less likely to happen at the moment than if I were to pick and win 500 dollars with a 100 percent chance doing something like that because then I know that I am going to get the 500 dollars .  ",114.0
30,70073,1.0,"[20,80]","[4000,0]","[25,75]","[3000,0]",problem4,135445.0,"  Um lose 4000 dollars with 20 percent chance . Lose 0 dollars with 80 percent chance . Um lose 3000 dollars with a 25 percent chance . Lose 0 dollars with a 75 percent chance . So , um this , the one on the left is losing 4000 dollars with a 20 percent chance . So that means I am losing more money . Um so either way I am losing money or I am losing nothing . I am either losing money or I am losing nothing . I have a higher percent chance to lose less , but it is also a higher percent chance to lose nothing . So in my mind losing nothing even with a percentage of losing more , well , no wait , even with a possibility of losing more money , it is still worth it to me to to not lose anything with an 80 percent chance versus a 75 percent chance . So I am choosing the lose 4000 dollars with a 20 percent chance um or lose 0 dollars with an 80 percent chance because I do not I want to have the possibility of , a higher possibility of not losing anything .",206.0
31,70073,1.0,"[45,55]","[6000,0]","[90,10]","[3000,0]",problem7,44392.0,"  lose 6000 dollars with a 45 percent chance lose 0 dollars with a 55 percent chance lose 3000 dollars with a 90 percent chance lose 0 dollars with a 10 percent chance . Are you kidding me ? Okay , so on the right I would obviously probably most likely do or lose 3000 dollars um and that is not very good . I do not know that I can lose that much so losing 6000 dollars with a 45 percent chance It is obviously less than losing nothing so I would much rather do that ",96.0
32,70073,1.0,"[0.1,99.9]","[5000,0]",[100],[5],problem14,40163.0," Okay , lose 5000 dollars with a 0 . 1 percent chance . Lose 0 dollars . I would much rather lose just 5 dollars . Are you kidding me ? That would be so much easier than like , oh wait , I have the possibility of losing 0 dollars with a 99 . 9 percent chance . Okay . Here is where it gets tricky because losing 5 dollars sounds so simple and I want to click it so bad . But at the same time , losing 0 dollars with a 99 percent chance , that means that I have a larger percentage to not lose any money at all . So I am going to pick that one .",123.0
33,70073,0.0,"[0.1,99.9]","[-5000,0]",[100],[-5],problem14p,45126.0," Okay , lose 5000 dollars with a 0 . 1 percent chance . Lose 0 dollars . I would much rather lose just 5 dollars . Are you kidding me ? That would be so much easier than like , oh wait , I have the possibility of losing 0 dollars with a 99 . 9 percent chance . Okay . Here is where it gets tricky because losing 5 dollars sounds so simple and I want to click it so bad . But at the same time , losing 0 dollars with a 99 percent chance , that means that I have a larger percentage to not lose any money at all . So I am going to pick that one .",123.0
34,70073,0.0,"[0.1,99.9]","[-6000,0]","[0.2,99.8]","[-3000,0]",problem8p,43336.0," lose 6000 dollars with 0 . 1 percent chance , lose 0 dollars with a 99 . 9 percent chance , lose 3000 dollars with a 0 . 2 percent chance , lose 0 dollars with a 99 . 8 percent chance . Um okay , so it is still a very low percentage to lose a hefty amount of money , so I think I would rather take my chances and go with more money lost with a less percent chance of losing it . So I am going to pick the option on the left .",98.0
35,70073,1.0,"[50,50]","[1000,0]",[100],[500],problem11,51022.0," Win 1000 dollars with 50 percent chance lose 0 dollars with a 50 percent chance , win 500 dollars with a 100 percent chance , I would much rather win 500 dollars with a 100 percent chance at this point because at the same time , I just like taking the time to do whatever I need to do to possibly win the 1000 dollars with a 50 percent chance is much it is less likely to happen at the moment than if I were to pick and win 500 dollars with a 100 percent chance doing something like that because then I know that I am going to get the 500 dollars .  ",114.0
36,70073,0.0,"[45,55]","[-6000,0]","[90,10]","[-3000,0]",problem7p,42078.0,"  lose 6000 dollars with a 45 percent chance lose 0 dollars with a 55 percent chance lose 3000 dollars with a 90 percent chance lose 0 dollars with a 10 percent chance . Are you kidding me ? Okay , so on the right I would obviously probably most likely do or lose 3000 dollars um and that is not very good . I do not know that I can lose that much so losing 6000 dollars with a 45 percent chance It is obviously less than losing nothing so I would much rather do that ",96.0
37,70073,0.0,"[50,50]","[-1000,0]",[100],[-500],problem12,44640.0," Lose 1000 dollars with a 50 percent chance , lose 0 dollars with a 50 percent chance , or lose 500 dollars with a 100 percent chance . Okay , I would , well in this case it is a 50 - 50 , so essentially I could bargain up 1000 dollars and just take my chances . So because then I have the option of losing nothing versus just handing out 500 dollars . So I would much rather do something to lose the money or possibly not lose the money than to not do anything and just hand out 500 dollars .",104.0
18,70088,1.0,"[25,75]","[1000,0]",[100],[240],practice_problem_a,25934.0," Win 1000 dollars with 25 percent chance . Lose 0 dollars with 75 percent chance win 250 dollars with 100 percent chance , I honestly just , I would like to make 240 bucks with 100 percent chance . I mean , 1000 dollars would be nice , but 240 is like a guaranteed . So I think I would rather have this .",64.0
19,70088,0.0,"[80,20]","[-500,0]",[100],[-400],practice_problem_b,21299.0,lose 500 dollars with 80 percent chance . Lose 0 dollars with 20 percent chance . Lose 400 dollars with 100 percent chance . Um I definitely would not want to lose money even if there is even the slightest chance I do not . So I think I am going to go with the 500 .,57.0
21,70088,1.0,"[33,66,1]","[2500,2400,0]",[100],[2400],problem1,15201.0,  Win 500 dollars with 100 percent chance . Maybe I am just impulsive . just going to just going to wait with this one ,24.0
22,70088,0.0,"[0.1,99.9]","[6000,0]","[0.2,99.8]","[3000,0]",problem8,17997.0," So , lose 6000 with 0 . 1 percent chance . Lose 0 dollars with 99 percent chance . Mmm Let us do ",23.0
23,70088,1.0,"[20,80]","[-4000,0]","[25,75]","[-3000,0]",problem4p,20411.0,"  lose 4000 dollars with 20 chance , lose 0 dollars with 80 chance , lose 3000 dollars with 25 chance . I am going to lose 0 dollars with 75 percent chance . I would rather not do that .",40.0
24,70088,1.0,"[20,80]","[4000,0]","[25,75]","[3000,0]",problem4,28038.0,"  lose 4000 dollars with 20 chance , lose 0 dollars with 80 chance , lose 3000 dollars with 25 chance . I am going to lose 0 dollars with 75 percent chance . I would rather not do that .",40.0
25,70088,0.0,"[50,50]","[-1000,0]",[100],[-500],problem12,16611.0, Lose 1000 dollars with 50 percent chance lose 0 dollars with 50 percent chance lose 500 dollars with 100 percent chance . Like I said I would rather have a chance that I do not lose money so  .,39.0
26,70088,1.0,"[50,50]","[1000,0]",[100],[450],problem0,21540.0,Win 450 with 100 percent chance win  win 1000 dollars with 50 percent chance mmm I mean I would just be racking up the cash if I could do 100 percent chance and eventually that will total like more so let us do the ...,45.0
27,70088,1.0,"[80,20]","[4000,0]",[100],[3000],problem3,12550.0," Lose 4000 with 80 percent chance , lose 0 with 20 percent chance , um lose 3000 100 percent chance , well this is less .",26.0
28,70088,1.0,"[45,55]","[6000,0]","[90,10]","[3000,0]",problem7,19590.0, I have bad luck but hopefully not that bad . Lose 6000 with 45 percent chance . Lose 3000 with 90 percent chance . This this is what it ,29.0
29,70088,0.0,"[0.1,99.9]","[5000,0]",[100],[5],problem14,15564.0,"  lose 5000 with 0 . 1 percent chance , lose 0 dollars with 99 percent chance . lose 5 dollars with 100 percent chance . uh let us do the lose 5000 .",33.0
30,70088,0.0,"[33,67]","[2500,0]","[34,66]","[2400,0]",problem2,23361.0,"  Win 2500 with 33 percent chance , lose 0 with 67 percent chance ? Win 2400 with 34 percent chance ? Well , I would rather win 2500 because 1 percent is  .",33.0
31,70088,0.0,"[25,75]","[6000,0]","[25,25,50]","[4000,2000,0]",problem13,29236.0," obvious lose 6000 with 25 percent chance . Lose 4000 with 25 percent chance . Lose 2000 with 25 percent chance . Well here I am just losing less ultimately . No ,  No , I am going to do the .",42.0
32,70088,0.0,"[0.1,99.9]","[-5000,0]",[100],[-5],problem14p,18366.0,"  lose 5000 with 0 . 1 percent chance , lose 0 dollars with 99 percent chance . lose 5 dollars with 100 percent chance . uh let us do the lose 5000 .",33.0
33,70088,0.0,"[45,55]","[-6000,0]","[90,10]","[-3000,0]",problem7p,12926.0, I have bad luck but hopefully not that bad . Lose 6000 with 45 percent chance . Lose 3000 with 90 percent chance . This this is what it ,29.0
34,70088,1.0,"[25,75]","[-6000,0]","[25,25,50]","[-4000,-2000,0]",problem13p,17688.0," obvious lose 6000 with 25 percent chance . Lose 4000 with 25 percent chance . Lose 2000 with 25 percent chance . Well here I am just losing less ultimately . No ,  No , I am going to do the .",42.0
35,70088,0.0,"[80,20]","[-4000,0]",[100],[-3000],problem3p,11835.0," Lose 4000 with 80 percent chance , lose 0 with 20 percent chance , um lose 3000 100 percent chance , well this is less .",26.0
36,70088,0.0,"[0.1,99.9]","[-6000,0]","[0.2,99.8]","[-3000,0]",problem8p,13903.0," So , lose 6000 with 0 . 1 percent chance . Lose 0 dollars with 99 percent chance . Mmm Let us do ",23.0
37,70088,1.0,"[50,50]","[1000,0]",[100],[500],problem11,9594.0,  Win 500 dollars with 100 percent chance . Maybe I am just impulsive . just going to just going to wait with this one ,24.0
18,70110,1.0,"[25,75]","[1000,0]",[100],[240],practice_problem_a,40609.0, Um I would say I would rather have win 240 dollars with a 100 percent chance because um it is not a even probability that you would win the 1000 dollars and so you could either be certain that you would win 240 or have a 1 in 4 chance of winning 1000 . So if it was 50 - 50 I might have done 1000 but if it was 25 I would do whatever is guaranteed which would be winning 240 .,83.0
19,70110,1.0,"[80,20]","[-500,0]",[100],[-400],practice_problem_b,37418.0," Um with this one , I would rather lose a 400 with uh 100 percent chance because there is a greater probability of losing 500 dollars than there is of losing 0 dollars . And so to me , the risk is too great to gamble an extra 100 dollars . So I would do lose 400 dollars .",59.0
21,70110,0.0,"[25,75]","[-6000,0]","[25,25,50]","[-4000,-2000,0]",problem13p,52247.0, Um I would do lose the option of losing 6000 dollars with 25 percent chance and losing 0 dollars with the 75 percent chance because you have a greater probability of um not losing anything with that and also um there is a greater probability of you losing money on the option on the right . So I would choose to lose 6000 dollars with the 25 percent chance or lose 0 dollars with the 75 percent chance .,79.0
22,70110,0.0,"[25,75]","[6000,0]","[25,25,50]","[4000,2000,0]",problem13,3502.0, Um I would do lose the option of losing 6000 dollars with 25 percent chance and losing 0 dollars with the 75 percent chance because you have a greater probability of um not losing anything with that and also um there is a greater probability of you losing money on the option on the right . So I would choose to lose 6000 dollars with the 25 percent chance or lose 0 dollars with the 75 percent chance .,79.0
23,70110,1.0,"[0.1,99.9]","[-6000,0]","[0.2,99.8]","[-3000,0]",problem8p,48533.0," Um with this one , the chance is very close . So I would do lose 3000 with a 0 . 2 percent chance or um lose 0 dollars with a 99 . 8 percent chance because for it to be a 0 . 2 percent chance , it would be 2 in 1000  or 1 in 500 , which is a very low probability . And if on the off chance that it is um that 0 . 2 percent chance , it is uh significantly less than 6000 dollars .",92.0
24,70110,1.0,"[80,20]","[-4000,0]",[100],[-3000],problem3p,26302.0," Um for this one , the probability of losing 4000 dollars is 80 percent and the probability of losing 3000 is 100 percent . And I would do losing 3000 dollars because I would not gamble 1000 dollars over a 20 percent chance of not losing anything .",48.0
25,70110,0.0,"[0.1,99.9]","[5000,0]",[100],[5],problem14,44039.0," Um for this one , I would do lose 5 dollars with a 100 percent chance because although  the chance of losing 5000 dollars is very low . Um It is still a non - zero probability and I would rather  um 5 dollars is a lot more insignificant than 5000 . So I would rather lose 5 dollars than maybe losing 5000 .",64.0
26,70110,1.0,"[45,55]","[-6000,0]","[90,10]","[-3000,0]",problem7p,44964.0," Um for this one , I would do lose 3000 with a 90 percent chance . Um Lose 10 with 10 percent or lose 0 dollars with the 10 percent chance because um the 60 the 6000 dollars is about double the amount of money and um it is even though it is  lower percentage or lower probability it is still a significant probability of losing that money so I would do lose 3000 with 90 percent ",77.0
27,70110,0.0,"[0.1,99.9]","[6000,0]","[0.2,99.8]","[3000,0]",problem8,30051.0," Um with this one , the chance is very close . So I would do lose 3000 with a 0 . 2 percent chance or um lose 0 dollars with a 99 . 8 percent chance because for it to be a 0 . 2 percent chance , it would be 2 in 1000  or 1 in 500 , which is a very low probability . And if on the off chance that it is um that 0 . 2 percent chance , it is uh significantly less than 6000 dollars .",92.0
28,70110,0.0,"[50,50]","[1000,0]",[100],[450],problem0,49189.0," Um for this one , uh I would probably ... This one is more difficult because it is a 50 - 50 chance of winning the 1000 dollars or 100 percent chance of winning less than half that amount . Um so I would probably say like I would personally choose to the option of winning 1000 dollars with the 50 percent chance because that is a 1 in 2 probability of winning 1000 dollars , um which is more than double the other prize option .",87.0
29,70110,1.0,"[45,55]","[6000,0]","[90,10]","[3000,0]",problem7,27992.0," Um for this one , I would do lose 3000 with a 90 percent chance . Um Lose 10 with 10 percent or lose 0 dollars with the 10 percent chance because um the 60 the 6000 dollars is about double the amount of money and um it is even though it is  lower percentage or lower probability it is still a significant probability of losing that money so I would do lose 3000 with 90 percent ",77.0
30,70110,0.0,"[20,80]","[-4000,0]","[25,75]","[-3000,0]",problem4p,23349.0, Um for this one I would choose um lose 4000 dollars with a 20 percent chance because there is a greater probability of losing no money . So it is you are more likely to not lose anything . So that would be ,43.0
31,70110,1.0,"[33,66,1]","[2500,2400,0]",[100],[2400],problem1,27593.0, For this I would do  win 500 dollars with 100 percent chance because the other option is you can either win 1000 dollars with a 50 percent chance or win nothing and I would rather win  500 dollars than win nothing even though I might win 1000 because it is more of a guarantee .,55.0
32,70110,0.0,"[50,50]","[-1000,0]",[100],[-500],problem12,45051.0," Um for this one , I would probably do lose 1000 with a 50 percent chance and lose 0 with 50 percent chance because it is you might not have to lose anything so it is it is a gamble either way um and if you do the other option then you are losing 500 and if you are picking this option then you might not lose anything so I would choose that because it is a 50 - 50 chance ",81.0
33,70110,1.0,"[0.1,99.9]","[-5000,0]",[100],[-5],problem14p,41322.0," Um for this one , I would do lose 5 dollars with a 100 percent chance because although  the chance of losing 5000 dollars is very low . Um It is still a non - zero probability and I would rather  um 5 dollars is a lot more insignificant than 5000 . So I would rather lose 5 dollars than maybe losing 5000 .",64.0
34,70110,0.0,"[33,67]","[2500,0]","[34,66]","[2400,0]",problem2,35592.0," Um with this one , the probability is pretty much the same between the two . And so I would probably do the 2500 dollars with a 33 percent chance because it is almost the same probability ,  just 100 dollars more . So if you are going to win it , you are going to win it . And if you are not , you are not going to win it . And I do not feel like that 1 percent  s going to make that much of a difference .",92.0
35,70110,1.0,"[50,50]","[1000,0]",[100],[500],problem11,25920.0, For this I would do  win 500 dollars with 100 percent chance because the other option is you can either win 1000 dollars with a 50 percent chance or win nothing and I would rather win  500 dollars than win nothing even though I might win 1000 because it is more of a guarantee .,55.0
36,70110,0.0,"[20,80]","[4000,0]","[25,75]","[3000,0]",problem4,31651.0, Um for this one I would choose um lose 4000 dollars with a 20 percent chance because there is a greater probability of losing no money . So it is you are more likely to not lose anything . So that would be ,43.0
37,70110,1.0,"[80,20]","[4000,0]",[100],[3000],problem3,28741.0," Um for this one , the probability of losing 4000 dollars is 80 percent and the probability of losing 3000 is 100 percent . And I would do losing 3000 dollars because I would not gamble 1000 dollars over a 20 percent chance of not losing anything .",48.0
18,70111,1.0,"[25,75]","[1000,0]",[100],[240],practice_problem_a,16650.0,  Um 250 expected value on the left . 240 expected value on the right . But I am broke .,20.0
19,70111,0.0,"[80,20]","[-500,0]",[100],[-400],practice_problem_b,17683.0," Um oh , okay . They are both expected value of minus 400 , but there is a shot of not losing anything on the left .",27.0
21,70111,0.0,"[80,20]","[-4000,0]",[100],[-3000],problem3p,25175.0," Um what is it ? A minus 3200 chance , minus 3200 expected value on the left , minus 3000 on the right . But there is a shot that I do not lose anything on the left .",39.0
22,70111,0.0,"[45,55]","[6000,0]","[90,10]","[3000,0]",problem7,41914.0, um minus 2700 on the right um or minus 2700 on the left . Um I mean you are screwed either way if you are losing thousands of dollars . So the one with the higher 0 ,37.0
23,70111,0.0,"[50,50]","[1000,0]",[100],[450],problem0,30794.0," 500 expected value on the left , 450 on the right . Because it is like if these are one - off , then you probably want to take the 100 percent chance . But if you are doing like a lot of these , like over the long run , you want the bigger upside .",57.0
24,70111,1.0,"[50,50]","[1000,0]",[100],[500],problem11,13058.0," Um oh , well here it is the same expected value . What is another 500 ? I would just take the first 500 instead .",26.0
25,70111,1.0,"[0.1,99.9]","[-5000,0]",[100],[-5],problem14p,15601.0," Um , well , I I mean , what is 5 dollars ? I would rather just not risk the lose 5000 .",23.0
26,70111,0.0,"[33,66,1]","[2500,2400,0]",[100],[2400],problem1,12287.0," Um oh , well here it is the same expected value . What is another 500 ? I would just take the first 500 instead .",26.0
27,70111,0.0,"[25,75]","[-6000,0]","[25,25,50]","[-4000,-2000,0]",problem13p,35735.0,Yeah . Um minus 1500 on the left . Um and then This 1000 minus 500 Uh I prefer the left side has better chances of the 0,28.0
28,70111,1.0,"[0.1,99.9]","[-6000,0]","[0.2,99.8]","[-3000,0]",problem8p,23827.0,"  Um same expected value . There is no upside , so I would rather just take the extra 0 . 1 percent with the 0 . Or would I like to double my chances of losing half that ? Less downside ",41.0
29,70111,0.0,"[20,80]","[4000,0]","[25,75]","[3000,0]",problem4,16493.0,"On the left um what is it minus 800 on the left , minus 750 on the right uh at that point ah dang eh I will take the lose 1000 less with 5 percent less chance of not",39.0
30,70111,1.0,"[33,67]","[2500,0]","[34,66]","[2400,0]",problem2,29156.0,"  um 800 ish , 800 plus on the left . Um also 800 plus on the right . Um what is 100 dollars when it is about 24 , 2500 . So on the right I guess . But also which 1 percent ? Um ",45.0
31,70111,0.0,"[0.1,99.9]","[5000,0]",[100],[5],problem14,8004.0," Um , well , I I mean , what is 5 dollars ? I would rather just not risk the lose 5000 .",23.0
32,70111,1.0,"[80,20]","[4000,0]",[100],[3000],problem3,6880.0," Um what is it ? A minus 3200 chance , minus 3200 expected value on the left , minus 3000 on the right . But there is a shot that I do not lose anything on the left .",39.0
33,70111,0.0,"[50,50]","[-1000,0]",[100],[-500],problem12,7565.0,Lose 1000 so minus 500 on both I would rather take the chance of not losing anything .,18.0
34,70111,1.0,"[20,80]","[-4000,0]","[25,75]","[-3000,0]",problem4p,23674.0,"On the left um what is it minus 800 on the left , minus 750 on the right uh at that point ah dang eh I will take the lose 1000 less with 5 percent less chance of not",39.0
35,70111,0.0,"[45,55]","[-6000,0]","[90,10]","[-3000,0]",problem7p,25909.0, um minus 2700 on the right um or minus 2700 on the left . Um I mean you are screwed either way if you are losing thousands of dollars . So the one with the higher 0 ,37.0
36,70111,0.0,"[0.1,99.9]","[6000,0]","[0.2,99.8]","[3000,0]",problem8,15486.0,"  Um same expected value . There is no upside , so I would rather just take the extra 0 . 1 percent with the 0 . Or would I like to double my chances of losing half that ? Less downside ",41.0
37,70111,1.0,"[25,75]","[6000,0]","[25,25,50]","[4000,2000,0]",problem13,20437.0,Yeah . Um minus 1500 on the left . Um and then This 1000 minus 500 Uh I prefer the left side has better chances of the 0,28.0
18,70131,1.0,"[25,75]","[1000,0]",[100],[240],practice_problem_a,24993.0, Win 1000 dollars with 25 chance . Lose 0 dollars with 75 percent chance . Or win 240 dollars with 100 percent chance . Um I think I will do the win 240 dollars .,35.0
19,70131,0.0,"[80,20]","[-500,0]",[100],[-400],practice_problem_b,26688.0," lose 500 dollars with 80 percent chance , lose 0 dollars with 20 percent chance , or lose 400 dollars with 100 percent chance . Wait . I think I will do the lose 500 dollars with 80 percent chance .",41.0
21,70131,1.0,"[20,80]","[-4000,0]","[25,75]","[-3000,0]",problem4p,20166.0, lose 4000 dollars with 20 percent chance lose 0 dollars with 80 percent chance or lose 3000 dollars with 25 percent chance lose 0 dollars with 75 percent chance . I think I will go with the second one .,40.0
22,70131,1.0,"[45,55]","[6000,0]","[90,10]","[3000,0]",problem7,20237.0," 6000 45 , 0 55 , um 3000 90 percent , 10 percent . Um left one is better .",20.0
23,70131,1.0,"[0.1,99.9]","[-6000,0]","[0.2,99.8]","[-3000,0]",problem8p,42286.0," lose 6000 dollars with 0 . 1 chance , lose 0 dollars with 99 . 9 percent chance . um lose 3000 dollars with a 0 . 2 percent chance or lose 0 dollars with 99 . 8 percent chance . Um I do not know . It is kind of the same . Um oh I will go with the second one in case cuz I lose less money .",71.0
24,70131,1.0,"[0.1,99.9]","[5000,0]",[100],[5],problem14,16681.0," Um , lose 5000 0 . 1 , lose 0 , 99 . 9 , lose 5 dollars No , cuz this one  s basically 100 percent .",28.0
25,70131,1.0,"[33,67]","[2500,0]","[34,66]","[2400,0]",problem2,21238.0," Win 2500 with 33 percent chance lose 0 dollars with 67 percent chance , uh win 2400 with 34 percent chance lose 0 dollars with 66 percent chance . Um , second one .",34.0
26,70131,0.0,"[0.1,99.9]","[6000,0]","[0.2,99.8]","[3000,0]",problem8,27493.0," lose 6000 dollars with 0 . 1 chance , lose 0 dollars with 99 . 9 percent chance . um lose 3000 dollars with a 0 . 2 percent chance or lose 0 dollars with 99 . 8 percent chance . Um I do not know . It is kind of the same . Um oh I will go with the second one in case cuz I lose less money .",71.0
27,70131,0.0,"[50,50]","[1000,0]",[100],[500],problem11,16310.0, Win 1000 dollars with 50 percent chance lose 0 dollars with 50 percent chance or win 500 dollars with 100 percent chance . Uh I will take the risk .,30.0
28,70131,0.0,"[33,66,1]","[2500,2400,0]",[100],[2400],problem1,33304.0, Win 1000 dollars with 50 percent chance lose 0 dollars with 50 percent chance or win 500 dollars with 100 percent chance . Uh I will take the risk .,30.0
29,70131,1.0,"[80,20]","[-4000,0]",[100],[-3000],problem3p,14987.0," Lose 4000 dollars with 80 percent chance , lose 0 dollars with 20 percent chance , or lose 3000 dollars with 100 percent chance um I will go with this one .",32.0
30,70131,1.0,"[25,75]","[6000,0]","[25,25,50]","[4000,2000,0]",problem13,19395.0," 6000 25 , 0 75 , lose 4000 , lose 2000 , lose 0 50 percent . Um I will go with the left one .",26.0
31,70131,0.0,"[50,50]","[1000,0]",[100],[450],problem0,10797.0," Win 1000 dollars with 50 percent chance lose 0 with 50 percent , win 450 with 100 percent uh take the risk .",23.0
32,70131,0.0,"[45,55]","[-6000,0]","[90,10]","[-3000,0]",problem7p,18036.0," 6000 45 , 0 55 , um 3000 90 percent , 10 percent . Um left one is better .",20.0
33,70131,0.0,"[25,75]","[-6000,0]","[25,25,50]","[-4000,-2000,0]",problem13p,19572.0," 6000 25 , 0 75 , lose 4000 , lose 2000 , lose 0 50 percent . Um I will go with the left one .",26.0
34,70131,0.0,"[50,50]","[-1000,0]",[100],[-500],problem12,11081.0," Lose 1000 , 50 lose 0 with 50 . No . Left one because there is a chance of losing 0 .",22.0
35,70131,0.0,"[0.1,99.9]","[-5000,0]",[100],[-5],problem14p,14054.0," Um , lose 5000 0 . 1 , lose 0 , 99 . 9 , lose 5 dollars No , cuz this one  s basically 100 percent .",28.0
36,70131,1.0,"[20,80]","[4000,0]","[25,75]","[3000,0]",problem4,16989.0, lose 4000 dollars with 20 percent chance lose 0 dollars with 80 percent chance or lose 3000 dollars with 25 percent chance lose 0 dollars with 75 percent chance . I think I will go with the second one .,40.0
37,70131,1.0,"[80,20]","[4000,0]",[100],[3000],problem3,14505.0," Lose 4000 dollars with 80 percent chance , lose 0 dollars with 20 percent chance , or lose 3000 dollars with 100 percent chance um I will go with this one .",32.0
18,70185,0.0,"[25,75]","[1000,0]",[100],[240],practice_problem_a,45194.0," Alright , uh , okay . Win 1000 dollars with a 25 percent chance , lose 0 dollars with a 75 percent chance , win 240 dollars with a 100 percent chance . See , with the 1000 dollars is that that is a big , big win , but a very small chance we will lose 0 dollars with 75 percent chance . So I assume that means I spend money like bet on black and it does not go in my favor . So 0 percent , uh , 75 percent chance that I lose nothing or 240 . Um , I think I will go with 1000 , 25 percent 0 , 75 percent .",118.0
19,70185,0.0,"[80,20]","[-500,0]",[100],[-400],practice_problem_b,40465.0," Um lose 500 dollars with 80 percent chance , lose 0 dollars with 20 percent chance , or lose 400 dollars . So I have a chance to either lose the difference , oh gosh , because the difference is not that bad , it is only 100 only 100 dollars . Um Either way , I am paying it or I am not , and it is only 100 dollars , it is not too big of a chance , so I will do lose 0 dollars , 20 percent chance , because with the other one , no matter what , I am already 400 dollars in this one , I have 5  500 dollars , since I am already paying  400 dollars on the other option , I might as well ",134.0
21,70185,0.0,"[20,80]","[4000,0]","[25,75]","[3000,0]",problem4,22079.0, Uh Lose 4000 dollars with a 20 percent chance . Lose 0 dollars with an 80 percent chance . Lose 3000 on a 25 percent chance . 0 with a 75 . Okay . I think I would have to do 3000 25 percent because it is less money even though even though it is a bigger um percentage to chance . Um It is still less money and 0 percent 75 percent chance . Do the safer option ,79.0
22,70185,1.0,"[0.1,99.9]","[5000,0]",[100],[5],problem14,11547.0," Lose 5000 0 . 1 chance . Lose 0 . Lose 5 dollars with 100 percent chance . Okay , well , with this one I am losing already , but the chance is so so slim .",38.0
23,70185,1.0,"[33,66,1]","[2500,2400,0]",[100],[2400],problem1,13053.0," Win 10000 50 percent , 0 50 percent . Win 500 , 100 percent chance . Second one ",18.0
24,70185,1.0,"[45,55]","[6000,0]","[90,10]","[3000,0]",problem7,9737.0, lose 6000 45 percent chance lose 0 55 percent chance lose 3000 90 percent chance lose 0 with 10 percent chance . um huh I do lose um lose 0 with 55 percent chance ,34.0
25,70185,0.0,"[25,75]","[-6000,0]","[25,25,50]","[-4000,-2000,0]",problem13p,55761.0, Uh lose lose 6000 with a 25 percent chance lose 0 with a 75 so lose lose 25 25 lose 0 with a 50 percent chance all right so for this one I have a 75 percent chance to lose nothing regardless now I am losing  6000 with 25 but I also on this one I could be losing I am going to do this one because I think I do not know because if I lose if I have 25 percent chance of losing 4000 dollars sure but that could also stack up so it would be 50 percent chance of losing 6000 but I also have a 50 percent chance um I am going to do the first ,120.0
26,70185,1.0,"[20,80]","[-4000,0]","[25,75]","[-3000,0]",problem4p,29388.0, Uh Lose 4000 dollars with a 20 percent chance . Lose 0 dollars with an 80 percent chance . Lose 3000 on a 25 percent chance . 0 with a 75 . Okay . I think I would have to do 3000 25 percent because it is less money even though even though it is a bigger um percentage to chance . Um It is still less money and 0 percent 75 percent chance . Do the safer option ,79.0
27,70185,0.0,"[80,20]","[-4000,0]",[100],[-3000],problem3p,18710.0,lose 4000 with 80 percent chance lose 0 with 20 percent chance lose 3000 with 100 so regardless this is the this is the same as the 400 it is only it is like if I am losing 3000 I might as well lose 4000 um but there is a chance so I will,54.0
28,70185,0.0,"[33,67]","[2500,0]","[34,66]","[2400,0]",problem2,25552.0," 2500 33 percent chance , 0 percent with 67 , win 2400 with 34 , lose 0 with 66 . Ooh , this is this is funky , because it is a 1 percent and it is a 100 dollar difference . Uh , oh its oh win , win , did I say win ? Uh Either way . Um let us do that yea ",66.0
29,70185,1.0,"[0.1,99.9]","[-6000,0]","[0.2,99.8]","[-3000,0]",problem8p,20708.0," lose 6000 with 0 . 1 percent . Okay , I am already leaning towards this or lose 3000 with an And lose 0 dollars with a 99 . 8 percent chance so you have a greater chance Huh I am going to go with this if there is no harm no foul ",53.0
30,70185,1.0,"[50,50]","[-1000,0]",[100],[-500],problem12,9067.0,lose 1000 dollars for 50 percent chance or lose 0 dollars with 50 percent chance or lose 500 dollars with 100 percent I would lose 500,26.0
31,70185,1.0,"[25,75]","[6000,0]","[25,25,50]","[4000,2000,0]",problem13,23323.0, Uh lose lose 6000 with a 25 percent chance lose 0 with a 75 so lose lose 25 25 lose 0 with a 50 percent chance all right so for this one I have a 75 percent chance to lose nothing regardless now I am losing  6000 with 25 but I also on this one I could be losing I am going to do this one because I think I do not know because if I lose if I have 25 percent chance of losing 4000 dollars sure but that could also stack up so it would be 50 percent chance of losing 6000 but I also have a 50 percent chance um I am going to do the first ,120.0
32,70185,1.0,"[50,50]","[1000,0]",[100],[450],problem0,8476.0," Win 1000 dollars with 50 percent chance , lose 0 with 50 percent chance or win 450 dollars .",19.0
33,70185,1.0,"[80,20]","[4000,0]",[100],[3000],problem3,5712.0,lose 4000 with 80 percent chance lose 0 with 20 percent chance lose 3000 with 100 so regardless this is the this is the same as the 400 it is only it is like if I am losing 3000 I might as well lose 4000 um but there is a chance so I will,54.0
34,70185,0.0,"[45,55]","[-6000,0]","[90,10]","[-3000,0]",problem7p,15756.0, lose 6000 45 percent chance lose 0 55 percent chance lose 3000 90 percent chance lose 0 with 10 percent chance . um huh I do lose um lose 0 with 55 percent chance ,34.0
35,70185,0.0,"[0.1,99.9]","[6000,0]","[0.2,99.8]","[3000,0]",problem8,17076.0," lose 6000 with 0 . 1 percent . Okay , I am already leaning towards this or lose 3000 with an And lose 0 dollars with a 99 . 8 percent chance so you have a greater chance Huh I am going to go with this if there is no harm no foul ",53.0
36,70185,1.0,"[50,50]","[1000,0]",[100],[500],problem11,8168.0," Win 10000 50 percent , 0 50 percent . Win 500 , 100 percent chance . Second one ",18.0
37,70185,0.0,"[0.1,99.9]","[-5000,0]",[100],[-5],problem14p,15867.0," Lose 5000 0 . 1 chance . Lose 0 . Lose 5 dollars with 100 percent chance . Okay , well , with this one I am losing already , but the chance is so so slim .",38.0
18,70190,1.0,"[25,75]","[1000,0]",[100],[240],practice_problem_a,37903.0," Okay , so 1000 dollars or 25 percent chance when ... Oh , man . So what does this mean ? I do not even know what this means . I do not know what that means win 1000 dollars ... Is that the combined chance ? This is 75 percent chance that I lose a nothing and then ... Would not that mean a 100 ? I have no freaking idea . When to ... 40 percent with the ... Okay , I am ...",86.0
19,70190,0.0,"[80,20]","[-500,0]",[100],[-400],practice_problem_b,17383.0, do wrong .. lose 500 with 80 percent chance ? I ... I am not even thinking right now . Lose 400 with ? Wait ... I am just ...,30.0
21,70190,1.0,"[45,55]","[6000,0]","[90,10]","[3000,0]",problem7,13403.0," What ? I do not understand the ones that like give me 2400 dollars for 100 percent . Why would I not do that when it is a pretty good amount of money . Lose 6045 ? Okay , that was not that close .",45.0
22,70190,0.0,"[33,67]","[2500,0]","[34,66]","[2400,0]",problem2,35684.0," my 90 percent chance . I do not even know what this ... Honestly , I do not even know if I would eith either ... If I want the better option . I do not even know what the better option is , so actually never mind . I do not know what I am doing . 25 percent ... I am really glad this is on a computer though , and I am not actually having to choose this because I would cry if I lost money . 33 , 24 ... uhh uhh Those are so close .",101.0
23,70190,1.0,"[0.1,99.9]","[5000,0]",[100],[5],problem14,6352.0, 4000 ... Lose ... lose 5 dollars with 100 percent chance .,12.0
24,70190,1.0,"[80,20]","[4000,0]",[100],[3000],problem3,5605.0," Okay , I am just going to lose 5 dollars . Lose 4000 with 80 percent chance , lose 3000 .",21.0
25,70190,0.0,"[0.1,99.9]","[6000,0]","[0.2,99.8]","[3000,0]",problem8,9655.0,But I will take 500 dollars for 100 percent ... lose 6000 . 1,14.0
26,70190,0.0,"[25,75]","[6000,0]","[25,25,50]","[4000,2000,0]",problem13,14801.0," Yeah , might as well , OK . There is 4 of them ....",14.0
27,70190,0.0,"[20,80]","[-4000,0]","[25,75]","[-3000,0]",problem4p,16138.0," Honestly , all the numbers are jumbling in my brain right now and I do not like these questions anymore .... I do not know even ... mmmm ",28.0
28,70190,0.0,"[50,50]","[-1000,0]",[100],[-500],problem12,4839.0, I know it is been .. lose 1000 dollars with 50 percent chance . Okay ,15.0
29,70190,1.0,"[50,50]","[1000,0]",[100],[500],problem11,5505.0,I am never going to pick .. lose 100 percent chance .,12.0
30,70190,0.0,"[0.1,99.9]","[-6000,0]","[0.2,99.8]","[-3000,0]",problem8p,14204.0,But I will take 500 dollars for 100 percent ... lose 6000 . 1,14.0
31,70190,0.0,"[25,75]","[-6000,0]","[25,25,50]","[-4000,-2000,0]",problem13p,6551.0," Yeah , might as well , OK . There is 4 of them ....",14.0
32,70190,1.0,"[33,66,1]","[2500,2400,0]",[100],[2400],problem1,7954.0,I am never going to pick .. lose 100 percent chance .,12.0
33,70190,1.0,"[45,55]","[-6000,0]","[90,10]","[-3000,0]",problem7p,19971.0," What ? I do not understand the ones that like give me 2400 dollars for 100 percent . Why would I not do that when it is a pretty good amount of money . Lose 6045 ? Okay , that was not that close .",45.0
34,70190,1.0,"[50,50]","[1000,0]",[100],[450],problem0,2022.0,us .,2.0
35,70190,0.0,"[20,80]","[4000,0]","[25,75]","[3000,0]",problem4,10871.0," Honestly , all the numbers are jumbling in my brain right now and I do not like these questions anymore .... I do not know even ... mmmm ",28.0
36,70190,1.0,"[0.1,99.9]","[-5000,0]",[100],[-5],problem14p,6391.0, 4000 ... Lose ... lose 5 dollars with 100 percent chance .,12.0
37,70190,0.0,"[80,20]","[-4000,0]",[100],[-3000],problem3p,10688.0," Okay , I am just going to lose 5 dollars . Lose 4000 with 80 percent chance , lose 3000 .",21.0
18,70195,1.0,"[25,75]","[1000,0]",[100],[240],practice_problem_a,31777.0," Win 1000 dollars with 25 percent chance lose 0 dollars with 75 percent chance , win 240 with 100 percent chance uh win 240 with 100 percent chance ,",29.0
19,70195,0.0,"[80,20]","[-500,0]",[100],[-400],practice_problem_b,13576.0," Lose 500 with an 80 percent chance , lose 0 dollars with 20 percent chance , lose 400 with 100 percent chance .",23.0
21,70195,1.0,"[25,75]","[6000,0]","[25,25,50]","[4000,2000,0]",problem13,21590.0," Lose 4000 dollars with 25 percent chance . Lose 2000 with 25 percent chance . Lose 0 dollars , lose 6000 with 25 percent chance ",25.0
22,70195,1.0,"[80,20]","[4000,0]",[100],[3000],problem3,7484.0,,0.0
23,70195,1.0,"[20,80]","[-4000,0]","[25,75]","[-3000,0]",problem4p,13103.0,  Lose 4000 percent with 20 percent chance lose 0 dollars with 80 percent chance . Lose 3000 dollars with 25 percent chance . Lose 0 dollars with 70 ,28.0
24,70195,1.0,"[50,50]","[-1000,0]",[100],[-500],problem12,12463.0, Lose 1000 with 500 chances . Lose 0 with 50 percent chance . Lose 500 with .,17.0
25,70195,1.0,"[33,67]","[2500,0]","[34,66]","[2400,0]",problem2,11468.0, win 2500 with 33 percent chance lose 0 dollars with 67 percent chance ,13.0
26,70195,0.0,"[0.1,99.9]","[6000,0]","[0.2,99.8]","[3000,0]",problem8,2499.0, Lose 6000 with 0 . 1 chance . Lose 0 dollars with . Lose 3000 with 0 . 2 chance .,21.0
27,70195,0.0,"[50,50]","[1000,0]",[100],[450],problem0,8085.0,Win 1000 dollars with 50 percent chance . Lose 0 dollars with ,12.0
28,70195,0.0,"[45,55]","[-6000,0]","[90,10]","[-3000,0]",problem7p,14316.0,  Lose 60 percent chance with 6000 dollars with a 45 % chance  Lose 3000 with a 90 percent chance um,20.0
29,70195,0.0,"[0.1,99.9]","[-5000,0]",[100],[-5],problem14p,1456.0,,0.0
30,70195,0.0,"[0.1,99.9]","[5000,0]",[100],[5],problem14,8717.0,,0.0
31,70195,1.0,"[45,55]","[6000,0]","[90,10]","[3000,0]",problem7,8821.0,  Lose 60 percent chance with 6000 dollars with a 45 % chance  Lose 3000 with a 90 percent chance um,20.0
32,70195,0.0,"[80,20]","[-4000,0]",[100],[-3000],problem3p,1262.0,,0.0
33,70195,1.0,"[25,75]","[-6000,0]","[25,25,50]","[-4000,-2000,0]",problem13p,13436.0," Lose 4000 dollars with 25 percent chance . Lose 2000 with 25 percent chance . Lose 0 dollars , lose 6000 with 25 percent chance ",25.0
34,70195,0.0,"[50,50]","[1000,0]",[100],[500],problem11,6065.0," Win 500 with 100 percent chance , win 1000 ",9.0
35,70195,0.0,"[0.1,99.9]","[-6000,0]","[0.2,99.8]","[-3000,0]",problem8p,11309.0, Lose 6000 with 0 . 1 chance . Lose 0 dollars with . Lose 3000 with 0 . 2 chance .,21.0
36,70195,1.0,"[33,66,1]","[2500,2400,0]",[100],[2400],problem1,12603.0," Win 500 with 100 percent chance , win 1000 ",9.0
37,70195,0.0,"[20,80]","[4000,0]","[25,75]","[3000,0]",problem4,1083.0,  Lose 4000 percent with 20 percent chance lose 0 dollars with 80 percent chance . Lose 3000 dollars with 25 percent chance . Lose 0 dollars with 70 ,28.0
18,70202,1.0,"[25,75]","[1000,0]",[100],[240],practice_problem_a,35346.0,Okay . Please try to speak your thoughts aloud . Win 1000 dollars with a 25 percent chance and lose 0 with a 75 percent chance or win 240 with a 100 percent chance . I would definitely win 240 with a 100 percent chance because at this point in my life I am not a gambler because I Am a broke college student um there is nothing else to that decision so I will go ahead and go with that .,82.0
19,70202,0.0,"[80,20]","[-500,0]",[100],[-400],practice_problem_b,37463.0,Okay lose  I feel like its going to be the same for all these because I Am a broke college student and that is just what I Am thinking about . So lose 500 with a 80 percent chance lose 0 dollars with 20 percent chance or lose 400 dollars with a 100 percent chance . Oh wait what ? Then I would definitely lose 0 dollars with the 20 percent chance . I mean yeah I do not really know I guess a 100 dollars in the long run . I am either going to be losing 400 or losing 500 or losing 0 . I do not know I am going to go with .,117.0
21,70202,0.0,"[0.1,99.9]","[6000,0]","[0.2,99.8]","[3000,0]",problem8,51832.0," Oh my gosh there is a lot of these , um  I mean I feel like I would go with lose 3000 with a 0 . 2 percent chance because that percent is really small anyways and I feel like the difference in 3000 is greater than the difference in the percentages ",52.0
22,70202,0.0,"[20,80]","[-4000,0]","[25,75]","[-3000,0]",problem4p,38047.0, Okay  Okay now we have a little bit higher percentages but I would still go with the lose 4000 dollars with 20 percent chance because there is a 5 percent difference in the chances and then 1000 dollar difference in the dollars and at the like if I Am losing 3000 dollars might as well lose 4000 dollars because I mean I am a broke college student anyways I do not even have that money uh so yeah ,78.0
23,70202,1.0,"[80,20]","[4000,0]",[100],[3000],problem3,20430.0, Okay .  I would lose 0 with 20 percent chance because honestly I do  nt really know I guess losing 3000 and losing 4000 is like the same thing in my mind even though there is a 1000 dollar difference but I would rather take the chance of losing 0 ,50.0
24,70202,0.0,"[80,20]","[-4000,0]",[100],[-3000],problem3p,25896.0, Okay .  I would lose 0 with 20 percent chance because honestly I do  nt really know I guess losing 3000 and losing 4000 is like the same thing in my mind even though there is a 1000 dollar difference but I would rather take the chance of losing 0 ,50.0
25,70202,0.0,"[0.1,99.9]","[5000,0]",[100],[5],problem14,19162.0, I would definitely lose the 5 dollars because its not worth risking it in this case 5 dollars compared to 5000 . Even though the percentage is really low I would not risk it .,35.0
26,70202,1.0,"[50,50]","[1000,0]",[100],[450],problem0,18863.0, Okay . Win 1000 with a 50 percent chance lose 0 with 50 percent chance . Win 450 with a 100 percent chance . I would win 450 with a 100 percent chance just because that is a good amount of money and I do not want to risk a 50 / 50 to get nothing out of it ,59.0
27,70202,1.0,"[50,50]","[1000,0]",[100],[500],problem11,9746.0,Okay uh this is the same thing except this is 500 instead of 400 and I would go with 500 I went with 400 so might as well go with .,31.0
28,70202,0.0,"[33,66,1]","[2500,2400,0]",[100],[2400],problem1,32230.0,Okay uh this is the same thing except this is 500 instead of 400 and I would go with 500 I went with 400 so might as well go with .,31.0
29,70202,1.0,"[0.1,99.9]","[-6000,0]","[0.2,99.8]","[-3000,0]",problem8p,27646.0," Oh my gosh there is a lot of these , um  I mean I feel like I would go with lose 3000 with a 0 . 2 percent chance because that percent is really small anyways and I feel like the difference in 3000 is greater than the difference in the percentages ",52.0
30,70202,0.0,"[50,50]","[-1000,0]",[100],[-500],problem12,16513.0, Um  I would lose 1000 with a 50 percent chance because that is a large percentage of not losing anything ,20.0
31,70202,0.0,"[45,55]","[-6000,0]","[90,10]","[-3000,0]",problem7p,31263.0," Uh for this one I would  I am not really sure 6000 3000 is a 3000 dollar difference . I feel like if I pick the 3000 I am definitely losing 3000 . I am going to go with the 6000 because 45 percent chance is still like 50 / 50 its a pretty small percentage , relatively .",59.0
32,70202,0.0,"[25,75]","[-6000,0]","[25,25,50]","[-4000,-2000,0]",problem13p,40132.0, Okay my goodness there is a lot of these um for this one  I would definitely lose 6000 with 25 percent chance because its either lose that with 25 percent lose 6000 or lose 2000 with 50 percent chance if you combine them so might as well go with losing 0 with 75 percent rather than 50 ,57.0
33,70202,1.0,"[45,55]","[6000,0]","[90,10]","[3000,0]",problem7,18797.0," Uh for this one I would  I am not really sure 6000 3000 is a 3000 dollar difference . I feel like if I pick the 3000 I am definitely losing 3000 . I am going to go with the 6000 because 45 percent chance is still like 50 / 50 its a pretty small percentage , relatively .",59.0
34,70202,1.0,"[25,75]","[6000,0]","[25,25,50]","[4000,2000,0]",problem13,20079.0, Okay my goodness there is a lot of these um for this one  I would definitely lose 6000 with 25 percent chance because its either lose that with 25 percent lose 6000 or lose 2000 with 50 percent chance if you combine them so might as well go with losing 0 with 75 percent rather than 50 ,57.0
35,70202,1.0,"[0.1,99.9]","[-5000,0]",[100],[-5],problem14p,20547.0, I would definitely lose the 5 dollars because its not worth risking it in this case 5 dollars compared to 5000 . Even though the percentage is really low I would not risk it .,35.0
36,70202,0.0,"[33,67]","[2500,0]","[34,66]","[2400,0]",problem2,22013.0, Um for this one I would  I would win 2500 with 33 percent chance because there is only 1 percent chance difference between the 2 might as well go for the 1 percent difference for the 100 dollar difference ,39.0
37,70202,0.0,"[20,80]","[4000,0]","[25,75]","[3000,0]",problem4,30714.0, Okay  Okay now we have a little bit higher percentages but I would still go with the lose 4000 dollars with 20 percent chance because there is a 5 percent difference in the chances and then 1000 dollar difference in the dollars and at the like if I Am losing 3000 dollars might as well lose 4000 dollars because I mean I am a broke college student anyways I do not even have that money uh so yeah ,78.0
18,70204,1.0,"[25,75]","[1000,0]",[100],[240],practice_problem_a,16180.0,Um win a 1000 with a 25 percent chance and lose 0 with a 75 percent chance . Um I would do the win 240 with a 100 percent chance just because that still is a .,37.0
19,70204,0.0,"[80,20]","[-500,0]",[100],[-400],practice_problem_b,15268.0," Money with that . Um , lose 500 with 80 percent chance or lose 400 with 100 percent chance . I will lose 500 .",25.0
21,70204,0.0,"[25,75]","[-6000,0]","[25,25,50]","[-4000,-2000,0]",problem13p,38879.0," Lose 6000 with 25 percent chance or lose 4000 with 24 percent chance , Id be losing more with this guy I think but that would be like less chances of losing any , then that would be more chance of losing 0 or yeah , yeah more chance of losing 0 . Is what I want ? Uh yeah I think I would want to have a higher chance of losing nothing .",74.0
22,70204,1.0,"[0.1,99.9]","[-6000,0]","[0.2,99.8]","[-3000,0]",problem8p,19528.0," lose 6000 with that chance or lose 3000 . Again , I think I would want to ... Um , no , no , that is a small enough difference that losing 3000 with a 0 . 2 chance . Yeah .",42.0
23,70204,1.0,"[25,75]","[6000,0]","[25,25,50]","[4000,2000,0]",problem13,17925.0," Lose 6000 with 25 percent chance or lose 4000 with 24 percent chance , Id be losing more with this guy I think but that would be like less chances of losing any , then that would be more chance of losing 0 or yeah , yeah more chance of losing 0 . Is what I want ? Uh yeah I think I would want to have a higher chance of losing nothing .",74.0
24,70204,0.0,"[50,50]","[-1000,0]",[100],[-500],problem12,23426.0,"Um lose 1000 with a 50 percent chance or lose 500 with a 100 percent chance . Ai , Oh , Um , their both a lot of money , but I would I would probably just want to risk it on losing 0 with that 50 percent chance . I would still want .",55.0
25,70204,1.0,"[33,67]","[2500,0]","[34,66]","[2400,0]",problem2,19818.0," option , yeah . Win 2500 with 33 percent chance , win 2400 with 34 percent chance . Um This is like small enough to where it does not really make a difference for .",35.0
26,70204,0.0,"[45,55]","[-6000,0]","[90,10]","[-3000,0]",problem7p,21235.0, Lose 6000 with 45 percent chance lose 90 with or lose 3000 with 90 percent chance . Again I think I want to increase my odds of losing 0 . Right ? Or would I want ? Yeah .,39.0
27,70204,1.0,"[50,50]","[1000,0]",[100],[450],problem0,15515.0," Win 1000 with a 50 percent chance or win 450 with 100 percent chance ? Um Yeah , I think I would want to . 450 still is a lot .",31.0
28,70204,1.0,"[20,80]","[-4000,0]","[25,75]","[-3000,0]",problem4p,89074.0," Um lose 300 with 24 percent chance , lose 4000 with 20 percent chance . Oh , 3000 with a 25 percent chance . Okay , lose 4000 with 20 % chance . Lose 0 with , oh my god my brain is not working right now . Lose 3000 with a 25 percent chance . Lose 0 with 75 percent chance . Um , . Um , Sorry , it is literally just like staring right now . , okay brain work . Okay lose 4000 or 25 chance chance . Okay , oh I see , okay I want to increase my . But that 1000 is a big difference . But like I am probably going to , if I only have 20 percent chance , yeah . No , 5 percent is not that big . Yeah , it is 1 / 5 first , 1 / 4th though . But it is 1000 dollars with that 1 / 4th versus 1 / 5th .",169.0
29,70204,1.0,"[33,66,1]","[2500,2400,0]",[100],[2400],problem1,23364.0,Win a 1000 with a 50 percent chance win 500 with a 100 percent chance . That is my rent .,21.0
30,70204,1.0,"[45,55]","[6000,0]","[90,10]","[3000,0]",problem7,11012.0, Lose 6000 with 45 percent chance lose 90 with or lose 3000 with 90 percent chance . Again I think I want to increase my odds of losing 0 . Right ? Or would I want ? Yeah .,39.0
31,70204,1.0,"[80,20]","[4000,0]",[100],[3000],problem3,9593.0, Lose 4000 with a 80 percent chance . Lose 3000 with I want a chance of losing nothing .,19.0
32,70204,0.0,"[0.1,99.9]","[6000,0]","[0.2,99.8]","[3000,0]",problem8,13927.0," lose 6000 with that chance or lose 3000 . Again , I think I would want to ... Um , no , no , that is a small enough difference that losing 3000 with a 0 . 2 chance . Yeah .",42.0
33,70204,1.0,"[50,50]","[1000,0]",[100],[500],problem11,11382.0,Win a 1000 with a 50 percent chance win 500 with a 100 percent chance . That is my rent .,21.0
34,70204,0.0,"[0.1,99.9]","[-5000,0]",[100],[-5],problem14p,13013.0," like lose 5000 with 0 . 1 percent chance , lose 5 dollars with a 100 percent chance . I would just lose 5000 because I would end up .",30.0
35,70204,1.0,"[0.1,99.9]","[5000,0]",[100],[5],problem14,9552.0," like lose 5000 with 0 . 1 percent chance , lose 5 dollars with a 100 percent chance . I would just lose 5000 because I would end up .",30.0
36,70204,0.0,"[20,80]","[4000,0]","[25,75]","[3000,0]",problem4,25369.0," Um lose 300 with 24 percent chance , lose 4000 with 20 percent chance . Oh , 3000 with a 25 percent chance . Okay , lose 4000 with 20 % chance . Lose 0 with , oh my god my brain is not working right now . Lose 3000 with a 25 percent chance . Lose 0 with 75 percent chance . Um , . Um , Sorry , it is literally just like staring right now . , okay brain work . Okay lose 4000 or 25 chance chance . Okay , oh I see , okay I want to increase my . But that 1000 is a big difference . But like I am probably going to , if I only have 20 percent chance , yeah . No , 5 percent is not that big . Yeah , it is 1 / 5 first , 1 / 4th though . But it is 1000 dollars with that 1 / 4th versus 1 / 5th .",169.0
37,70204,0.0,"[80,20]","[-4000,0]",[100],[-3000],problem3p,8746.0, Lose 4000 with a 80 percent chance . Lose 3000 with I want a chance of losing nothing .,19.0
18,70224,1.0,"[25,75]","[1000,0]",[100],[240],practice_problem_a,31509.0," Please try to speak your thoughts aloud . Win 1000 dollars with 25 percent chance . Lose win 240 dollars with 100  chance because like you could win 1000 , but you probably cannot either at the same time . So 240 dollars is a for sure amount then 240 dollars it is , especially for me .",58.0
19,70224,0.0,"[80,20]","[-500,0]",[100],[-400],practice_problem_b,39623.0,"Um lose 500 dollars with 80 percent chance lose 0 dollars with 20 percent lose 400 . Mmm Does it mean 500 dollars 80 percent chance ? There is an 80 percent chance you will win 500 dollars and 20 percent chance you will lose 400 . So this is 80 percent chance that you will lose 500 and a 20 percent chance that you will lose 0 dollars . But 100 percent chance you will lose 400 500 it is , it is 100 dollars more why not .",90.0
21,70224,1.0,"[0.1,99.9]","[-5000,0]",[100],[-5],problem14p,12673.0, Lose 5 dollars of course because 5000 I do not got that kind of money .,16.0
22,70224,1.0,"[45,55]","[6000,0]","[90,10]","[3000,0]",problem7,14766.0," lose 6000 with 45 percent chance , lose 0 with 55 percent chance . Lose 3000 . I mean , 3000 is less than 6000 , so ...",28.0
23,70224,1.0,"[45,55]","[-6000,0]","[90,10]","[-3000,0]",problem7p,16220.0," lose 6000 with 45 percent chance , lose 0 with 55 percent chance . Lose 3000 . I mean , 3000 is less than 6000 , so ...",28.0
24,70224,0.0,"[50,50]","[-1000,0]",[100],[-500],problem12,38338.0,"  Oh oh that is that is a tough one um hmm . 0 mmm  1000 500  in the middle . But you for sure lose that . Or you for sure take a risk . It is a lot of money , but you could probably not lose it .",50.0
25,70224,0.0,"[0.1,99.9]","[6000,0]","[0.2,99.8]","[3000,0]",problem8,31463.0," lose 6000 with a 1 percent chance , lose 0 with 99 percent chance , lose 3000 with 3000 like it is a less money there is a very slight change . who wants to lose 3 who wants to lose 6000 dollars ?",44.0
26,70224,0.0,"[0.1,99.9]","[5000,0]",[100],[5],problem14,13599.0, Lose 5 dollars of course because 5000 I do not got that kind of money .,16.0
27,70224,0.0,"[33,67]","[2500,0]","[34,66]","[2400,0]",problem2,30988.0," Win 2500 with 33 percent chance lose 0 dollars with a 60 percent chance win 2400 with a 34 percent chance lose 0 with a 66 percent chance . Hmm I mean , it is 100 dollars more . So , win 2500 for sure , because it is just 100 dollars more .",54.0
28,70224,1.0,"[50,50]","[1000,0]",[100],[500],problem11,27240.0," Win 1000 with a 50 percent chance lose 0 with a 50 percent chance . Win 500 mmm 500 what if , oh wait , oh . There is a 50 percent chance we win 1000 but 100 percent chance . I mean take a chance or go for it . 500 is a for sure , so why not just stay with the 500 ?",66.0
29,70224,0.0,"[25,75]","[6000,0]","[25,25,50]","[4000,2000,0]",problem13,28587.0," One of those take it or leave it . Lose 6000 25 percent chance , lose 0 dollars with 75 . I am going to stick with the 0 dollars with 75 percent chance . Because , 25 percent more . So , better for me .",47.0
30,70224,1.0,"[80,20]","[4000,0]",[100],[3000],problem3,15185.0," lose 4000 with an 80 percent chance . There is a 20 percent chance you will lose 0 dollars . I mean , you either lose 3000 or you have that 20 percent chance to lose nothing . So take it .",42.0
31,70224,1.0,"[33,66,1]","[2500,2400,0]",[100],[2400],problem1,16488.0," Win 1000 with a 50 percent chance lose 0 with a 50 percent chance . Win 500 mmm 500 what if , oh wait , oh . There is a 50 percent chance we win 1000 but 100 percent chance . I mean take a chance or go for it . 500 is a for sure , so why not just stay with the 500 ?",66.0
32,70224,1.0,"[20,80]","[-4000,0]","[25,75]","[-3000,0]",problem4p,28237.0,2500 why not lose 4000 with 20 percent chance lose 0 dollars with an 80 percent chance lose hmm hmm I mean whoo lose 3000 that one  s better just because it is 1000 dollars less and it still includes like a good chance that you will lose 0 dollars,50.0
33,70224,1.0,"[0.1,99.9]","[-6000,0]","[0.2,99.8]","[-3000,0]",problem8p,25671.0," lose 6000 with a 1 percent chance , lose 0 with 99 percent chance , lose 3000 with 3000 like it is a less money there is a very slight change . who wants to lose 3 who wants to lose 6000 dollars ?",44.0
34,70224,0.0,"[80,20]","[-4000,0]",[100],[-3000],problem3p,20480.0," lose 4000 with an 80 percent chance . There is a 20 percent chance you will lose 0 dollars . I mean , you either lose 3000 or you have that 20 percent chance to lose nothing . So take it .",42.0
35,70224,0.0,"[25,75]","[-6000,0]","[25,25,50]","[-4000,-2000,0]",problem13p,21572.0," One of those take it or leave it . Lose 6000 25 percent chance , lose 0 dollars with 75 . I am going to stick with the 0 dollars with 75 percent chance . Because , 25 percent more . So , better for me .",47.0
36,70224,0.0,"[50,50]","[1000,0]",[100],[450],problem0,16633.0," I guess . Win 1000 with a 50 percent chance lose 0 dollars . Mmm Since it is less than exactly half of it , I guess . I would say 1000 . I mean , 50 percent chance . And mmm But you can lose . Take a risk .",51.0
37,70224,0.0,"[20,80]","[4000,0]","[25,75]","[3000,0]",problem4,12449.0,2500 why not lose 4000 with 20 percent chance lose 0 dollars with an 80 percent chance lose hmm hmm I mean whoo lose 3000 that one  s better just because it is 1000 dollars less and it still includes like a good chance that you will lose 0 dollars,50.0
18,70275,1.0,"[25,75]","[1000,0]",[100],[240],practice_problem_a,24935.0," Please try to think aloud when you make a decision . So win a 1000 , with a 25 chance . I feel like there is only a 25 chance of winning 1000 dollars , so that is very low . Then there is a 0 , lose 0 dollars . And if you can win 240 and there is  100 percent chance you will be getting ...",68.0
19,70275,0.0,"[80,20]","[-500,0]",[100],[-400],practice_problem_b,9685.0, I would lose 500 with 80 percent chance . Lose 0 dollars . I would ...,16.0
21,70275,1.0,"[20,80]","[-4000,0]","[25,75]","[-3000,0]",problem4p,9512.0, Lose 4000 with 20 percent chance or lose 0 dollars with 80 percent chance . Lose 3000 with 25 percent chance .,22.0
22,70275,0.0,"[45,55]","[-6000,0]","[90,10]","[-3000,0]",problem7p,16006.0," I do not know , 6000 with a 45 percent chance . Lose 0 dollars with 55 percent chance , lose 3000 with a 90 percent chance . So I would choose these because they are smaller than that and I do not know if they are going to have a higher chance of losing 3000 dollars .",58.0
23,70275,1.0,"[80,20]","[4000,0]",[100],[3000],problem3,9304.0,,0.0
24,70275,1.0,"[50,50]","[1000,0]",[100],[450],problem0,3662.0,,0.0
25,70275,0.0,"[50,50]","[-1000,0]",[100],[-500],problem12,5571.0, There is 1000 dollars with 50 percent chance ,8.0
26,70275,0.0,"[0.1,99.9]","[5000,0]",[100],[5],problem14,2085.0,,0.0
27,70275,1.0,"[33,67]","[2500,0]","[34,66]","[2400,0]",problem2,6069.0,,0.0
28,70275,1.0,"[33,66,1]","[2500,2400,0]",[100],[2400],problem1,2954.0,,0.0
29,70275,0.0,"[0.1,99.9]","[-6000,0]","[0.2,99.8]","[-3000,0]",problem8p,2404.0,,0.0
30,70275,1.0,"[0.1,99.9]","[6000,0]","[0.2,99.8]","[3000,0]",problem8,1221.0,,0.0
31,70275,0.0,"[45,55]","[6000,0]","[90,10]","[3000,0]",problem7,684.0," I do not know , 6000 with a 45 percent chance . Lose 0 dollars with 55 percent chance , lose 3000 with a 90 percent chance . So I would choose these because they are smaller than that and I do not know if they are going to have a higher chance of losing 3000 dollars .",58.0
32,70275,1.0,"[20,80]","[4000,0]","[25,75]","[3000,0]",problem4,585.0, Lose 4000 with 20 percent chance or lose 0 dollars with 80 percent chance . Lose 3000 with 25 percent chance .,22.0
33,70275,0.0,"[50,50]","[1000,0]",[100],[500],problem11,451.0,,0.0
34,70275,1.0,"[80,20]","[-4000,0]",[100],[-3000],problem3p,506.0,,0.0
35,70275,0.0,"[25,75]","[6000,0]","[25,25,50]","[4000,2000,0]",problem13,1004.0,,0.0
36,70275,0.0,"[25,75]","[-6000,0]","[25,25,50]","[-4000,-2000,0]",problem13p,1283.0,,0.0
37,70275,1.0,"[0.1,99.9]","[-5000,0]",[100],[-5],problem14p,846.0,,0.0
18,70292,1.0,"[25,75]","[1000,0]",[100],[240],practice_problem_a,31879.0," I could win 1000 dollars with a 25 percent chance or lose . Ummm . Or I could win 240 dollars with 100 percent chance . Since the stakes are higher , in the previous one , I definitely would have chosen the 50 - 50 chance , but since it is only a 25 percent chance , no , I would do this .",65.0
19,70292,0.0,"[80,20]","[-500,0]",[100],[-400],practice_problem_b,29695.0," Umm . I think that this is worth , I think losing 400 and 500 , that is a big loss either way . I think it is worth the 20 percent chance that I keep my money worth the 100 percent chance that I do not .",48.0
21,70292,0.0,"[45,55]","[-6000,0]","[90,10]","[-3000,0]",problem7p,22384.0, Lose 6000 . Lose 3000 with a 90 percent chance . Umm . I would go for 55 . That is a pretty good chance and I would take that .,31.0
22,70292,1.0,"[80,20]","[4000,0]",[100],[3000],problem3,22061.0, Lose means enough to choose that . Lose 4000 dollars with an 80 percent chance . Lose 3000 dollars with 100 percent chance . I am going to take the 20 percent chance that I lose nothing .,38.0
23,70292,1.0,"[0.1,99.9]","[-5000,0]",[100],[-5],problem14p,31708.0," 3000 lose 5000 dollars Okay , . 1 chance or lose nothing with 99 . 9 . I Mean It is so unlikely to get the 5000 but 5 dollars I will give that up and not take the chance ",40.0
24,70292,1.0,"[45,55]","[6000,0]","[90,10]","[3000,0]",problem7,26458.0, Lose 6000 . Lose 3000 with a 90 percent chance . Umm . I would go for 55 . That is a pretty good chance and I would take that .,31.0
25,70292,1.0,"[20,80]","[4000,0]","[25,75]","[3000,0]",problem4,26019.0, Lose 4000 dollars with a 20 percent chance or lose 3000 dollars with a 25 percent chance . Hmm . I would take 4000 with a 20 percent chance .,30.0
26,70292,1.0,"[0.1,99.9]","[-6000,0]","[0.2,99.8]","[-3000,0]",problem8p,36460.0," I would , I do not think either of them , I would have to lose the amount of money in the thousands . So I believe even if I were to get one of them , which is unlikely , I would rather take the 3000 .",48.0
27,70292,0.0,"[20,80]","[-4000,0]","[25,75]","[-3000,0]",problem4p,36929.0, Lose 4000 dollars with a 20 percent chance or lose 3000 dollars with a 25 percent chance . Hmm . I would take 4000 with a 20 percent chance .,30.0
28,70292,1.0,"[25,75]","[6000,0]","[25,25,50]","[4000,2000,0]",problem13,37920.0, I am going to use the exact opposite logic that I used with the other one and there is a less chance here . There is a bigger chance here that I will lose nothing in here .,38.0
29,70292,0.0,"[50,50]","[-1000,0]",[100],[-500],problem12,17066.0," Lose 1000 dollars with a 50 percent chance . Lose 500 with a 100 percent chance . I would take the risk . I might regret it , but I definitely would risk it .",35.0
30,70292,0.0,"[50,50]","[1000,0]",[100],[500],problem11,14695.0," Win 1000 . Umm . I think I would also be mad , but I would risk it . I would be mad if I lost it .",28.0
31,70292,1.0,"[33,67]","[2500,0]","[34,66]","[2400,0]",problem2,22685.0, Win 2500 with 33 percent chance or win 2400 with 34 percent chance . 2400 and 2500 are so close in my mind that just the 1 percent chance,29.0
32,70292,0.0,"[80,20]","[-4000,0]",[100],[-3000],problem3p,18210.0, Lose means enough to choose that . Lose 4000 dollars with an 80 percent chance . Lose 3000 dollars with 100 percent chance . I am going to take the 20 percent chance that I lose nothing .,38.0
33,70292,0.0,"[25,75]","[-6000,0]","[25,25,50]","[-4000,-2000,0]",problem13p,22155.0, I am going to use the exact opposite logic that I used with the other one and there is a less chance here . There is a bigger chance here that I will lose nothing in here .,38.0
34,70292,1.0,"[33,66,1]","[2500,2400,0]",[100],[2400],problem1,18777.0," Win 1000 . Umm . I think I would also be mad , but I would risk it . I would be mad if I lost it .",28.0
35,70292,1.0,"[50,50]","[1000,0]",[100],[450],problem0,20611.0," Win 1000 with a 50 percent chance or win 450 . I think I made the exact opposite choice in a different one , but I think I am going to win the 450 and take the certainty .",39.0
36,70292,1.0,"[0.1,99.9]","[6000,0]","[0.2,99.8]","[3000,0]",problem8,21519.0," I would , I do not think either of them , I would have to lose the amount of money in the thousands . So I believe even if I were to get one of them , which is unlikely , I would rather take the 3000 .",48.0
37,70292,0.0,"[0.1,99.9]","[5000,0]",[100],[5],problem14,21742.0," 3000 lose 5000 dollars Okay , . 1 chance or lose nothing with 99 . 9 . I Mean It is so unlikely to get the 5000 but 5 dollars I will give that up and not take the chance ",40.0
18,70294,0.0,"[25,75]","[1000,0]",[100],[240],practice_problem_a,41962.0," When you reach a decision register your choice by clicking or tapping the option you prefer .  win 1000 dollars with a 25 percent chance or lose 0 dollars with a 75 percent chance , win 240 with 100 percent . Okay , they  wait .  Oh , because if you win 1000 dollars with a 25 percent chance , but you lose nothing , then there is no point in not . Because like if you lose nothing , it does not matter .",85.0
19,70294,0.0,"[80,20]","[-500,0]",[100],[-400],practice_problem_b,27350.0," Um , lose 500 with an 80 , lose 0 with a 20 . Oh , lose lose or lose 400 . That is a lot of money . Um , 500 with 80 , 0 with 20 . I mean , it is only like 100 bucks more , so lose 0 with .",55.0
21,70294,0.0,"[0.1,99.9]","[6000,0]","[0.2,99.8]","[3000,0]",problem8,20705.0," Uh Lose 6000 with 0 . 1 , lose 0 with 99 , lose 3000 with 0 . 2 , lose 0 . 3000 . Because I do not know why you would take the chance to lose .",39.0
22,70294,0.0,"[80,20]","[-4000,0]",[100],[-3000],problem3p,26868.0," Lose 4000 with 80 , lose 0 with 20 , lose 3000 with 100 . Uh  Lose 4000 with an 80 , because it does not ... because you are losing money in like 1000 dollars with this much money does not matter .",44.0
23,70294,0.0,"[45,55]","[-6000,0]","[90,10]","[-3000,0]",problem7p,19956.0," Lose 600 with 45 , lose 0 with 55 , lose 300 with 90 , lose 0 with 10 . 6000 , oh wait . Yeah , 6000 with 45 , 0 with 55 . Better odds .",38.0
24,70294,1.0,"[20,80]","[-4000,0]","[25,75]","[-3000,0]",problem4p,24552.0," lose 4000 with 20 , lose 0 with 80 , lose 3000 with 20 , lose 0 with 75 . Um lose 3000 Lose 3000 . Because it is only a 5 percent difference .",35.0
25,70294,0.0,"[45,55]","[6000,0]","[90,10]","[3000,0]",problem7,10238.0," Lose 600 with 45 , lose 0 with 55 , lose 300 with 90 , lose 0 with 10 . 6000 , oh wait . Yeah , 6000 with 45 , 0 with 55 . Better odds .",38.0
26,70294,0.0,"[50,50]","[-1000,0]",[100],[-500],problem12,12455.0," lose 1000 with 50 , lose 0 with 50 , lose 500 with 100 Percent , 50 - 50 . Yeah .",22.0
27,70294,1.0,"[80,20]","[4000,0]",[100],[3000],problem3,24223.0," Lose 4000 with 80 , lose 0 with 20 , lose 3000 with 100 . Uh  Lose 4000 with an 80 , because it does not ... because you are losing money in like 1000 dollars with this much money does not matter .",44.0
28,70294,0.0,"[33,67]","[2500,0]","[34,66]","[2400,0]",problem2,16120.0,win 2500 with 33 lose 0 . Hmm . 2500 because the odds do not really change so why not do the bigger one .,25.0
29,70294,0.0,"[20,80]","[4000,0]","[25,75]","[3000,0]",problem4,22205.0," lose 4000 with 20 , lose 0 with 80 , lose 3000 with 20 , lose 0 with 75 . Um lose 3000 Lose 3000 . Because it is only a 5 percent difference .",35.0
30,70294,0.0,"[50,50]","[1000,0]",[100],[450],problem0,12925.0," Win 1000 with 50 lose 0 with 50 , win 450 with 100 , win lose , that is a very large difference and 50 - 50 is good odds .",31.0
31,70294,1.0,"[0.1,99.9]","[5000,0]",[100],[5],problem14,7434.0, Lose 5000 with 1 percent . Lose 0 with 99 . What are you calculating ? Nothing . I am doing a study thingy . Oh . Yeah . Lose 5000 with 1 . Lose 0 with  Lose 5 with 100 . 5 with a oh Wait . Oh it does not matter you are losing money either way .,60.0
32,70294,1.0,"[0.1,99.9]","[-5000,0]",[100],[-5],problem14p,30171.0, Lose 5000 with 1 percent . Lose 0 with 99 . What are you calculating ? Nothing . I am doing a study thingy . Oh . Yeah . Lose 5000 with 1 . Lose 0 with  Lose 5 with 100 . 5 with a oh Wait . Oh it does not matter you are losing money either way .,60.0
33,70294,1.0,"[0.1,99.9]","[-6000,0]","[0.2,99.8]","[-3000,0]",problem8p,18305.0," Uh Lose 6000 with 0 . 1 , lose 0 with 99 , lose 3000 with 0 . 2 , lose 0 . 3000 . Because I do not know why you would take the chance to lose .",39.0
34,70294,1.0,"[25,75]","[-6000,0]","[25,25,50]","[-4000,-2000,0]",problem13p,35218.0," Lose 6000 25 . How long is this ? Um  lose 4000 with 25 2000 . Lose 4000 , 2000 , and 0 . Because you still have like a half a chance of losing nothing . But if you do lose , then you are losing less .",49.0
35,70294,1.0,"[50,50]","[1000,0]",[100],[500],problem11,4188.0, Win 500 win 1000 win ,5.0
36,70294,0.0,"[33,66,1]","[2500,2400,0]",[100],[2400],problem1,27439.0, Win 500 win 1000 win ,5.0
37,70294,1.0,"[25,75]","[6000,0]","[25,25,50]","[4000,2000,0]",problem13,35574.0," Lose 6000 25 . How long is this ? Um  lose 4000 with 25 2000 . Lose 4000 , 2000 , and 0 . Because you still have like a half a chance of losing nothing . But if you do lose , then you are losing less .",49.0
18,70302,1.0,"[25,75]","[1000,0]",[100],[240],practice_problem_a,12103.0,"  what you do . Win 1000 dollars with 25 percent chance , lose 0 dollars with 75 percent chance . or I can win 240 dollars with a 100 percent chance . I would ",34.0
19,70302,0.0,"[80,20]","[-500,0]",[100],[-400],practice_problem_b,15200.0," with 100 % chance . Um , lose 500 dollars with 80 percent chance or lose 0 dollars with a 20 percent chance . Lose 400 dollars I would , ooh that is like confusing , um",37.0
21,70302,1.0,"[20,80]","[4000,0]","[25,75]","[3000,0]",problem4,13094.0," this one , um lose 4000 with a 20 percent chance or lose 0 with an 80 percent chance . Oh , oh my goodness . Um , lose , um , oh my gosh I have to pay attention to lose or win . Lose 3000 with a 25 percent chance or lose 0 with a 75 percent chance . So I would say there is an 80 percent chance that I am not going to lose anything , so I am going to do that .",88.0
22,70302,1.0,"[0.1,99.9]","[6000,0]","[0.2,99.8]","[3000,0]",problem8,22801.0,"  Um lose 6000 with  0 . 1 chance , lose zero with 99 percent chance , 99 . 9 . Lose 300 , 3000 with point two percent chance , lose zero with 98 . So that is a 98  that I am losing . That is point two that I am winning . That is , so that is ,  oh oh , this is lose - lose . Okay . So I want to have the higher chance of not losing , of . Yeah . So lose , oh my God , I cannot think . Lose with 99 , ",103.0
23,70302,0.0,"[0.1,99.9]","[-6000,0]","[0.2,99.8]","[-3000,0]",problem8p,37923.0,"  Um lose 6000 with  0 . 1 chance , lose zero with 99 percent chance , 99 . 9 . Lose 300 , 3000 with point two percent chance , lose zero with 98 . So that is a 98  that I am losing . That is point two that I am winning . That is , so that is ,  oh oh , this is lose - lose . Okay . So I want to have the higher chance of not losing , of . Yeah . So lose , oh my God , I cannot think . Lose with 99 , ",103.0
24,70302,1.0,"[50,50]","[1000,0]",[100],[450],problem0,9583.0," Yeah , win 1000 dollars with 50 percent chance , okay ? And then lose zero with 50 percent chance . That is 50 - 50 . I would say win with 100 .",34.0
25,70302,1.0,"[25,75]","[6000,0]","[25,25,50]","[4000,2000,0]",problem13,14750.0," this one , lose 600000 with , so there is a 25 percent chance that I will lose 6000 and then there is a 75 percent chance that I will lose 0 and then there is a 20 , there is 50 percent chance that I will lose 6000 . Um , I would do .",56.0
26,70302,0.0,"[20,80]","[-4000,0]","[25,75]","[-3000,0]",problem4p,23622.0," this one , um lose 4000 with a 20 percent chance or lose 0 with an 80 percent chance . Oh , oh my goodness . Um , lose , um , oh my gosh I have to pay attention to lose or win . Lose 3000 with a 25 percent chance or lose 0 with a 75 percent chance . So I would say there is an 80 percent chance that I am not going to lose anything , so I am going to do that .",88.0
27,70302,1.0,"[45,55]","[6000,0]","[90,10]","[3000,0]",problem7,14883.0,"  this one , lose three 6000 plus 40 , I mean what in the world ?  I cannot think . Um lose 6000 with 45 percent chance , okay . Or I could lose 3000 with a 90 . So I am 90 percent chance that I am losing . And then there is lose 0 with a 55 percent chance or 10 percent chance that I am not losing . So I am going to do this one because I have a high .",85.0
28,70302,0.0,"[45,55]","[-6000,0]","[90,10]","[-3000,0]",problem7p,19484.0,"  this one , lose three 6000 plus 40 , I mean what in the world ?  I cannot think . Um lose 6000 with 45 percent chance , okay . Or I could lose 3000 with a 90 . So I am 90 percent chance that I am losing . And then there is lose 0 with a 55 percent chance or 10 percent chance that I am not losing . So I am going to do this one because I have a high .",85.0
29,70302,0.0,"[0.1,99.9]","[-5000,0]",[100],[-5],problem14p,11316.0,"  chance . Um , lose 5000 with a 0 . 1 percent chance or lose 0 with a 99 . 9 . Okay , or lose 5 dollars . Well I do not want .",35.0
30,70302,1.0,"[80,20]","[4000,0]",[100],[3000],problem3,8970.0," Um , lose 4000 with 80 , so there is 80 percent chance I will lose 4000 , or there is 100 percent chance that I will lose 3000 , so I will .",34.0
31,70302,0.0,"[33,66,1]","[2500,2400,0]",[100],[2400],problem1,19271.0," one because that is 25 not 50 . Um , win 1000 with 50 % chance of lose 0 or win 500 . I would ",25.0
32,70302,0.0,"[80,20]","[-4000,0]",[100],[-3000],problem3p,9067.0," Um , lose 4000 with 80 , so there is 80 percent chance I will lose 4000 , or there is 100 percent chance that I will lose 3000 , so I will .",34.0
33,70302,0.0,"[25,75]","[-6000,0]","[25,25,50]","[-4000,-2000,0]",problem13p,19571.0," this one , lose 600000 with , so there is a 25 percent chance that I will lose 6000 and then there is a 75 percent chance that I will lose 0 and then there is a 20 , there is 50 percent chance that I will lose 6000 . Um , I would do .",56.0
34,70302,1.0,"[50,50]","[1000,0]",[100],[500],problem11,10289.0," one because that is 25 not 50 . Um , win 1000 with 50 % chance of lose 0 or win 500 . I would ",25.0
35,70302,0.0,"[50,50]","[-1000,0]",[100],[-500],problem12,34907.0,"  going to do that one . Lose , um , I feel like the numbers are tripping me up because if it is a lower or a higher number . Um , lose 1000 with a 50 percent chance or lose 0 with a 50 percent chance or lose 500 with , okay , this is like the numbers that are like messing me up . So if I look at this , this is 500 with 100 percent chance . Then there is , I will not lose any with this one . Oh wait , oh wait , oh my goodness . It is a lose . Okay , so I would , I want the 50 percent chance because then I have 50 percent that I will not lose .",133.0
36,70302,1.0,"[33,67]","[2500,0]","[34,66]","[2400,0]",problem2,24004.0,"  Um , win and lose and then the numbers . Okay . So 2500 with 33 percent chance . Um , and then , but I have lose , so there is , I , I am not losing anything . Okay . And then I am not losing anything with this one either , but I have a less chance that I am losing or I have a , yeah , I want to have a less chance of .",81.0
37,70302,1.0,"[0.1,99.9]","[5000,0]",[100],[5],problem14,6967.0,"  chance . Um , lose 5000 with a 0 . 1 percent chance or lose 0 with a 99 . 9 . Okay , or lose 5 dollars . Well I do not want .",35.0
18,70316,1.0,"[25,75]","[1000,0]",[100],[240],practice_problem_a,20639.0," win 1000 dollars with a 25 percent chance or the 0 with a 75 percent chance , win 240 dollars with a 100 percent chance . Well 25 percent is a low percentage to win 1000 dollars so I think I would rather win the 240 dollars with a 100 percent chance .",53.0
19,70316,0.0,"[80,20]","[-500,0]",[100],[-400],practice_problem_b,21004.0," Percent chance . Um lose 500 dollars with an 80 percent chance , lose 0 with 200 , lose 400 with 100 percent chance . I think in this case I would rather lose 500 with an 80 percent chance because there is still 20 percent where I could still lose nothing whereas the other one I would still have to lose 400 no matter .",66.0
21,70316,1.0,"[33,66,1]","[2500,2400,0]",[100],[2400],problem1,24486.0," win 1000 with a 50 percent chance , so 50 - 50 or win 500 with a 100 percent chance , I would rather win 100 .",27.0
22,70316,1.0,"[45,55]","[6000,0]","[90,10]","[3000,0]",problem7,13602.0," 6000 with a 45 percent chance , it is 0 with a 55 percent chance or lose 3000 with a 90 percent chance . And lose , I think I am going to go with lose 6000 with a 45 percent chance just because probability is that I will lose 0 .",52.0
23,70316,1.0,"[50,50]","[1000,0]",[100],[450],problem0,18166.0," 90 percent . Win 1000 with the 50 percent chance , lose 0 with a 50 percent chance , or win 450 with the 100 percent chance . You are guaranteed almost about half of the 1000 if you take this one , so that sends a better chance to me .",52.0
24,70316,1.0,"[80,20]","[4000,0]",[100],[3000],problem3,13485.0,I am going to go with the 0 with the 20 percent chance because 20 is better than 0 .,20.0
25,70316,0.0,"[45,55]","[-6000,0]","[90,10]","[-3000,0]",problem7p,22837.0," 6000 with a 45 percent chance , it is 0 with a 55 percent chance or lose 3000 with a 90 percent chance . And lose , I think I am going to go with lose 6000 with a 45 percent chance just because probability is that I will lose 0 .",52.0
26,70316,1.0,"[25,75]","[6000,0]","[25,25,50]","[4000,2000,0]",problem13,16804.0, I am going to lose 6000 with a 25 percent chance . I will lose 4000 with 25 percent chance . So it is 2000 with a 25 percent chance . 0 with a 50 percent chance . I am going to go on the left because there is 75 percent chance I will lose nothing rather than ...,59.0
27,70316,0.0,"[20,80]","[-4000,0]","[25,75]","[-3000,0]",problem4p,19832.0," lose 4000 with a 20 percent chance , lose 0 with 80 percent lose 3000 with 20 percent chance , lose 0 with a 75 percent chance I think I am going to take the one on the left ummm because I am more likely to lose nothing ",48.0
28,70316,0.0,"[25,75]","[-6000,0]","[25,25,50]","[-4000,-2000,0]",problem13p,20783.0, I am going to lose 6000 with a 25 percent chance . I will lose 4000 with 25 percent chance . So it is 2000 with a 25 percent chance . 0 with a 50 percent chance . I am going to go on the left because there is 75 percent chance I will lose nothing rather than ...,59.0
29,70316,1.0,"[0.1,99.9]","[-6000,0]","[0.2,99.8]","[-3000,0]",problem8p,27682.0," 50 . Lose 6000 with a 0 . 1 percent chance , lose 0 with 99 . 9 , 0 . 2 , I Am going to go with ghd 3000 with 0 . 2 percent chance just because I ix half of what I lost in the 6000 and there is still a pretty high percent chance I lose nothing .",62.0
30,70316,0.0,"[50,50]","[-1000,0]",[100],[-500],problem12,17666.0," I lose 1000 with a 50 percent chance , lose 0 with a 50 percent chance , , lose 500 with 100 percent chance . Well , I think there is still a 50 percent chance that I could lose nothing , which I would rather that !",48.0
31,70316,1.0,"[33,67]","[2500,0]","[34,66]","[2400,0]",problem2,23369.0," Win 2500 with a 33 percent chance , 0 with 67 , win 2400 with a 34 percent chance , lose 0 with a 66 percent chance . Hmm . This one .",33.0
32,70316,1.0,"[20,80]","[4000,0]","[25,75]","[3000,0]",problem4,23706.0," lose 4000 with a 20 percent chance , lose 0 with 80 percent lose 3000 with 20 percent chance , lose 0 with a 75 percent chance I think I am going to take the one on the left ummm because I am more likely to lose nothing ",48.0
33,70316,1.0,"[0.1,99.9]","[5000,0]",[100],[5],problem14,20720.0," Uh loss 5000 with 0 . 1 percent , lose 0 with that , lose 5 . I would rather lose .. with 0 . 1 percent also there is very low probability that I would lose any money so I would rather do",44.0
34,70316,1.0,"[0.1,99.9]","[6000,0]","[0.2,99.8]","[3000,0]",problem8,14155.0," 50 . Lose 6000 with a 0 . 1 percent chance , lose 0 with 99 . 9 , 0 . 2 , I Am going to go with ghd 3000 with 0 . 2 percent chance just because I ix half of what I lost in the 6000 and there is still a pretty high percent chance I lose nothing .",62.0
35,70316,1.0,"[50,50]","[1000,0]",[100],[500],problem11,11586.0," win 1000 with a 50 percent chance , so 50 - 50 or win 500 with a 100 percent chance , I would rather win 100 .",27.0
36,70316,0.0,"[80,20]","[-4000,0]",[100],[-3000],problem3p,14036.0,I am going to go with the 0 with the 20 percent chance because 20 is better than 0 .,20.0
37,70316,0.0,"[0.1,99.9]","[-5000,0]",[100],[-5],problem14p,21370.0," Uh loss 5000 with 0 . 1 percent , lose 0 with that , lose 5 . I would rather lose .. with 0 . 1 percent also there is very low probability that I would lose any money so I would rather do",44.0
18,70325,1.0,"[25,75]","[1000,0]",[100],[240],practice_problem_a,33460.0,I would go for win 240 dollars with 100 percent chance because I will like get 240 dollars obviously and the other one it is either 0 or 1000 I would just go for the,35.0
19,70325,0.0,"[80,20]","[-500,0]",[100],[-400],practice_problem_b,35524.0,141 dollars . Lose 500 dollars with 80 dollar chance . Lose 0 with 20 percent chance . Lose 400 dollars with 100 percent chance . I would go for the second one because there is a chance for at least not lose .,44.0
21,70325,0.0,"[20,80]","[-4000,0]","[25,75]","[-3000,0]",problem4p,14914.0," uhh I will lose 4000 dollars with 20 percent chance , 0 with 80 percent chance . I will lose 3000 dollars with 25 percent chance . uhh I will go for the first one .",36.0
22,70325,1.0,"[0.1,99.9]","[-6000,0]","[0.2,99.8]","[-3000,0]",problem8p,19601.0," umm 6000 with 0 . 1 percent chance and lose 0 . 99 with 0 . 9 percent loss , 3000 with 0 . 2 percent chance , lose 0 with 99 . 8 . uhh I would not go for a decision .",44.0
23,70325,0.0,"[80,20]","[-4000,0]",[100],[-3000],problem3p,14997.0," Second one . uhh Loose 4000 with 80 percent chance , lose 0 with 20 percent chance , lose 3000 . I would go for it .",27.0
24,70325,0.0,"[45,55]","[-6000,0]","[90,10]","[-3000,0]",problem7p,25920.0,first one uhh lose 6000 with 45 percent chance to lose 0 with 55 percent chance to lose 3000 with 90 percent chance lose 0 with 10 percent chance . uhh I would uhh go for the uhh first one because there is a higher chance of losing 0 so ..,51.0
25,70325,1.0,"[0.1,99.9]","[5000,0]",[100],[5],problem14,18250.0,umm uhhh I am going to go with the second one ...,12.0
26,70325,0.0,"[45,55]","[6000,0]","[90,10]","[3000,0]",problem7,21800.0,first one uhh lose 6000 with 45 percent chance to lose 0 with 55 percent chance to lose 3000 with 90 percent chance lose 0 with 10 percent chance . uhh I would uhh go for the uhh first one because there is a higher chance of losing 0 so ..,51.0
27,70325,0.0,"[0.1,99.9]","[6000,0]","[0.2,99.8]","[3000,0]",problem8,11764.0," umm 6000 with 0 . 1 percent chance and lose 0 . 99 with 0 . 9 percent loss , 3000 with 0 . 2 percent chance , lose 0 with 99 . 8 . uhh I would not go for a decision .",44.0
28,70325,1.0,"[25,75]","[6000,0]","[25,25,50]","[4000,2000,0]",problem13,17858.0, one . umm uhh The first one is 6000 with 25 percent will yield 75 percent is 4025 percent is 3021 percent uhhh I am going to go with the first one .,33.0
29,70325,1.0,"[50,50]","[1000,0]",[100],[450],problem0,10899.0," option I guess . Um , pretty free . It is like one time I was in for the jiffy . I would all these people for the second one .",31.0
30,70325,1.0,"[50,50]","[1000,0]",[100],[500],problem11,8524.0,at least I am getting some money . And umm so I would go for this .,17.0
31,70325,1.0,"[80,20]","[4000,0]",[100],[3000],problem3,16102.0," Second one . uhh Loose 4000 with 80 percent chance , lose 0 with 20 percent chance , lose 3000 . I would go for it .",27.0
32,70325,1.0,"[33,67]","[2500,0]","[34,66]","[2400,0]",problem2,28817.0," So yeah . umm So the first one is 2500 when the 33 percent chance was 0 dollars 67 percent chance . Or the first one , it went 2434 , it says 34 percent chance or 0 dollars . mmm I would go for the , I would go for the ,",53.0
33,70325,1.0,"[20,80]","[4000,0]","[25,75]","[3000,0]",problem4,17635.0," uhh I will lose 4000 dollars with 20 percent chance , 0 with 80 percent chance . I will lose 3000 dollars with 25 percent chance . uhh I will go for the first one .",36.0
34,70325,1.0,"[50,50]","[-1000,0]",[100],[-500],problem12,3602.0,the second one . uhh Obviously the second one .,10.0
35,70325,0.0,"[25,75]","[-6000,0]","[25,25,50]","[-4000,-2000,0]",problem13p,20332.0, one . umm uhh The first one is 6000 with 25 percent will yield 75 percent is 4025 percent is 3021 percent uhhh I am going to go with the first one .,33.0
36,70325,1.0,"[33,66,1]","[2500,2400,0]",[100],[2400],problem1,5978.0,at least I am getting some money . And umm so I would go for this .,17.0
37,70325,1.0,"[0.1,99.9]","[-5000,0]",[100],[-5],problem14p,10237.0,umm uhhh I am going to go with the second one ...,12.0
18,70330,1.0,"[25,75]","[1000,0]",[100],[240],practice_problem_a,37961.0," Okay , so win 240 dollars with 100 percent chance , win 1000 dollars with 25 percent chance and 0 75 , so you only have a one fourth chance with the left or 100 percent chance with the right . I mean you are not losing money on the left though , but the right you are automatically winning . I would rather , I think the right .",70.0
19,70330,0.0,"[80,20]","[-500,0]",[100],[-400],practice_problem_b,40204.0," lose 500 dollars with 80 percent chance , lose 0 dollars ... lose 400 dollars with 100 percent chance . What is 100 dollars more on the left ? I mean , yeah , your chances are way lower , but it is 100 dollars more , but I would rather just risk losing 100 dollars more with a lower chance than 100 percent chance is automatically taken for you . What if you get that 20 percent ? I mean , risky , but ...",86.0
21,70330,1.0,"[80,20]","[-4000,0]",[100],[-3000],problem3p,36424.0," lose 4000 dollars with 80 percent chance . Hmm , 1000 dollars is a lot . Lose 0 dollars with 20 percent chance . That is like 20 , 40 , 60 , 80 . You got one fifth of a chance to lose 0 dollars . 1 out of 5 people , that is not great odds . mmm 3000 dollars .",63.0
22,70330,1.0,"[0.1,99.9]","[-5000,0]",[100],[-5],problem14p,46021.0," is 500 dollars . Lose 5000 dollars with 1 . 1 percent chance . Lose 0 . 99 dollars . Lose 5 dollars with 100 dollars . Oh , 5000 dollars is a lot . The chances of you being at 1 . 1 percent you need to know the full amount of people that are playing though to know your actual chances . Because if it is only like five people playing then your chances are way higher depending on how their Calc ... I do not know . I do not know . I would rather lose 5 dollars . 5 dollars is an ...",107.0
23,70330,0.0,"[25,75]","[-6000,0]","[25,25,50]","[-4000,-2000,0]",problem13p,49163.0," a lot lose 6000 dollars with 25 percent chance , lose 0 dollars with 75 percent chance , lose 4000 dollars with 25 percent , 2000 dollars with 25 percent , lose 0 dollars with 50 uhh so on the right you have one the left you automatically not automatically you would lose 6000 dollars but the right you could only possibly lose 2000 dollars or 4000 dollars it would be lower but the chances of losing 0 on the left are way higher huh ...",86.0
24,70330,0.0,"[33,67]","[2500,0]","[34,66]","[2400,0]",problem2,39547.0," Left , win 2500 with 33 percent chance , lose 0 , 67 , win 2400 with 34 , lose 0 , 66 . On this one , I would rather just go for the more money and less percent because on the right it is only 1 more percent , like that is not really a big difference . And if you are winning and losing , it is not like you are losing money , even if you lose ...",82.0
25,70330,0.0,"[45,55]","[-6000,0]","[90,10]","[-3000,0]",problem7p,41527.0," I left lose 6000 with 45 percent chance , lose 0 with 55 , lose 3000 with 90 percent chance . Um , I know this one  s kind of difficult . I do not know on this one , honestly . Because 6000 dollars is a lot of money . But you have such a lower chance . I am going .",63.0
26,70330,1.0,"[0.1,99.9]","[-6000,0]","[0.2,99.8]","[-3000,0]",problem8p,42171.0, the left . lose 6000 with 0 . 1 percent chance . okay this one too you need to know the amount of people that are playing well not even I guess playing is not the right word but um lose 3000 with 0 . 2 percent chance . I do not like the ones with the percent like I do not like it with the mmm all of them you need to know who is playing how many people . I would go with the 99 . 9 um actually but really 99 . 8 is not that I am thinking of a different I guess ,107.0
27,70330,1.0,"[25,75]","[6000,0]","[25,25,50]","[4000,2000,0]",problem13,33559.0," a lot lose 6000 dollars with 25 percent chance , lose 0 dollars with 75 percent chance , lose 4000 dollars with 25 percent , 2000 dollars with 25 percent , lose 0 dollars with 50 uhh so on the right you have one the left you automatically not automatically you would lose 6000 dollars but the right you could only possibly lose 2000 dollars or 4000 dollars it would be lower but the chances of losing 0 on the left are way higher huh ...",86.0
28,70330,1.0,"[20,80]","[-4000,0]","[25,75]","[-3000,0]",problem4p,32768.0," lose 4000 with 20 percent chance , lose 0 dollars with 80 percent chance , lose 3025 , lose 075 . mmm The left you have a better chance of losing less money , but if you do lose money it would be a higher amount . I would go with the right , because it is less money .",60.0
29,70330,1.0,"[80,20]","[4000,0]",[100],[3000],problem3,862.0," lose 4000 dollars with 80 percent chance . Hmm , 1000 dollars is a lot . Lose 0 dollars with 20 percent chance . That is like 20 , 40 , 60 , 80 . You got one fifth of a chance to lose 0 dollars . 1 out of 5 people , that is not great odds . mmm 3000 dollars .",63.0
30,70330,1.0,"[20,80]","[4000,0]","[25,75]","[3000,0]",problem4,627.0," lose 4000 with 20 percent chance , lose 0 dollars with 80 percent chance , lose 3025 , lose 075 . mmm The left you have a better chance of losing less money , but if you do lose money it would be a higher amount . I would go with the right , because it is less money .",60.0
31,70330,1.0,"[50,50]","[-1000,0]",[100],[-500],problem12,16502.0," lose 1000 with 50 percent chance to lose 0 , 50 percent chance to lose 500 . I am losing 500 . I would rather have 100 .",28.0
32,70330,1.0,"[33,66,1]","[2500,2400,0]",[100],[2400],problem1,19083.0,Win 1000 for 50 50 50 again I would rather automatic,11.0
33,70330,0.0,"[0.1,99.9]","[5000,0]",[100],[5],problem14,16778.0," is 500 dollars . Lose 5000 dollars with 1 . 1 percent chance . Lose 0 . 99 dollars . Lose 5 dollars with 100 dollars . Oh , 5000 dollars is a lot . The chances of you being at 1 . 1 percent you need to know the full amount of people that are playing though to know your actual chances . Because if it is only like five people playing then your chances are way higher depending on how their Calc ... I do not know . I do not know . I would rather lose 5 dollars . 5 dollars is an ...",107.0
34,70330,1.0,"[45,55]","[6000,0]","[90,10]","[3000,0]",problem7,13771.0," I left lose 6000 with 45 percent chance , lose 0 with 55 , lose 3000 with 90 percent chance . Um , I know this one  s kind of difficult . I do not know on this one , honestly . Because 6000 dollars is a lot of money . But you have such a lower chance . I am going .",63.0
35,70330,1.0,"[50,50]","[1000,0]",[100],[450],problem0,780.0,,0.0
36,70330,1.0,"[0.1,99.9]","[6000,0]","[0.2,99.8]","[3000,0]",problem8,3129.0, the left . lose 6000 with 0 . 1 percent chance . okay this one too you need to know the amount of people that are playing well not even I guess playing is not the right word but um lose 3000 with 0 . 2 percent chance . I do not like the ones with the percent like I do not like it with the mmm all of them you need to know who is playing how many people . I would go with the 99 . 9 um actually but really 99 . 8 is not that I am thinking of a different I guess ,107.0
37,70330,1.0,"[50,50]","[1000,0]",[100],[500],problem11,7433.0,Win 1000 for 50 50 50 again I would rather automatic,11.0
18,70366,1.0,"[25,75]","[1000,0]",[100],[240],practice_problem_a,6770.0,,0.0
19,70366,0.0,"[80,20]","[-500,0]",[100],[-400],practice_problem_b,28305.0, Okay I I would probably um lose 0 dollars with a 20 percent chance because you are you have less money at risk ,23.0
21,70366,1.0,"[45,55]","[6000,0]","[90,10]","[3000,0]",problem7,10920.0,,0.0
22,70366,1.0,"[33,67]","[2500,0]","[34,66]","[2400,0]",problem2,36588.0,For this one I would win 2400 dollars with a 30 percent chance because you have a higher chance of winning a slightly lesser amount of money um and you have less of a chance of losing money,38.0
23,70366,0.0,"[80,20]","[-4000,0]",[100],[-3000],problem3p,17504.0, For this one I would lose 0 dollars with a 20 percent chance because with the other one I will automatically lose 3000 dollars get the money ,27.0
24,70366,1.0,"[50,50]","[1000,0]",[100],[450],problem0,22154.0, Um for this one I would win 450 dollars with a 100 percent chance because you get the money 100 percent of the time when with the other one you only get a 50 percent chance ,36.0
25,70366,1.0,"[80,20]","[4000,0]",[100],[3000],problem3,22321.0, For this one I would lose 0 dollars with a 20 percent chance because with the other one I will automatically lose 3000 dollars get the money ,27.0
26,70366,0.0,"[0.1,99.9]","[6000,0]","[0.2,99.8]","[3000,0]",problem8,9587.0, For this one I would do 6000 dollars for a 0 . 1 percent because even though the percent is really small um the percent is high that you will not lose any money ,34.0
27,70366,0.0,"[25,75]","[6000,0]","[25,25,50]","[4000,2000,0]",problem13,23922.0,For this one I would lose 6000 dollars with a 25 percent chance,13.0
28,70366,0.0,"[0.1,99.9]","[-6000,0]","[0.2,99.8]","[-3000,0]",problem8p,19124.0, For this one I would do 6000 dollars for a 0 . 1 percent because even though the percent is really small um the percent is high that you will not lose any money ,34.0
29,70366,1.0,"[33,66,1]","[2500,2400,0]",[100],[2400],problem1,11873.0,Okay for this one I would win 500 dollars with 100 percent chance,13.0
30,70366,0.0,"[20,80]","[4000,0]","[25,75]","[3000,0]",problem4,15704.0,For this one I would do um this one because even though it is a 5 percent less you still are would be winning 1000 dollars more,27.0
31,70366,0.0,"[0.1,99.9]","[-5000,0]",[100],[-5],problem14p,18605.0,Um for this one I would lose 5 dollars or I would lose 0 dollars with a 99 percent chance because the percent is really high that you will not lose anything,32.0
32,70366,1.0,"[50,50]","[1000,0]",[100],[500],problem11,18871.0,Okay for this one I would win 500 dollars with 100 percent chance,13.0
33,70366,0.0,"[25,75]","[-6000,0]","[25,25,50]","[-4000,-2000,0]",problem13p,15288.0,For this one I would lose 6000 dollars with a 25 percent chance,13.0
34,70366,1.0,"[45,55]","[-6000,0]","[90,10]","[-3000,0]",problem7p,6288.0,,0.0
35,70366,0.0,"[0.1,99.9]","[5000,0]",[100],[5],problem14,43888.0,Um for this one I would lose 5 dollars or I would lose 0 dollars with a 99 percent chance because the percent is really high that you will not lose anything,32.0
36,70366,0.0,"[20,80]","[-4000,0]","[25,75]","[-3000,0]",problem4p,15187.0,For this one I would do um this one because even though it is a 5 percent less you still are would be winning 1000 dollars more,27.0
37,70366,0.0,"[50,50]","[-1000,0]",[100],[-500],problem12,15121.0, Um this one I would do this one do lose 0 dollars with a 50 percent chance because I do not want to risk losing 500 dollars um with a 100 percent chance ,33.0
18,70379,1.0,"[25,75]","[1000,0]",[100],[240],practice_problem_a,23099.0," Okay , um , when you have made your decision register your choice by clicking or talking ... option preferred . Win 1000 dollars with a 25 percent chance . Lose 0 with 75 . Win 240 . Um , um I would rather , with this one , I have more guarantee so I will do that one .",60.0
19,70379,0.0,"[80,20]","[-500,0]",[100],[-400],practice_problem_b,9618.0," Lose 500 with 80 percent chance or lose 0 , or lose 400 completely . Um , I will take lose 0 .",23.0
21,70379,1.0,"[0.1,99.9]","[5000,0]",[100],[5],problem14,6603.0,"  6000 . Lose 5000 or lose 5 dollars . Um , I would rather risk losing five .",18.0
22,70379,0.0,"[45,55]","[-6000,0]","[90,10]","[-3000,0]",problem7p,9631.0," 5 dollars for a coffee . Lose six thousand for zero , or lose 3000  zero . Oh , lose zero , that has the highest  ",26.0
23,70379,0.0,"[0.1,99.9]","[6000,0]","[0.2,99.8]","[3000,0]",problem8,6977.0,"  that much . Um , probably not . Oh wait that is losing money . So lose 6000 . Probably not go with 6000 . Um , I will take low  ",31.0
24,70379,1.0,"[0.1,99.9]","[-5000,0]",[100],[-5],problem14p,9129.0,"  6000 . Lose 5000 or lose 5 dollars . Um , I would rather risk losing five .",18.0
25,70379,1.0,"[25,75]","[6000,0]","[25,25,50]","[4000,2000,0]",problem13,10032.0,"  Losing money . Lose , lose , lose , lose , lose . I will risk .",17.0
26,70379,1.0,"[33,66,1]","[2500,2400,0]",[100],[2400],problem1,8188.0," Um , win a thousand with 50 percent chance or 500 with 100 . I need the ",17.0
27,70379,1.0,"[0.1,99.9]","[-6000,0]","[0.2,99.8]","[-3000,0]",problem8p,12625.0,"  that much . Um , probably not . Oh wait that is losing money . So lose 6000 . Probably not go with 6000 . Um , I will take low  ",31.0
28,70379,0.0,"[80,20]","[-4000,0]",[100],[-3000],problem3p,10647.0,"  risk . Lose 4000 probably , or definitely lose 3000 . Um , okay , I cannot afford that .",20.0
29,70379,1.0,"[45,55]","[6000,0]","[90,10]","[3000,0]",problem7,9105.0," 5 dollars for a coffee . Lose six thousand for zero , or lose 3000  zero . Oh , lose zero , that has the highest  ",26.0
30,70379,1.0,"[50,50]","[1000,0]",[100],[500],problem11,6541.0," Um , win a thousand with 50 percent chance or 500 with 100 . I need the ",17.0
31,70379,0.0,"[33,67]","[2500,0]","[34,66]","[2400,0]",problem2,11598.0,"  money . Um , win 250 or 2500 , with 33 percent chance , that is basically the same thing . I will do .",25.0
32,70379,0.0,"[20,80]","[4000,0]","[25,75]","[3000,0]",problem4,7433.0, Without losing money . Um ... I will do the highest chance of  ,13.0
33,70379,0.0,"[80,20]","[4000,0]",[100],[3000],problem3,5830.0,"  risk . Lose 4000 probably , or definitely lose 3000 . Um , okay , I cannot afford that .",20.0
34,70379,0.0,"[50,50]","[-1000,0]",[100],[-500],problem12,8308.0, Win 4000 . Lose 1000 dollars with 50 percent chance or lose 500 . I will risk .,18.0
35,70379,0.0,"[25,75]","[-6000,0]","[25,25,50]","[-4000,-2000,0]",problem13p,7426.0,"  Losing money . Lose , lose , lose , lose , lose . I will risk .",17.0
36,70379,0.0,"[20,80]","[-4000,0]","[25,75]","[-3000,0]",problem4p,5043.0, Without losing money . Um ... I will do the highest chance of  ,13.0
37,70379,0.0,"[50,50]","[1000,0]",[100],[450],problem0,7514.0," Without losing money . Here , I think I will , to win 1000 dollars or win 450 . I will try .",23.0
18,70387,1.0,"[25,75]","[1000,0]",[100],[240],practice_problem_a,22416.0," Oh , okay . So there is 25 percent chance I win everything . But 75 that I got nothing . Why would I do that ? If I can get 240 like for sure . 25 percent chance is nothing . So we are going to go with ...",50.0
19,70387,0.0,"[80,20]","[-500,0]",[100],[-400],practice_problem_b,15162.0," this one . Wait . Oh , this is too similar . I have to go . Oh my god . Hold on . Yeah , their too similar I will go with this .",35.0
21,70387,1.0,"[45,55]","[6000,0]","[90,10]","[3000,0]",problem7,21474.0,Let us go with this . There is a higher chance that I lose nothing with 55 percent chance than there is on the other side . So I will go with ,32.0
22,70387,0.0,"[0.1,99.9]","[6000,0]","[0.2,99.8]","[3000,0]",problem8,12392.0,Okay losing . Shit . Okay so were losing ,9.0
23,70387,1.0,"[33,66,1]","[2500,2400,0]",[100],[2400],problem1,21108.0,50 - 50 I will go with winning,8.0
24,70387,0.0,"[80,20]","[-4000,0]",[100],[-3000],problem3p,13997.0," I will go with the 4000 , it is just 80 percent chance . Cannot be that bad , can it ? Sorry .",24.0
25,70387,0.0,"[50,50]","[1000,0]",[100],[450],problem0,17151.0," . 50 / 50 , and 450 is not half of 50 . Um , I will risk it . I will go with the 1000 .",27.0
26,70387,0.0,"[50,50]","[-1000,0]",[100],[-500],problem12,17162.0," Okay , so this one  s 50 - 50 , so I will go with the lose . Oh , we are losing now . Okay , so I will go with the 500 . Or no , because now there is a chance that I will not lose anything .",51.0
27,70387,0.0,"[45,55]","[-6000,0]","[90,10]","[-3000,0]",problem7p,13641.0,Let us go with this . There is a higher chance that I lose nothing with 55 percent chance than there is on the other side . So I will go with ,32.0
28,70387,1.0,"[80,20]","[4000,0]",[100],[3000],problem3,8661.0," I will go with the 4000 , it is just 80 percent chance . Cannot be that bad , can it ? Sorry .",24.0
29,70387,0.0,"[33,67]","[2500,0]","[34,66]","[2400,0]",problem2,15762.0,"  1 . Okay . This is not the same . This is the same . Oh no , it is not . 1 percent different . Whatever .",28.0
30,70387,1.0,"[20,80]","[-4000,0]","[25,75]","[-3000,0]",problem4p,12506.0,Hm These are both very close to each other so I will go with the higher with the lower bit this time mhm .,24.0
31,70387,1.0,"[0.1,99.9]","[-6000,0]","[0.2,99.8]","[-3000,0]",problem8p,9022.0,Okay losing . Shit . Okay so were losing ,9.0
32,70387,1.0,"[0.1,99.9]","[-5000,0]",[100],[-5],problem14p,10519.0,Lose 5 dollars with 100 percent chance . I think that is what I am going to do .,19.0
33,70387,0.0,"[20,80]","[4000,0]","[25,75]","[3000,0]",problem4,11749.0,Hm These are both very close to each other so I will go with the higher with the lower bit this time mhm .,24.0
34,70387,1.0,"[50,50]","[1000,0]",[100],[500],problem11,4422.0,50 - 50 I will go with winning,8.0
35,70387,1.0,"[25,75]","[6000,0]","[25,25,50]","[4000,2000,0]",problem13,10714.0,There is more options . Ooo I will once again go with the same option because there is more things to choose from .,24.0
36,70387,1.0,"[25,75]","[-6000,0]","[25,25,50]","[-4000,-2000,0]",problem13p,7915.0,There is more options . Ooo I will once again go with the same option because there is more things to choose from .,24.0
37,70387,1.0,"[0.1,99.9]","[5000,0]",[100],[5],problem14,5982.0,Lose 5 dollars with 100 percent chance . I think that is what I am going to do .,19.0
18,70407,1.0,"[25,75]","[1000,0]",[100],[240],practice_problem_a,50838.0, okay so trying to speak my thoughts aloud about this so you can either win 1000 dollars with a 25 chance of actually winning it or win 240 dollars and its a 100 percent chance that you actually get the money so i would do the win 240 dollars with a 100 percent chance because its absolutely guranteed that you win some money and that is a much better chance than only having 1 in 4 odds of winning 1000 dollars even though its only about a little less than a quarter of the amount of money that you would recieve if you were part of the 25 percent but personally i would rather go with the 100 percent sure thing that you get some money rather than none ,129.0
19,70407,1.0,"[80,20]","[-500,0]",[100],[-400],practice_problem_b,37681.0, okay so lose 500 dollars with an 80 percent chance or lose 0 dollars with a 20 percent chance i lose 400 dollars with a 100 percent chance agan i think i would do the lose the 400 dollars with a 100 percent chance because i do not like the odds of the lose 0 with 20 percent chance so chances are you will end up as the 80 percent and you will have to lose 500 anyways so you might as well lose 400 with a 100 percent chance because it saves you more money .,97.0
21,70407,1.0,"[45,55]","[6000,0]","[90,10]","[3000,0]",problem7,37341.0, uh lose 6000 with a 45 percent chance and lose 0 with a 55 percent chance or lose 3000 with a 90 percent chance and lose 0 with 10 percent i think i would go with the lose 6000 with a 45 and lose 0 with a 55 i know that you know you do have the chance of losing even more money but you have a higher chance of loing no money and because i woul go with the lose 0 with 55 odds rather than the lose 0 with 10 odds like its more potential money lost but you have a greater chance of losing no money at all so that is the one i would go with .,121.0
22,70407,0.0,"[45,55]","[-6000,0]","[90,10]","[-3000,0]",problem7p,54588.0, uh lose 6000 with a 45 percent chance and lose 0 with a 55 percent chance or lose 3000 with a 90 percent chance and lose 0 with 10 percent i think i would go with the lose 6000 with a 45 and lose 0 with a 55 i know that you know you do have the chance of losing even more money but you have a higher chance of loing no money and because i woul go with the lose 0 with 55 odds rather than the lose 0 with 10 odds like its more potential money lost but you have a greater chance of losing no money at all so that is the one i would go with .,121.0
23,70407,0.0,"[33,66,1]","[2500,2400,0]",[100],[2400],problem1,51273.0, win 1000 dollars with a 50 percent chance lose 0 with a 50 oercent chance win 500 with 100 percent chance going with the 500 which is guranteed making money .,31.0
24,70407,1.0,"[80,20]","[-4000,0]",[100],[-3000],problem3p,31480.0, okay lose 4000 with 80 percent chance and lose 0 with 20 percent chance or lose 3000 with 100 percent chance i am just going to do the lose 3000 with a 100 percent chance there are good odds of you know getitng the lose 4000 instead of the lose 0 and honestly like you save 1000 dolalrs if you just suck it up and lose the 3000 so that is what i am going to ,76.0
25,70407,0.0,"[33,67]","[2500,0]","[34,66]","[2400,0]",problem2,27953.0, okay win 2500 with 33 percent chance lose 0 with 67 win 2400 with 34 percent chance lose 0 with 66 percent chance i am just going to go with the higher money because you are not losing any money and the odds are pretty much the same .,49.0
26,70407,1.0,"[0.1,99.9]","[-6000,0]","[0.2,99.8]","[-3000,0]",problem8p,36621.0, lose okay lose 6000 with a 0 . 1 percent chance lose 0 with a 99 . 9 chance lose 3000 with 0 . 2 percent chance lose 0 with a 99 . 8 chance i am just going to say just going to say lose 3000 i mean honesly you are probably not going to be one of the 0 . 2 anyways so it does not reall matter but like you might as well you might as well go with the lower one .,86.0
27,70407,1.0,"[0.1,99.9]","[-5000,0]",[100],[-5],problem14p,37371.0, okay lose 5000 with a 0 . 1 percent chance lose 0 with 99 . 9 percent chance or lose 5 dollars with a 100 percent chance i am just going to lose the 5 dollars man like the odds the odds its very unlikely you will be the 0 . 1 but i am not riskig it 5 dollars compared to 5000 i am just going to lose the 5 dollars i do it all the time anyway ,79.0
28,70407,1.0,"[50,50]","[1000,0]",[100],[450],problem0,17973.0, win 1000 with 50 percent chance lose 0 with 50 percent chance or win 450 with 100 percent chance i am going to do win 450 with 100 percent chance because you just you get money that is ,38.0
29,70407,1.0,"[20,80]","[4000,0]","[25,75]","[3000,0]",problem4,25104.0, oh my god this thing is so long alright win 4000 with 20 percent chance lose 0 with 80 percent chance lose 3000 with 25 percent chance lose 0 with 75 ercent chance i am going to do the 4000 20 percent chance because the odds are better for you losing 0 dollars .,54.0
30,70407,0.0,"[20,80]","[-4000,0]","[25,75]","[-3000,0]",problem4p,23291.0, oh my god this thing is so long alright win 4000 with 20 percent chance lose 0 with 80 percent chance lose 3000 with 25 percent chance lose 0 with 75 ercent chance i am going to do the 4000 20 percent chance because the odds are better for you losing 0 dollars .,54.0
31,70407,1.0,"[50,50]","[-1000,0]",[100],[-500],problem12,49707.0, alright lose 1000 with 50 percent chance lose 0 with 50 percent chance lose 500 with a 100 percent chance this ones tough becuse you can like guaranteed lose 500 dollars but you can lose double than but you also have the same amount of chance of losing no money god i am not a gambler i am not a gambler uh a 50 / 50 i think i woul lose the 500 becaue i would feel like id be the 50 to lose the 1000 and losing 500 is better than losing 1000 .,95.0
32,70407,1.0,"[80,20]","[4000,0]",[100],[3000],problem3,23139.0, okay lose 4000 with 80 percent chance and lose 0 with 20 percent chance or lose 3000 with 100 percent chance i am just going to do the lose 3000 with a 100 percent chance there are good odds of you know getitng the lose 4000 instead of the lose 0 and honestly like you save 1000 dolalrs if you just suck it up and lose the 3000 so that is what i am going to ,76.0
33,70407,1.0,"[25,75]","[6000,0]","[25,25,50]","[4000,2000,0]",problem13,29036.0, lose 6000 with 25 percent chance lose 0 dollars with 75 percent chance or lose 4000 25 and lose 2000 with 25 i am going to do the lose 6000 with 25 percent chance because you have a lower chance of losing money even though it is a higher amount .,51.0
34,70407,0.0,"[0.1,99.9]","[6000,0]","[0.2,99.8]","[3000,0]",problem8,15703.0, lose okay lose 6000 with a 0 . 1 percent chance lose 0 with a 99 . 9 chance lose 3000 with 0 . 2 percent chance lose 0 with a 99 . 8 chance i am just going to say just going to say lose 3000 i mean honesly you are probably not going to be one of the 0 . 2 anyways so it does not reall matter but like you might as well you might as well go with the lower one .,86.0
35,70407,0.0,"[25,75]","[-6000,0]","[25,25,50]","[-4000,-2000,0]",problem13p,26624.0, lose 6000 with 25 percent chance lose 0 dollars with 75 percent chance or lose 4000 25 and lose 2000 with 25 i am going to do the lose 6000 with 25 percent chance because you have a lower chance of losing money even though it is a higher amount .,51.0
36,70407,1.0,"[50,50]","[1000,0]",[100],[500],problem11,14941.0, win 1000 dollars with a 50 percent chance lose 0 with a 50 oercent chance win 500 with 100 percent chance going with the 500 which is guranteed making money .,31.0
37,70407,0.0,"[0.1,99.9]","[5000,0]",[100],[5],problem14,20358.0, okay lose 5000 with a 0 . 1 percent chance lose 0 with 99 . 9 percent chance or lose 5 dollars with a 100 percent chance i am just going to lose the 5 dollars man like the odds the odds its very unlikely you will be the 0 . 1 but i am not riskig it 5 dollars compared to 5000 i am just going to lose the 5 dollars i do it all the time anyway ,79.0
18,70474,0.0,"[25,75]","[1000,0]",[100],[240],practice_problem_a,44187.0," Um so here we have win 1000 dollars for 25 percent chance or lose 0 dollars with a 75 percent chance . So I mean , in reality , the other option is win 240 dollars no matter what . And I mean , I feel like having the 25 percent chance to win 1000 dollars is better because you are not losing anything . Either way , you do not lose anything . And I mean , 240 dollars is not a , like huge change of money as to where like if you were to get 1000 dollars within a couple of seconds , that is pretty pretty life changing and it can be .",117.0
19,70474,0.0,"[80,20]","[-500,0]",[100],[-400],practice_problem_b,39507.0," Um , next , we have a lose 500 dollars with 80 percent chance or lose 0 dollars with 20 percent chance . I think the , and then lose 400 dollars with 100 percent chance . I think that you , um , it being only 100 dollars less that you are losing makes it so that um it is almost just worth it to gamble the extra 100 dollars . And I think 20 percent chance is pretty , it is not terrible to lose 0 dollars . So , I would go with that .",98.0
21,70474,0.0,"[0.1,99.9]","[-6000,0]","[0.2,99.8]","[-3000,0]",problem8p,28092.0," Lose 6000 dollars with so you a 1 percent chance to lose 6000 99 percent chance to lose zero or a 2 percent chance . I think I mean it is 1 percent I I do not think , I think the odds are so far heavily in the favor of losing zero dollars that there is no reason not to risk that . 1 percent is so low it would , it would be so rare for that not to hit 99 . 9 percent chance .",88.0
22,70474,0.0,"[20,80]","[4000,0]","[25,75]","[3000,0]",problem4,18418.0, This is the same question we have already had where I picked 4000 so I am just going to ,19.0
23,70474,0.0,"[50,50]","[-1000,0]",[100],[-500],problem12,29286.0,"  what I would choose . 50 - 50 chance to lose a thousand dollars or you lose a hundred dollars . I mean it is , I feel like , I think I would do the 100 or the 50 - 50 because again having that opportunity to only lose , to lose nothing is a lot better than still having to pay 500 dollars no matter what . It is not a terrible gamble .",76.0
24,70474,1.0,"[0.1,99.9]","[-5000,0]",[100],[-5],problem14p,24223.0," Lose 5000 dollars with a 1 percent chance or lose 0 dollars  99 . 9 percent chance or lose 5 dollars . On this one , I actually think I have to go with 5 dollars because I do not think 5 dollars really affects me . Let us  that 1 percent for a thousand or five thousand is pretty , could be pretty detrimental ",65.0
25,70474,0.0,"[20,80]","[-4000,0]","[25,75]","[-3000,0]",problem4p,7898.0, This is the same question we have already had where I picked 4000 so I am just going to ,19.0
26,70474,0.0,"[25,75]","[-6000,0]","[25,25,50]","[-4000,-2000,0]",problem13p,23005.0,"  again . Okay so this one  s s 25 percent chance to lose 4000 , 25 percent chance to lose 2000 . I am going to go with the 6000 with a 75  75 percent chance of losing 0 , I feel like that is better odd , better odds for you . 25 percent chance still pretty low .",60.0
27,70474,0.0,"[50,50]","[1000,0]",[100],[450],problem0,19003.0,"50 - 50 to win a thousand oh I feel like there is no brainer to win a thousand dollars fifty percent chance again that is like a great sum of money to to um , great chance and great some of money to gain in such a short period of time compared to 450 dollars ",56.0
28,70474,0.0,"[33,67]","[2500,0]","[34,66]","[2400,0]",problem2,25289.0," Um , win 2500 with a 33  33 percent chance or 34 percent chance for  I feel like the 1 percent is not going to change . I mean ,  obviously it is statistics and it is going to change percentage but I think that ability to get that extra 100 dollars is worth that 1 percent .",58.0
29,70474,0.0,"[50,50]","[1000,0]",[100],[500],problem11,20734.0,Um . Win 1000 dollars with 50 percent chance so it is a 50 - 50 to win 1000 or win 500 this is the same one except for the number  s 500 instead of 450 so I am going to do the 1000 dollar one .,47.0
30,70474,1.0,"[80,20]","[4000,0]",[100],[3000],problem3,17686.0," 50 is better . So this one  s lose 4000 , 80 percent chance to lose 4000 or 100 percent chance to lose 3000 . I feel like having that chance to still lose no money is a better risk than it is worth the extra 1000 dollars in this scenario .",52.0
31,70474,0.0,"[0.1,99.9]","[5000,0]",[100],[5],problem14,12869.0," Lose 5000 dollars with a 1 percent chance or lose 0 dollars  99 . 9 percent chance or lose 5 dollars . On this one , I actually think I have to go with 5 dollars because I do not think 5 dollars really affects me . Let us  that 1 percent for a thousand or five thousand is pretty , could be pretty detrimental ",65.0
32,70474,1.0,"[45,55]","[6000,0]","[90,10]","[3000,0]",problem7,18989.0," Lose 6000 , so 50 - 50 to lose . Now it is just the opposite . So I am going to go now that it is a higher chance to lose 0 dollars . I would rather pick that  .",41.0
33,70474,0.0,"[45,55]","[-6000,0]","[90,10]","[-3000,0]",problem7p,14455.0," Lose 6000 , so 50 - 50 to lose . Now it is just the opposite . So I am going to go now that it is a higher chance to lose 0 dollars . I would rather pick that  .",41.0
34,70474,0.0,"[33,66,1]","[2500,2400,0]",[100],[2400],problem1,36822.0,Um . Win 1000 dollars with 50 percent chance so it is a 50 - 50 to win 1000 or win 500 this is the same one except for the number  s 500 instead of 450 so I am going to do the 1000 dollar one .,47.0
35,70474,0.0,"[0.1,99.9]","[6000,0]","[0.2,99.8]","[3000,0]",problem8,14265.0," Lose 6000 dollars with so you a 1 percent chance to lose 6000 99 percent chance to lose zero or a 2 percent chance . I think I mean it is 1 percent I I do not think , I think the odds are so far heavily in the favor of losing zero dollars that there is no reason not to risk that . 1 percent is so low it would , it would be so rare for that not to hit 99 . 9 percent chance .",88.0
36,70474,1.0,"[25,75]","[6000,0]","[25,25,50]","[4000,2000,0]",problem13,19468.0,"  again . Okay so this one  s s 25 percent chance to lose 4000 , 25 percent chance to lose 2000 . I am going to go with the 6000 with a 75  75 percent chance of losing 0 , I feel like that is better odd , better odds for you . 25 percent chance still pretty low .",60.0
37,70474,0.0,"[80,20]","[-4000,0]",[100],[-3000],problem3p,18404.0," 50 is better . So this one  s lose 4000 , 80 percent chance to lose 4000 or 100 percent chance to lose 3000 . I feel like having that chance to still lose no money is a better risk than it is worth the extra 1000 dollars in this scenario .",52.0
18,70526,1.0,"[25,75]","[1000,0]",[100],[240],practice_problem_a,56537.0," Okay , so I could either win 1000 dollars with 25 percent chance . That is a lot of money or 0 dollars is 75 percent chance . That is great odds for 0 dollars , but I could win 240 dollars with 100 percent chance . I personally would go for the 240 dollars with 100 percent chance because I do not like to risk things , I do not think . Although the 1000 dollars looks really tempting and I feel like maybe if I chose the 240 I would feel regret that I did not even try to get the 1000 dollars , but then if I also chose the 1000 dollars and did not get it then I would feel way more regret that I did not just choose the 240 dollars and play it safe . I really think that I would go for the 240 dollars because that is still a lot of money . It is not like this is 40 dollars or a thousand . It is 240 , that is pretty good . Guarantee , yeah .",186.0
19,70526,0.0,"[80,20]","[-500,0]",[100],[-400],practice_problem_b,71022.0," lose 500 dollars with 80 percent chance or lose 0 dollars with 20 percent chance . Oh , or lose  400 dollars . Okay , okay . Well , this seems a little more obvious because 500 and 400 are pretty close to each other . Not quite , but an 80 - 20 , that is pretty bad though , it is . But then I , yeah , I would for sure pick the lose by the 80 - 20 one rather than 100 percent because with this , I am not gaining money . So I feel like I would not , I would want , why would I want to risk losing money more than I would want to risk gaining money ? I do not know because , oh , because I really , I guess I want to lose as little as possible . So I would want to pick the decision that has the least one , like the 0 dollars , 20 percent chance . Plus I just feel like 500 and 400 are not that bad . And I would be willing to risk  100 dollars to have a chance of losing none .",203.0
21,70526,0.0,"[33,67]","[2500,0]","[34,66]","[2400,0]",problem2,59179.0," Okay , win 2500 dollars with 33 percent chance or lose 0 dollars , so like win 0 dollars . Or win 2400 dollars with 34 percent chance , so these are basically the same except for there is 100 dollars in difference and 1 percent difference . I do not really know math that well , but I feel like 33 percent to 34 percent is less of a gap than 2500 to 2400 in the sense that I would want to risk that 1 percent to gain 100 extra dollars . So I would for sure go for the win 2500 dollars with 33 percent chance rather than 34 percent chance . Yeah , because that is just not that big of a gap to me in my head .",132.0
22,70526,0.0,"[80,20]","[4000,0]",[100],[3000],problem3,56789.0," Okay , lose 4000 with 80 percent chance or lose 0 dollars with 20 percent chance . Or lose 3000 dollars with 100 percent ... chance . This is tricky . I think I am going to go with the lose 3000 dollars because I just do not think I would be in that 20 percent . 80 percent is a high percentage and I do not want to lose 1000 more dollars .",74.0
23,70526,0.0,"[0.1,99.9]","[6000,0]","[0.2,99.8]","[3000,0]",problem8,61947.0," Okay , 6000 0 . 1 , , 0 . 2 , got to go with the 0 . 1 .",21.0
24,70526,1.0,"[25,75]","[-6000,0]","[25,25,50]","[-4000,-2000,0]",problem13p,72972.0," Okay , lose 6000 with 25 percent chance . That is pretty , that is a lot of money . Or lose 0 dollars with 75 percent chance . So , or lose 4000 dollars with 25 percent chance , 20000 dollars with 25 percent chance . 0 dollars with  percent chance . Okay , so for this one I have 50 percent chance to lose money , but it is it is less money either way . Oh , that is like , hmm . But this one I only have 25 percent chance to lose money . So now at this point , I guess it is asking whether I care more about the money or about the chance . Which , I think I care about the percentage because 6000 is still a lot . So I guess I care about the money too , but , though I do not want to lose , no , but they are all 25 percent chance , ugh . Okay , okay . I would go with the 4000 2000 one because everything is 25 percent chance . So I would much rather lose 25 percent . Wait , I do not know if my math is adding up there , but either way , I am going with the 4000 2000 .",224.0
25,70526,0.0,"[33,66,1]","[2500,2400,0]",[100],[2400],problem1,43600.0," Okay , win 1000 dollars , 50 percent or  or win 500 dollars , . Okay , this is the same thing that I was saying , if it was 500 , I would go with that one . So I am going to stick to my word . I would so go with that one . That is like , just half 1000 . I am almost there , you know . ",73.0
26,70526,1.0,"[20,80]","[-4000,0]","[25,75]","[-3000,0]",problem4p,32981.0," Okay , lose 4000 dollars with 20 percent chance , but lose eight , wait no 0 dollars with 80 percent chance . Okay , or lose 3000 dollars with 25 percent chance , lose 0 dollars with 75 percent chance . I will go with that one for sure . Um 5 percent difference , but significantly less money . So , ugh what does that 5  that 5 percent make up ? A lot of , I do not know , I am not good , I am picking that one .",94.0
27,70526,0.0,"[20,80]","[4000,0]","[25,75]","[3000,0]",problem4,29015.0," Okay , lose 4000 dollars with 20 percent chance , but lose eight , wait no 0 dollars with 80 percent chance . Okay , or lose 3000 dollars with 25 percent chance , lose 0 dollars with 75 percent chance . I will go with that one for sure . Um 5 percent difference , but significantly less money . So , ugh what does that 5  that 5 percent make up ? A lot of , I do not know , I am not good , I am picking that one .",94.0
28,70526,1.0,"[0.1,99.9]","[-5000,0]",[100],[-5],problem14p,37319.0," Okay , lose 5000 with 0 . 1 percent , not going to be me for sure . Or lose 0 dollars 99 percent . Oh , but it could be me . Lose 5 dollars with a 100 percent chance . Oh , that is so tricky . There is no way I would lose 5000 dollars . I would so be then the 99 percent . However , I do not want to risk that because that was a big difference . If I could just pay because if I ended up having to lose 5000 and then I just knew that I could have just paid 5 dollars to not do that , yeah , I have to go with the 5 dollars .",127.0
29,70526,1.0,"[80,20]","[-4000,0]",[100],[-3000],problem3p,31181.0," Okay , lose 4000 with 80 percent chance or lose 0 dollars with 20 percent chance . Or lose 3000 dollars with 100 percent ... chance . This is tricky . I think I am going to go with the lose 3000 dollars because I just do not think I would be in that 20 percent . 80 percent is a high percentage and I do not want to lose 1000 more dollars .",74.0
30,70526,0.0,"[50,50]","[1000,0]",[100],[450],problem0,18047.0," Okay , win 1000 dollars with 50 percent chance or lose  uh win 450 dollars with a 100 percent chance . Okay , so if this were 500 dollars , I think I would pick that one . But I am thinking that since it is 450 , that is pretty different . I am going to pick the win thousand with 50 percent .",65.0
31,70526,0.0,"[45,55]","[-6000,0]","[90,10]","[-3000,0]",problem7p,29622.0," Lose 6000 , 45 , lose 3000 with 90 . Um .  thousand . These . Oh my god , I , let us , 45 percent . That is pretty low . 90 is so high , but 6000 is a lot . No , you know what ? I am going to , I am going to do the six .",63.0
32,70526,0.0,"[0.1,99.9]","[5000,0]",[100],[5],problem14,12649.0," Okay , lose 5000 with 0 . 1 percent , not going to be me for sure . Or lose 0 dollars 99 percent . Oh , but it could be me . Lose 5 dollars with a 100 percent chance . Oh , that is so tricky . There is no way I would lose 5000 dollars . I would so be then the 99 percent . However , I do not want to risk that because that was a big difference . If I could just pay because if I ended up having to lose 5000 and then I just knew that I could have just paid 5 dollars to not do that , yeah , I have to go with the 5 dollars .",127.0
33,70526,1.0,"[25,75]","[6000,0]","[25,25,50]","[4000,2000,0]",problem13,69040.0," Okay , lose 6000 with 25 percent chance . That is pretty , that is a lot of money . Or lose 0 dollars with 75 percent chance . So , or lose 4000 dollars with 25 percent chance , 20000 dollars with 25 percent chance . 0 dollars with  percent chance . Okay , so for this one I have 50 percent chance to lose money , but it is it is less money either way . Oh , that is like , hmm . But this one I only have 25 percent chance to lose money . So now at this point , I guess it is asking whether I care more about the money or about the chance . Which , I think I care about the percentage because 6000 is still a lot . So I guess I care about the money too , but , though I do not want to lose , no , but they are all 25 percent chance , ugh . Okay , okay . I would go with the 4000 2000 one because everything is 25 percent chance . So I would much rather lose 25 percent . Wait , I do not know if my math is adding up there , but either way , I am going with the 4000 2000 .",224.0
34,70526,1.0,"[50,50]","[1000,0]",[100],[500],problem11,18181.0," Okay , win 1000 dollars , 50 percent or  or win 500 dollars , . Okay , this is the same thing that I was saying , if it was 500 , I would go with that one . So I am going to stick to my word . I would so go with that one . That is like , just half 1000 . I am almost there , you know . ",73.0
35,70526,1.0,"[50,50]","[-1000,0]",[100],[-500],problem12,51183.0," Okay , lose a thousand fifty percent chance lose five hundred dollars with a hundred percent chance . It is kind of the same thing . Well , no just opposite , but I still think I am going to go lose five hundred dollars , because . Mm . No ,  but it is like okay . I am thinking about it is like on a life wheel when you spin to win or no you spin after you get married and they are spinning for people  s wedding presents to you . This is the game of life . Every other one is red or  red or black . So they alternate red or black red or black and I am  I never get the black ones which is what the most money is and the red ones you do not get any money . So I never get the black one . So I do not want to lose a thousand that just means I would lose a thousand dollars . So I am going to go lose five hundred dollars . So , yeah ",188.0
36,70526,0.0,"[45,55]","[6000,0]","[90,10]","[3000,0]",problem7,24833.0," Lose 6000 , 45 , lose 3000 with 90 . Um .  thousand . These . Oh my god , I , let us , 45 percent . That is pretty low . 90 is so high , but 6000 is a lot . No , you know what ? I am going to , I am going to do the six .",63.0
37,70526,0.0,"[0.1,99.9]","[-6000,0]","[0.2,99.8]","[-3000,0]",problem8p,5267.0," Okay , 6000 0 . 1 , , 0 . 2 , got to go with the 0 . 1 .",21.0
18,70560,1.0,"[25,75]","[1000,0]",[100],[240],practice_problem_a,77334.0," Please try to speak your thoughts aloud . When you reach the decision , register your choice by clicking on a taper or tapping the option you prefer . Win 1000 dollars with 25 percent chance . Lose 0 dollars with 75 percent chance . Win 240 dollars with 100 percent chance . Well , that is hard to make sense of because what do you mean by lose 0 dollars ? Win oh so it is like you have a 25 percent chance of winning 1000 dollars or win 240 . Well I would say win 240 dollars because if you think about it , you have a 25 percent chance which is about 250 um comparatively to the 1000 . And when you take that into account , it is a guaranteed win of 25 percent of what you were going to get . Uh So it makes the 100 percent chance more valuable because you only have a small , small , you have a 1 in 4 chance of getting any money at all . Um And you have 100 percent chance of getting a quarter of the total money that is possible with 1000 dollars when you compare the two . um But I think that that would just be my own opinion . So I would I would I would win um that .",230.0
19,70560,0.0,"[80,20]","[-500,0]",[100],[-400],practice_problem_b,23664.0,Please try to speak your thoughts aloud when tapping your decision register your choice by tapping the one you prefer . Lose 500 dollars with an 80 percent chance . Lose 0 dollars with a 20 percent chance . Lose 400 dollars with a 100 percent chance . Um I am going to go with with the one on the left because it seems to make more sense verbally .,70.0
21,70560,1.0,"[20,80]","[-4000,0]","[25,75]","[-3000,0]",problem4p,39377.0," lose 4000 dollars with 20 percent chance , lose  percent , 0 dollars with 80 percent chance . So you have a 20 percent chance of losing 4000 dollars and an 80 percent chance of , okay , lose , you have a 25 percent chance . So you have a bigger chance of losing 3000 um . I would have to say lose 4000 dollars with a 20 percent chance because it is a , well , it is only 1000 dollars more , but you are paying that 1000 dollars is in 5 percent , so I would actually say the the 3000 .",106.0
22,70560,0.0,"[80,20]","[-4000,0]",[100],[-3000],problem3p,18113.0, Lose 4000 with an 80 percent chance lose lose 3000 uh definitely the the um Lose 4000 dollars with an 80 percent because you still have a 20 percent chance uh You do not have to be guaranteed to lose 3 grand ,42.0
23,70560,1.0,"[0.1,99.9]","[-6000,0]","[0.2,99.8]","[-3000,0]",problem8p,35361.0, lose 6000 dollars with a 0 . 1 percent chance . Uh Definitely lose half of the amount for a 0 . 2 percent chance . Um I I I think that would be the best option . It is a 99 . 9 versus a 99 . 8 . There is a minuscule difference that you most likely will not find uh to even be relevant . Um because You you could round both of these numbers up to a 100 percent chance . Uh And you would barely notice .,92.0
24,70560,0.0,"[0.1,99.9]","[5000,0]",[100],[5],problem14,31015.0," Lose 5000 with 1 percent chance . Lose 0 dollars I got a text I am sorry lose 0 dollars with a 1 percent chance . Lose 5000 with a 0 . 1 percent chance . Lose 0 dollars . Um Obviously , in my mind , it is lose 5 bucks . Like It is like paying for um coverage when you buy a really nice TV or a car . If you if you buy the insurance and you only pay 5 bucks , um that is not nearly enough to risk 5000 dollars for . Even if it is a 1 percent chance , I will take I will pay 5 bucks for a 1 percent or a 0 . 1 percent chance . Um Just to just to save that possibility .",136.0
25,70560,1.0,"[33,66,1]","[2500,2400,0]",[100],[2400],problem1,35678.0,Win 1000 dollars with 50 percent win 500 with 100 . Um Definitely not willing to risk 500 dollars so I will take the 100 percent chance . In my opinion,31.0
26,70560,1.0,"[45,55]","[6000,0]","[90,10]","[3000,0]",problem7,31662.0, lose 6000 dollars with a 45 percent chance lose 0 dollars with  percent chance lose 3000 with a 90 percent chance lose 0 with a 10 percent chance . Um going to go with  dollars because it makes more sense to me .,43.0
27,70560,0.0,"[20,80]","[4000,0]","[25,75]","[3000,0]",problem4,17005.0," lose 4000 dollars with 20 percent chance , lose  percent , 0 dollars with 80 percent chance . So you have a 20 percent chance of losing 4000 dollars and an 80 percent chance of , okay , lose , you have a 25 percent chance . So you have a bigger chance of losing 3000 um . I would have to say lose 4000 dollars with a 20 percent chance because it is a , well , it is only 1000 dollars more , but you are paying that 1000 dollars is in 5 percent , so I would actually say the the 3000 .",106.0
28,70560,0.0,"[50,50]","[-1000,0]",[100],[-500],problem12,54843.0," uh lose 1000 dollars with 50 percent chance lose 0 dollars with 50 percent chance . Lose 500 dollars with 100 percent chance um I am not sure what to think of this because I am currently just trying to do the math on what the uh Rate would be and how much you would lose like if you multiply if you double it is uh I am thinking of like double or nothing like a board game or playing someone again , but You have a chance to not lose anything or to lose double what you would lose by this So it is really just how much you want to risk um and I am not a I am not about I I I if I can work for it um It depends on how you are taking your chances like if you can work for your chances um And you can push through and work hard then then go with this ",164.0
29,70560,1.0,"[0.1,99.9]","[-5000,0]",[100],[-5],problem14p,47807.0," Lose 5000 with 1 percent chance . Lose 0 dollars I got a text I am sorry lose 0 dollars with a 1 percent chance . Lose 5000 with a 0 . 1 percent chance . Lose 0 dollars . Um Obviously , in my mind , it is lose 5 bucks . Like It is like paying for um coverage when you buy a really nice TV or a car . If you if you buy the insurance and you only pay 5 bucks , um that is not nearly enough to risk 5000 dollars for . Even if it is a 1 percent chance , I will take I will pay 5 bucks for a 1 percent or a 0 . 1 percent chance . Um Just to just to save that possibility .",136.0
30,70560,1.0,"[45,55]","[-6000,0]","[90,10]","[-3000,0]",problem7p,17670.0, lose 6000 dollars with a 45 percent chance lose 0 dollars with  percent chance lose 3000 with a 90 percent chance lose 0 with a 10 percent chance . Um going to go with  dollars because it makes more sense to me .,43.0
31,70560,1.0,"[25,75]","[6000,0]","[25,25,50]","[4000,2000,0]",problem13,21440.0," Uh lose 6000 25 percent chance , lose 0 dollars with 75 percent chance , lose 4000 with 25 . Statistically , you have 50 percent total here um and 75 percent total here and 25 here . So you really only have a 25 percent chance of losing compared to a 50 percent chance of losing . But you will lose a third of 6000 dollars with that 25 , so this makes more sense to me even though you have a higher chance of losing money .",89.0
32,70560,1.0,"[80,20]","[4000,0]",[100],[3000],problem3,25524.0, Lose 4000 with an 80 percent chance lose lose 3000 uh definitely the the um Lose 4000 dollars with an 80 percent because you still have a 20 percent chance uh You do not have to be guaranteed to lose 3 grand ,42.0
33,70560,1.0,"[50,50]","[1000,0]",[100],[450],problem0,8666.0," win 1000 dollars with 50 percent chance , lose 0 dollars with 50 percent chance . Uh Winning the 450 .",21.0
34,70560,0.0,"[0.1,99.9]","[6000,0]","[0.2,99.8]","[3000,0]",problem8,12570.0, lose 6000 dollars with a 0 . 1 percent chance . Uh Definitely lose half of the amount for a 0 . 2 percent chance . Um I I I think that would be the best option . It is a 99 . 9 versus a 99 . 8 . There is a minuscule difference that you most likely will not find uh to even be relevant . Um because You you could round both of these numbers up to a 100 percent chance . Uh And you would barely notice .,92.0
35,70560,1.0,"[25,75]","[-6000,0]","[25,25,50]","[-4000,-2000,0]",problem13p,45088.0," Uh lose 6000 25 percent chance , lose 0 dollars with 75 percent chance , lose 4000 with 25 . Statistically , you have 50 percent total here um and 75 percent total here and 25 here . So you really only have a 25 percent chance of losing compared to a 50 percent chance of losing . But you will lose a third of 6000 dollars with that 25 , so this makes more sense to me even though you have a higher chance of losing money .",89.0
36,70560,1.0,"[33,67]","[2500,0]","[34,66]","[2400,0]",problem2,15172.0, win 2500 dollars with a 33 percent chance lose with 67  uh I am going to go with this because you are most  you are more likely to win even though it is 100 dollars less . Yeah ,38.0
37,70560,1.0,"[50,50]","[1000,0]",[100],[500],problem11,11892.0,Win 1000 dollars with 50 percent win 500 with 100 . Um Definitely not willing to risk 500 dollars so I will take the 100 percent chance . In my opinion,31.0
18,70596,0.0,"[25,75]","[1000,0]",[100],[240],practice_problem_a,31746.0,Um let us see win 1000 with a 25 percent chance win 200  oh I would win I would prefer 240 with a 100 percent chance uh because it is for sure . Win 1000 oh I will go with the the 1000 . 25 percent chance because I am usually lucky .,53.0
19,70596,0.0,"[80,20]","[-500,0]",[100],[-400],practice_problem_b,28326.0," lose 500 with 80 percent chance . I will lose 400 with 100 percent chance . Wait . No , I will do the lose 500 with 80 percent chance because it is only 100 more than the than the other option and you have the chance of not losing anything .",52.0
21,70596,1.0,"[25,75]","[6000,0]","[25,25,50]","[4000,2000,0]",problem13,25683.0," Lose 6000 with 25 percent chance . Lose 0 with 75 percent chance . Lose 4000 . Oh , I will go with lose 4000 with 25  percent chance . Lose 2000 with 25 percent chance . Or lose 0 with 50 percent chance . There is a there is a greater chance of not losing anything . Wait a second . Lose 6000 . I will take the risk this time on losing 6000 with a 25 percent chance because it is there is a 75 percent chance of not losing anything .",94.0
22,70596,1.0,"[80,20]","[4000,0]",[100],[3000],problem3,20502.0," lose 4000 with 80 percent chance . Lose 0 with  And then on this one I will pick the first option , lose  4000 with 80 percent chance just because of the 20 percent chance that I do not lose anything because the other option you would lose 3000 , uh 100 percent guaranteed . So losing in case it was the 80 percent is just 1000 more than losing 3000 . So yea I will pick the option that has the chance to not lose anything .",88.0
23,70596,0.0,"[50,50]","[1000,0]",[100],[450],problem0,27690.0,win 1000 with 50 percent chance I will do win 1000 with 50 percent chance uh because it is uh about double the 450 and it is a 50 / 50 so there is a good chance I would win it .,42.0
24,70596,0.0,"[80,20]","[-4000,0]",[100],[-3000],problem3p,43038.0," lose 4000 with 80 percent chance . Lose 0 with  And then on this one I will pick the first option , lose  4000 with 80 percent chance just because of the 20 percent chance that I do not lose anything because the other option you would lose 3000 , uh 100 percent guaranteed . So losing in case it was the 80 percent is just 1000 more than losing 3000 . So yea I will pick the option that has the chance to not lose anything .",88.0
25,70596,1.0,"[45,55]","[-6000,0]","[90,10]","[-3000,0]",problem7p,42897.0," lose 6000 with 45 percent chance , lose 0 with 55 percent chance , lose 3000 with 90 percent chance . Ooh , this one  s ... what would I prefer ? I would prefer to lose only 3000 and I would have a small chance of not losing anything because there is a bigger chance of losing 6000 on the other option . So I will pick the option that would possibly lose me less money .",78.0
26,70596,0.0,"[0.1,99.9]","[5000,0]",[100],[5],problem14,33531.0,I will take lose 5 with 100 percent chance because 5 bucks does not really affect me much .,19.0
27,70596,0.0,"[25,75]","[-6000,0]","[25,25,50]","[-4000,-2000,0]",problem13p,50789.0," Lose 6000 with 25 percent chance . Lose 0 with 75 percent chance . Lose 4000 . Oh , I will go with lose 4000 with 25  percent chance . Lose 2000 with 25 percent chance . Or lose 0 with 50 percent chance . There is a there is a greater chance of not losing anything . Wait a second . Lose 6000 . I will take the risk this time on losing 6000 with a 25 percent chance because it is there is a 75 percent chance of not losing anything .",94.0
28,70596,1.0,"[33,66,1]","[2500,2400,0]",[100],[2400],problem1,39079.0," Win 1000 with 50 percent chance , lose 0 with 50 percent chance , or win 500 with 100 percent chance . I will go with win 500 because it is 100 percent and I feel like it is not not that much money from the 1000 . It is only half of it , but it I would get it 100 percent so .",65.0
29,70596,0.0,"[33,67]","[2500,0]","[34,66]","[2400,0]",problem2,44299.0, win 2500 with 33 percent chance lose 0 with 67 percent chance ? Uh win 2400 with 34 percent chance lose 0 with 66 percent chance . So there is a 1 percent difference on winning or losing ? So I will go with the first option which would win me 100 dollars more if it lands in the 33 percent ,61.0
30,70596,0.0,"[20,80]","[-4000,0]","[25,75]","[-3000,0]",problem4p,32335.0," lose 4000 with 20 percent chance , lose 0 with 80 percent chance , lose 3000 with 25 percent chance , lose 0 with 75 percent chance . So there is a there is a smaller chance of losing 4000 and a greater chance of not losing anything so I will pick this option .",55.0
31,70596,1.0,"[0.1,99.9]","[6000,0]","[0.2,99.8]","[3000,0]",problem8,50227.0,Lose 6000 with 0 . 1 percent chance um so I will pick the first option because it is such a small chance of losing the 6000 . It will definitely fall on uh lose 0 because there is a 99 . 9 percent chance .,46.0
32,70596,0.0,"[50,50]","[-1000,0]",[100],[-500],problem12,27495.0, Uh lose 1000 with 50 percent or lose 0 with 50 percent or lose 500 with 100 percent chance . Um Since it is a 50 / 50 I will go with uh lose 1000 because there is a chance of losing nothing .,44.0
33,70596,1.0,"[45,55]","[6000,0]","[90,10]","[3000,0]",problem7,17014.0," lose 6000 with 45 percent chance , lose 0 with 55 percent chance , lose 3000 with 90 percent chance . Ooh , this one  s ... what would I prefer ? I would prefer to lose only 3000 and I would have a small chance of not losing anything because there is a bigger chance of losing 6000 on the other option . So I will pick the option that would possibly lose me less money .",78.0
34,70596,0.0,"[20,80]","[4000,0]","[25,75]","[3000,0]",problem4,37852.0," lose 4000 with 20 percent chance , lose 0 with 80 percent chance , lose 3000 with 25 percent chance , lose 0 with 75 percent chance . So there is a there is a smaller chance of losing 4000 and a greater chance of not losing anything so I will pick this option .",55.0
35,70596,1.0,"[50,50]","[1000,0]",[100],[500],problem11,34322.0," Win 1000 with 50 percent chance , lose 0 with 50 percent chance , or win 500 with 100 percent chance . I will go with win 500 because it is 100 percent and I feel like it is not not that much money from the 1000 . It is only half of it , but it I would get it 100 percent so .",65.0
36,70596,0.0,"[0.1,99.9]","[-6000,0]","[0.2,99.8]","[-3000,0]",problem8p,28098.0,Lose 6000 with 0 . 1 percent chance um so I will pick the first option because it is such a small chance of losing the 6000 . It will definitely fall on uh lose 0 because there is a 99 . 9 percent chance .,46.0
37,70596,1.0,"[0.1,99.9]","[-5000,0]",[100],[-5],problem14p,19380.0,I will take lose 5 with 100 percent chance because 5 bucks does not really affect me much .,19.0
18,70598,0.0,"[25,75]","[1000,0]",[100],[240],practice_problem_a,77344.0," Um win 1000 dollars with a 25 percent chance , lose 0 with a 75 percent chance and then win 250 with an 100 percent chance . Well if you really want money choosing the 100 percent is a good option because you are guaranteed at least something , but if you gamble then you are getting like 5 times the amount of money that you would with the 100 percent chance but then at the end of the day getting 250 dollars is still better than 0 but is it worth it , um to take the 250 when you have a chance to literally gain 5 times the amount . I am kind of hm because 1000 dollars is a lot of money so I think that I for this one I am going to choose the 1000 ",140.0
19,70598,0.0,"[80,20]","[-500,0]",[100],[-400],practice_problem_b,44218.0,"Um lose 500 dollars with 80 percent chance , lose 0 dollars with 20 percent chance or lose 400 dollars with 100 percent chance . Hm well the odds of losing 500 dollars is huge but I feel like there is not a huge difference between losing 500 and 400 with the chance of losing 0 like that 20 percent chance is still there . So I would honestly also gamble and  uh try to lose 0 dollars",78.0
21,70598,1.0,"[50,50]","[1000,0]",[100],[450],problem0,47519.0," Okay win 1000 dollars with a 50 percent chance , lose 0 dollars with a 50 percent chance and then win 450 . Ooh honestly for this one I feel like 450 is enough money where I am happy with the 100 percent chance like yes 1000 dollars is great and the 50 percent chance that is a  those are pretty good odds . Oh gosh um honestly I am just going to I would I am going to gamble that one ",82.0
22,70598,1.0,"[50,50]","[1000,0]",[100],[500],problem11,41808.0,Um win 1000 dollars with a 50 percent chance ooh okay well this is pretty much the same thing as the last one I think but I am just getting 50 dollars more but do I want to gamble and try to win double honestly again 50 percent odds are really good that is like the flip of a coin heads or tails but 500 dollars is also a lot of money like if someone was just walking down the street and was like here is 500 dollars like I am I am going to take it so I left,100.0
23,70598,0.0,"[33,67]","[2500,0]","[34,66]","[2400,0]",problem2,56977.0,"Win 2500 with a 33 percent chance , lose 0 with a 67 percent chance or okay win 2400 with a 34 percent chance okay well I do not personally I do not really think that that 1 percent makes a huge difference um let us see but the difference of money is like 100 dollars so honestly I think that I would just gamble and try to win the  2500 because the chance I mean the chances are not great um but they are still something so I am going to go with this one",96.0
24,70598,1.0,"[80,20]","[4000,0]",[100],[3000],problem3,34867.0,oh my gosh now we are talking about losing money . Lose 4000 dollars with an 80 percent chance ooh or lose 3000 with an 100 percent chance . I feel like choosing the one on the right would just be dumb because if you have a chance to not lose a significant amount of money like why would not you take it like the oh my gosh the odds of  or the odds of losing money is so high here but I think that it is I think that trying to gamble and get that 20 percent kind of just like means so much more than just like literally throwing away 3000 dollars so I am,117.0
25,70598,1.0,"[25,75]","[6000,0]","[25,25,50]","[4000,2000,0]",problem13,60188.0,Okay lose 6000 dollars with a 25 percent chance or lose 0 with a 75 percent chance and then oh gosh so this is kind of the same thing where it is like 50 percent of it you are losing money . 75 percent a 75  percent chance to lose 0 dollars is still fairly large however you are losing less money with the 25 percent chance oh my gosh this is hard um I think I would again gamble and just pray on that 75 percent chance on the  but I am going to go with that,98.0
26,70598,0.0,"[80,20]","[-4000,0]",[100],[-3000],problem3p,59121.0,oh my gosh now we are talking about losing money . Lose 4000 dollars with an 80 percent chance ooh or lose 3000 with an 100 percent chance . I feel like choosing the one on the right would just be dumb because if you have a chance to not lose a significant amount of money like why would not you take it like the oh my gosh the odds of  or the odds of losing money is so high here but I think that it is I think that trying to gamble and get that 20 percent kind of just like means so much more than just like literally throwing away 3000 dollars so I am,117.0
27,70598,1.0,"[20,80]","[-4000,0]","[25,75]","[-3000,0]",problem4p,62602.0,Lose 4000 dollars with 20 percent lose 0 with 80 percent oh my gosh or lose 3000 with 25 percent and 0 with 75 percent . Well with this one it is like lose more money with a less chance or I mean I think that it only makes sense that you lose 3000 oh wait no no no I am getting confused okay um I think that 75 percent is still a very large number compared to the 1000 dollar difference so that is a lot of money though and I do not know that 5 percent is going to make that much of a difference so I think that I would go with losing  still win 6000 dollars .,121.0
28,70598,0.0,"[25,75]","[-6000,0]","[25,25,50]","[-4000,-2000,0]",problem13p,58374.0,Okay lose 6000 dollars with a 25 percent chance or lose 0 with a 75 percent chance and then oh gosh so this is kind of the same thing where it is like 50 percent of it you are losing money . 75 percent a 75  percent chance to lose 0 dollars is still fairly large however you are losing less money with the 25 percent chance oh my gosh this is hard um I think I would again gamble and just pray on that 75 percent chance on the  but I am going to go with that,98.0
29,70598,0.0,"[50,50]","[-1000,0]",[100],[-500],problem12,33261.0,Lose 500 dollars with an 100 percent chance or lose 1000 dollars with a 50 percent chance and lose 0 with a 50 percent chance . Honestly again like it does not make sense to me to just like hand away 500 dollars when you literally have a 50 percent chance of losing nothing . So 50 percent odds are eh . with the 3000,65.0
30,70598,0.0,"[0.1,99.9]","[5000,0]",[100],[5],problem14,54304.0,Lose 5000 dollars with a 0 . 1 percent chance or lose 0 dollars with a 99 percent chance okay or lose 5 dollars with an 100 percent chance . Honestly that 99 . 9 is so big that it does not scare me actually it does scare me I feel like I would rather just lose 5 dollars because that 0 . 1 percent chance could literally put someone in debt and I would rather just lose 5 dollars and sacrifice a day of starving,86.0
31,70598,1.0,"[33,66,1]","[2500,2400,0]",[100],[2400],problem1,55805.0,Um win 1000 dollars with a 50 percent chance ooh okay well this is pretty much the same thing as the last one I think but I am just getting 50 dollars more but do I want to gamble and try to win double honestly again 50 percent odds are really good that is like the flip of a coin heads or tails but 500 dollars is also a lot of money like if someone was just walking down the street and was like here is 500 dollars like I am I am going to take it so I left,100.0
32,70598,1.0,"[45,55]","[-6000,0]","[90,10]","[-3000,0]",problem7p,54335.0,Lose 6000 dollars with a 45 percent chance lose 0 with a 55 percent or oh my lose 3000 with a 90 percent chance or lose 0 with a 10 percent chance . Hmm I feel like 55 percent is not great enough odds for me to feel comfortable losing double because that is a lot of money 6000 dollars is a lot of money and there is a 10 percent chance on that 3000 that you will not lose anything so I mean you are kind of losing something either way so ,93.0
33,70598,1.0,"[0.1,99.9]","[-5000,0]",[100],[-5],problem14p,36441.0,Lose 5000 dollars with a 0 . 1 percent chance or lose 0 dollars with a 99 percent chance okay or lose 5 dollars with an 100 percent chance . Honestly that 99 . 9 is so big that it does not scare me actually it does scare me I feel like I would rather just lose 5 dollars because that 0 . 1 percent chance could literally put someone in debt and I would rather just lose 5 dollars and sacrifice a day of starving,86.0
34,70598,1.0,"[0.1,99.9]","[-6000,0]","[0.2,99.8]","[-3000,0]",problem8p,35572.0,Lose 6000 dollars with a 1 percent chance or lose 3000 dollars with a oh 0 . 1 percent chance or lose 3000 with a 0 . 2 . okay that that is barely a difference hmm I mean either way it does not really like the odds of you losing something here is so small but I think I will take that 0 . 1 percent and lose the 3000 with the 0 . 2 percent . Just take the 450 .,83.0
35,70598,0.0,"[0.1,99.9]","[6000,0]","[0.2,99.8]","[3000,0]",problem8,14376.0,Lose 6000 dollars with a 1 percent chance or lose 3000 dollars with a oh 0 . 1 percent chance or lose 3000 with a 0 . 2 . okay that that is barely a difference hmm I mean either way it does not really like the odds of you losing something here is so small but I think I will take that 0 . 1 percent and lose the 3000 with the 0 . 2 percent . Just take the 450 .,83.0
36,70598,1.0,"[45,55]","[6000,0]","[90,10]","[3000,0]",problem7,36502.0,Lose 6000 dollars with a 45 percent chance lose 0 with a 55 percent or oh my lose 3000 with a 90 percent chance or lose 0 with a 10 percent chance . Hmm I feel like 55 percent is not great enough odds for me to feel comfortable losing double because that is a lot of money 6000 dollars is a lot of money and there is a 10 percent chance on that 3000 that you will not lose anything so I mean you are kind of losing something either way so ,93.0
37,70598,0.0,"[20,80]","[4000,0]","[25,75]","[3000,0]",problem4,37898.0,Lose 4000 dollars with 20 percent lose 0 with 80 percent oh my gosh or lose 3000 with 25 percent and 0 with 75 percent . Well with this one it is like lose more money with a less chance or I mean I think that it only makes sense that you lose 3000 oh wait no no no I am getting confused okay um I think that 75 percent is still a very large number compared to the 1000 dollar difference so that is a lot of money though and I do not know that 5 percent is going to make that much of a difference so I think that I would go with losing  still win 6000 dollars .,121.0
18,70624,1.0,"[25,75]","[1000,0]",[100],[240],practice_problem_a,52853.0," Um So , I was a person who um need be perfect . So , I prefer to use uh 100 percent to win 2400 dollars . Uh The case of that because I  I want to do something and those things should be uh meaningful and I cannot control it uh rather than there are some uh some things to  and that be fail .",66.0
19,70624,0.0,"[80,20]","[-500,0]",[100],[-400],practice_problem_b,54348.0," Okay , there is 2 selection . Um Maybe I will select uh lose the 5  500 dollar risk uh , 80 percent chance and lose uh 0 , 0 with 20 percent because um it is it is very close for 500 dollars and the 400 dollars , uh it is just the 100 dollars . If I have chance to um to make close the limited and I have the 20 percent to lose the 0 dollars so I will choose the first one .",87.0
21,70624,1.0,"[50,50]","[1000,0]",[100],[500],problem11,36011.0," Okay , this those question is similar to the first one . So I also will use um 100 percent to win the 500 dollars . I think uh most old people will not choose um to choose this one because the 500 dollar is enough . If I have the 20 percent oh 100 percent to win this .",60.0
22,70624,1.0,"[33,66,1]","[2500,2400,0]",[100],[2400],problem1,38886.0," Okay , this those question is similar to the first one . So I also will use um 100 percent to win the 500 dollars . I think uh most old people will not choose um to choose this one because the 500 dollar is enough . If I have the 20 percent oh 100 percent to win this .",60.0
23,70624,0.0,"[33,67]","[2500,0]","[34,66]","[2400,0]",problem2,70238.0," Okay . Okay . It is close . Um The the percentage is close . The first one is  33 percent , and the the second is 34 percent . And the difference is um the first one is uh compared with another one is more 100 dollars . Um I think this this question is meaningless because um it is all the similar . And I think um it is it is maybe maybe the same because it is very equal . So I will choose the first one .",91.0
24,70624,0.0,"[45,55]","[-6000,0]","[90,10]","[-3000,0]",problem7p,55776.0," And Okay , it is it is a little bit difficult this this question because I  Another one to  lose the 300 dollars and both 60000 6000 dollars so I will choose the first one because it is More chance to lose the 0 with  um 55 chance ",48.0
25,70624,0.0,"[0.1,99.9]","[6000,0]","[0.2,99.8]","[3000,0]",problem8,46593.0,I will choose the first one because it just 0 . 1 percent to lose the  6000 dollar .,19.0
26,70624,0.0,"[20,80]","[-4000,0]","[25,75]","[-3000,0]",problem4p,25123.0," Okay , 20 percent chance lose 400 and uh 25 . Um I will choose first one I will choose first one ",22.0
27,70624,0.0,"[25,75]","[-6000,0]","[25,25,50]","[-4000,-2000,0]",problem13p,46044.0," Oh , come on . 25 percent lose  6000 , and 25 percent I lose 4000 ,  25 percent for 2000 . And um I will choose I will choose first one because I think I am lucky enough to lose 0 .",43.0
28,70624,1.0,"[50,50]","[-1000,0]",[100],[-500],problem12,18798.0,I will choose the second because I will lose the  500 dollars I think it can be accept .,19.0
29,70624,1.0,"[0.1,99.9]","[5000,0]",[100],[5],problem14,30222.0,Um The second one because like uh  5 dollars is I can I can lose yea .,17.0
30,70624,1.0,"[45,55]","[6000,0]","[90,10]","[3000,0]",problem7,55973.0," And Okay , it is it is a little bit difficult this this question because I  Another one to  lose the 300 dollars and both 60000 6000 dollars so I will choose the first one because it is More chance to lose the 0 with  um 55 chance ",48.0
31,70624,0.0,"[0.1,99.9]","[-6000,0]","[0.2,99.8]","[-3000,0]",problem8p,19598.0,I will choose the first one because it just 0 . 1 percent to lose the  6000 dollar .,19.0
32,70624,1.0,"[50,50]","[1000,0]",[100],[450],problem0,5534.0,Second one,2.0
33,70624,1.0,"[25,75]","[6000,0]","[25,25,50]","[4000,2000,0]",problem13,47102.0," Oh , come on . 25 percent lose  6000 , and 25 percent I lose 4000 ,  25 percent for 2000 . And um I will choose I will choose first one because I think I am lucky enough to lose 0 .",43.0
34,70624,1.0,"[80,20]","[4000,0]",[100],[3000],problem3,2642.0,Um I think I will choose second one . Lose 3000 money because 80 percent chance to lose  4000 .,20.0
35,70624,1.0,"[80,20]","[-4000,0]",[100],[-3000],problem3p,24922.0,Um I think I will choose second one . Lose 3000 money because 80 percent chance to lose  4000 .,20.0
36,70624,1.0,"[20,80]","[4000,0]","[25,75]","[3000,0]",problem4,31920.0," Okay , 20 percent chance lose 400 and uh 25 . Um I will choose first one I will choose first one ",22.0
37,70624,1.0,"[0.1,99.9]","[-5000,0]",[100],[-5],problem14p,14932.0,Um The second one because like uh  5 dollars is I can I can lose yea .,17.0
18,70666,1.0,"[25,75]","[1000,0]",[100],[240],practice_problem_a,19882.0," Win 1000 dollars with  or lose 0 dollars , win 240 dollars with 100 percent chance well it is a 100 percent chance of winning 240 dollars or you can bet that 25 I would go win 240 ",38.0
19,70666,0.0,"[80,20]","[-500,0]",[100],[-400],practice_problem_b,13597.0,"Lose 500 with an 80  Well , I would of course pick the one with at least a chance of not losing anything . I am not winning much anyway .",31.0
21,70666,1.0,"[45,55]","[6000,0]","[90,10]","[3000,0]",problem7,10517.0," Lose 6000 45 percent chance , lose 3000 , lose 0 with 10 percent no I would take losing the 0 with that ",23.0
22,70666,1.0,"[25,75]","[6000,0]","[25,25,50]","[4000,2000,0]",problem13,28168.0, lose 6000 with 25 percent lose 0 with 75 so  pretty high but it is oh but you are that is more of a chance 50 percent so I am going with  thousand dollars more ,35.0
23,70666,0.0,"[45,55]","[-6000,0]","[90,10]","[-3000,0]",problem7p,14411.0," Lose 6000 45 percent chance , lose 3000 , lose 0 with 10 percent no I would take losing the 0 with that ",23.0
24,70666,0.0,"[25,75]","[-6000,0]","[25,25,50]","[-4000,-2000,0]",problem13p,13616.0, lose 6000 with 25 percent lose 0 with 75 so  pretty high but it is oh but you are that is more of a chance 50 percent so I am going with  thousand dollars more ,35.0
25,70666,0.0,"[20,80]","[4000,0]","[25,75]","[3000,0]",problem4,14245.0, Lose 4000 with 20 percent lose 3000  take the less,10.0
26,70666,0.0,"[0.1,99.9]","[5000,0]",[100],[5],problem14,8585.0,Lose 5000 with lose 5 with 100 take the ,9.0
27,70666,0.0,"[50,50]","[1000,0]",[100],[450],problem0,11359.0," Win 1000 with a 50 percent chance ? Yeah , I would take the 50 percent",16.0
28,70666,0.0,"[80,20]","[4000,0]",[100],[3000],problem3,14649.0,lose 400 with 80 percent lose 3000 with  take the  yea I would take the 6000,16.0
29,70666,0.0,"[33,66,1]","[2500,2400,0]",[100],[2400],problem1,17452.0, Win 1000 with 50 percent 500 with an 100 percent I will take there is a less chance ,18.0
30,70666,1.0,"[0.1,99.9]","[-6000,0]","[0.2,99.8]","[-3000,0]",problem8p,9128.0,lose 6000 lose 3000 so I would take the less  because it is not by much .,17.0
31,70666,1.0,"[50,50]","[1000,0]",[100],[500],problem11,9829.0, Win 1000 with 50 percent 500 with an 100 percent I will take there is a less chance ,18.0
32,70666,0.0,"[80,20]","[-4000,0]",[100],[-3000],problem3p,9109.0,lose 400 with 80 percent lose 3000 with  take the  yea I would take the 6000,16.0
33,70666,0.0,"[50,50]","[-1000,0]",[100],[-500],problem12,9339.0,lose 1000 with 50 percent chance yea I would take the 90 percent,13.0
34,70666,0.0,"[0.1,99.9]","[6000,0]","[0.2,99.8]","[3000,0]",problem8,5928.0,lose 6000 lose 3000 so I would take the less  because it is not by much .,17.0
35,70666,1.0,"[20,80]","[-4000,0]","[25,75]","[-3000,0]",problem4p,7609.0, Lose 4000 with 20 percent lose 3000  take the less,10.0
36,70666,0.0,"[33,67]","[2500,0]","[34,66]","[2400,0]",problem2,6854.0,Win 2500 with 33 . Take the one with more ,10.0
37,70666,0.0,"[0.1,99.9]","[-5000,0]",[100],[-5],problem14p,9008.0,Lose 5000 with lose 5 with 100 take the ,9.0
18,70697,1.0,"[25,75]","[1000,0]",[100],[240],practice_problem_a,28118.0," Okay , sounds good . Please speak through out loud . Okay . Um , Let us see . Uh Da - da - da - da - da win 1000 with 25 percent chance lose 0 with 75 percent chance win 250 Hmm 100 percent chance honestly Yeah , I would rather just get 250 .",57.0
19,70697,0.0,"[80,20]","[-500,0]",[100],[-400],practice_problem_b,20819.0," Uh Lose 500 with 80 percent chance , lose 0 with ... hmm ... Oh , that seems better . I will go with that ",25.0
21,70697,1.0,"[33,66,1]","[2500,2400,0]",[100],[2400],problem1,9417.0, Uh Lose 1000 with 50 percent chance . No . I will go here .,15.0
22,70697,0.0,"[45,55]","[-6000,0]","[90,10]","[-3000,0]",problem7p,15702.0, Uh  Lose 6000 with  Uh Lose 3000 with 90 percent chance .,12.0
23,70697,0.0,"[25,75]","[-6000,0]","[25,25,50]","[-4000,-2000,0]",problem13p,19723.0," Lose 6000 with 25 percent chance uh da - da - da Okay , lose 4000 with 25 percent chance lose 2000 with 25 percent chance Hmm I would rather go here haha free money uh and no gambling ",39.0
24,70697,0.0,"[20,80]","[4000,0]","[25,75]","[3000,0]",problem4,20002.0," Uh Let us see , lose 4000 with 20 percent chance . Hmm lose 3000 with  percent chance . Lose 0 with 75 percent chance . Hmm , yeah , I will go here .",35.0
25,70697,0.0,"[0.1,99.9]","[-6000,0]","[0.2,99.8]","[-3000,0]",problem8p,23499.0," uh lose 6000 with 0 . 1 percent chance , lose 0 with ... okay . um And then lose 3000 with 0 . 2 percent chance , lose 0 with 99 . 8 percent chance . Shit I do not know greater chance of not losing anything ",48.0
26,70697,1.0,"[45,55]","[6000,0]","[90,10]","[3000,0]",problem7,16239.0, Uh  Lose 6000 with  Uh Lose 3000 with 90 percent chance .,12.0
27,70697,1.0,"[50,50]","[1000,0]",[100],[450],problem0,9096.0," Uh win 1000 with 50 percent chance , lose 0 with 50 percent chance , win ",16.0
28,70697,0.0,"[0.1,99.9]","[5000,0]",[100],[5],problem14,18286.0, Lose 5000 with 0 . 1 percent chance .  99 . 9 percent chance . Lose 5 dollars with 10 percent chance .,23.0
29,70697,1.0,"[33,67]","[2500,0]","[34,66]","[2400,0]",problem2,19309.0, Uh win 2500 with 33 percent chance . Lose 0 with 65 percent chance . Hmm . Or 67 percent . Win 2400 . Oh . Rather go there .,30.0
30,70697,0.0,"[0.1,99.9]","[6000,0]","[0.2,99.8]","[3000,0]",problem8,18738.0," uh lose 6000 with 0 . 1 percent chance , lose 0 with ... okay . um And then lose 3000 with 0 . 2 percent chance , lose 0 with 99 . 8 percent chance . Shit I do not know greater chance of not losing anything ",48.0
31,70697,1.0,"[80,20]","[4000,0]",[100],[3000],problem3,13069.0," Lose 4000 with 80 percent chance , lose 0 with 20 percent chance . Eh lose 3000 with 100 percent chance . Yea no .",25.0
32,70697,0.0,"[50,50]","[-1000,0]",[100],[-500],problem12,18710.0,difference uh lose 1000 with 50 percent chance lose 0 with 50 percent chance lose 500 with 100 percent chance ooh yea we will go here,26.0
33,70697,0.0,"[80,20]","[-4000,0]",[100],[-3000],problem3p,10174.0," Lose 4000 with 80 percent chance , lose 0 with 20 percent chance . Eh lose 3000 with 100 percent chance . Yea no .",25.0
34,70697,1.0,"[25,75]","[6000,0]","[25,25,50]","[4000,2000,0]",problem13,34818.0," Lose 6000 with 25 percent chance uh da - da - da Okay , lose 4000 with 25 percent chance lose 2000 with 25 percent chance Hmm I would rather go here haha free money uh and no gambling ",39.0
35,70697,0.0,"[20,80]","[-4000,0]","[25,75]","[-3000,0]",problem4p,27499.0," Uh Let us see , lose 4000 with 20 percent chance . Hmm lose 3000 with  percent chance . Lose 0 with 75 percent chance . Hmm , yeah , I will go here .",35.0
36,70697,1.0,"[50,50]","[1000,0]",[100],[500],problem11,15897.0, Uh Lose 1000 with 50 percent chance . No . I will go here .,15.0
37,70697,0.0,"[0.1,99.9]","[-5000,0]",[100],[-5],problem14p,18855.0, Lose 5000 with 0 . 1 percent chance .  99 . 9 percent chance . Lose 5 dollars with 10 percent chance .,23.0
18,70707,0.0,"[25,75]","[1000,0]",[100],[240],practice_problem_a,28946.0," Okay . So it says win 1000 with 25 percent chance , lose your 75 percent chance . Win 240 with 100 percent chance , umm 25 percent chance of winning 1000 , yet there is 0 percent chance of losing nothing . Ummm I am fixing my bit on trying to ...",53.0
19,70707,0.0,"[80,20]","[-500,0]",[100],[-400],practice_problem_b,30806.0," 1000 . Ummmm lose 500 with 80 percent chance so 0 with 20 chance . Lose 400 with 100 chance , but this is lose . It says lose I am going to go with lose 0 with 20 percent chance . Because are not no way I am losing 400 100 percent chance . There is a chance I can lose nothing ",63.0
21,70707,1.0,"[25,75]","[-6000,0]","[25,25,50]","[-4000,-2000,0]",problem13p,11814.0, The sixth stop let us lose . I will lose 6000 25 percent chance to get the high number . I would rather split it into two .,28.0
22,70707,0.0,"[50,50]","[-1000,0]",[100],[-500],problem12,12324.0," Lose 1000 one 55 percent chance , lose 0 with 50 percent chance , lose 500 with 100 percent chance , 100 percent chance .",25.0
23,70707,0.0,"[33,66,1]","[2500,2400,0]",[100],[2400],problem1,24222.0," Win 1000 with 50 percent chance to 0 with 50 percent chance to 50 - 50 . 100 percent , oh 100 percent chance I win . I won some numbers .",32.0
24,70707,0.0,"[50,50]","[1000,0]",[100],[500],problem11,13002.0," Win 1000 with 50 percent chance to 0 with 50 percent chance to 50 - 50 . 100 percent , oh 100 percent chance I win . I won some numbers .",32.0
25,70707,0.0,"[50,50]","[1000,0]",[100],[450],problem0,10694.0," anything so I am not as much pleased with my bid on 1000 . When 1000 with 50 percent chances , 1400 . I am not losing anything .",29.0
26,70707,1.0,"[25,75]","[6000,0]","[25,25,50]","[4000,2000,0]",problem13,14006.0, The sixth stop let us lose . I will lose 6000 25 percent chance to get the high number . I would rather split it into two .,28.0
27,70707,0.0,"[20,80]","[-4000,0]","[25,75]","[-3000,0]",problem4p,25189.0," Lose 4000 with 20 percent chance , lose 0 with 80 percent chance , lose 4000 with 20 percent chance hmm . The 80 the lose 0 with 80 percent chance , compared to the 0 with 75 percent chance . Umm . Yeah I am going to go with the 80 it is higher now I am losing ",59.0
28,70707,1.0,"[0.1,99.9]","[5000,0]",[100],[5],problem14,14545.0," Lose 5000 was 0 . 1 chance . Lose 0 with 99 . 9 chance . Umm Lose 5 dollars with 100 percent chance . There is a high ... yeah , I am just going to lose 5 dollars . I cannot risk being part of that 5000 . I only remind but the 99 . 9 is really high too .",63.0
29,70707,1.0,"[45,55]","[6000,0]","[90,10]","[3000,0]",problem7,15326.0, Lose 6000 with 45 percent chance . Lose 0 with 55 percent chance . 55 percent chance . 55 percent chance is a high number of losing . But the other one says lose 0 dollars with 10 percent chance . That is 3000 . That is lose .,49.0
30,70707,1.0,"[80,20]","[4000,0]",[100],[3000],problem3,22059.0," Lose 4000 one 80 percent chance , lose 0 with 20 percent chance . 20 percent chance is low but high . Ummm and this says lose on both of them . Lose . I am risking on the 20 percent chance ",42.0
31,70707,0.0,"[33,67]","[2500,0]","[34,66]","[2400,0]",problem2,45516.0," 2500 percent chance of feeling not too ... Not too ... Blah , you know . Win 2500 with 33 percent chance , lose 0 with 67 percent chance , 67 percent chance . 67 percent chance , that is a lot . That is a lot . Kind of worried about that . Win less than 1 . 2400 is less than 2500 . Ummm . But the rates are pretty high on the win by 1 percent chance . I am going to go to 2500 .",89.0
32,70707,0.0,"[0.1,99.9]","[6000,0]","[0.2,99.8]","[3000,0]",problem8,25164.0," Um , lose at 6000 with 0 . 1 . They are both lose . Oh , but this one says lose 0 with 99 . 8 chance and then the one says lose 0 with 99 . 9 chance . I will go with the 0 . 9 because 0 . 9 is higher than 0 . 8 .",60.0
33,70707,0.0,"[0.1,99.9]","[-5000,0]",[100],[-5],problem14p,24312.0," Lose 5000 was 0 . 1 chance . Lose 0 with 99 . 9 chance . Umm Lose 5 dollars with 100 percent chance . There is a high ... yeah , I am just going to lose 5 dollars . I cannot risk being part of that 5000 . I only remind but the 99 . 9 is really high too .",63.0
34,70707,0.0,"[20,80]","[4000,0]","[25,75]","[3000,0]",problem4,26150.0," Lose 4000 with 20 percent chance , lose 0 with 80 percent chance , lose 4000 with 20 percent chance hmm . The 80 the lose 0 with 80 percent chance , compared to the 0 with 75 percent chance . Umm . Yeah I am going to go with the 80 it is higher now I am losing ",59.0
35,70707,0.0,"[45,55]","[-6000,0]","[90,10]","[-3000,0]",problem7p,20727.0, Lose 6000 with 45 percent chance . Lose 0 with 55 percent chance . 55 percent chance . 55 percent chance is a high number of losing . But the other one says lose 0 dollars with 10 percent chance . That is 3000 . That is lose .,49.0
36,70707,0.0,"[80,20]","[-4000,0]",[100],[-3000],problem3p,21029.0," Lose 4000 one 80 percent chance , lose 0 with 20 percent chance . 20 percent chance is low but high . Ummm and this says lose on both of them . Lose . I am risking on the 20 percent chance ",42.0
37,70707,0.0,"[0.1,99.9]","[-6000,0]","[0.2,99.8]","[-3000,0]",problem8p,22761.0," Um , lose at 6000 with 0 . 1 . They are both lose . Oh , but this one says lose 0 with 99 . 8 chance and then the one says lose 0 with 99 . 9 chance . I will go with the 0 . 9 because 0 . 9 is higher than 0 . 8 .",60.0
18,70719,1.0,"[25,75]","[1000,0]",[100],[240],practice_problem_a,5711.0,"Win 1000 dollars , 240 with 100 yup",8.0
19,70719,1.0,"[80,20]","[-500,0]",[100],[-400],practice_problem_b,3775.0, win 400 dollars 100 .,5.0
21,70719,1.0,"[45,55]","[6000,0]","[90,10]","[3000,0]",problem7,6654.0,3000 lose 6000 or lose 3000 90 percent chance lose 6000 oh this is a hard one um I would probably go with the lose  100 percent for sure,29.0
22,70719,1.0,"[0.1,99.9]","[-5000,0]",[100],[-5],problem14p,4782.0, 3000 lose 5 dollars um  ,5.0
23,70719,1.0,"[50,50]","[1000,0]",[100],[450],problem0,4054.0, Lose 5 dollars win 450 win that has the higher chance ,11.0
24,70719,0.0,"[20,80]","[-4000,0]","[25,75]","[-3000,0]",problem4p,13501.0, win lose 4000 with 20 percent chance . lose 3000 .  I am going to do the lose ,18.0
25,70719,0.0,"[25,75]","[6000,0]","[25,25,50]","[4000,2000,0]",problem13,16899.0,lose 6000 25 percent chance with a 50 percent chance of winning something with a 75 percent chance of losing nothing . Um I got to go with winning it something .,32.0
26,70719,0.0,"[50,50]","[-1000,0]",[100],[-500],problem12,16420.0, 6000 probably 5 lose 500 dollars  lose 1000 dollars ah I do not know lose 1000 ,16.0
27,70719,1.0,"[25,75]","[-6000,0]","[25,25,50]","[-4000,-2000,0]",problem13p,24387.0,lose 6000 25 percent chance with a 50 percent chance of winning something with a 75 percent chance of losing nothing . Um I got to go with winning it something .,32.0
28,70719,1.0,"[33,66,1]","[2500,2400,0]",[100],[2400],problem1,7347.0,100 percent chance for sure .,6.0
29,70719,1.0,"[50,50]","[1000,0]",[100],[500],problem11,6179.0,100 percent chance for sure .,6.0
30,70719,1.0,"[0.1,99.9]","[-6000,0]","[0.2,99.8]","[-3000,0]",problem8p,13551.0," lose 6000 , lose 3000 , 2 . 2 percent chance uh lose ",13.0
31,70719,0.0,"[0.1,99.9]","[5000,0]",[100],[5],problem14,11927.0, 3000 lose 5 dollars um  ,5.0
32,70719,0.0,"[80,20]","[-4000,0]",[100],[-3000],problem3p,6889.0," lose 4000 , you lose 3000 . mmmm ",8.0
33,70719,0.0,"[33,67]","[2500,0]","[34,66]","[2400,0]",problem2,9961.0, Lose 4000 with 80 percent chance win 2500 win 2400  1000 ,11.0
34,70719,1.0,"[20,80]","[4000,0]","[25,75]","[3000,0]",problem4,16063.0, win lose 4000 with 20 percent chance . lose 3000 .  I am going to do the lose ,18.0
35,70719,0.0,"[45,55]","[-6000,0]","[90,10]","[-3000,0]",problem7p,22968.0,3000 lose 6000 or lose 3000 90 percent chance lose 6000 oh this is a hard one um I would probably go with the lose  100 percent for sure,29.0
36,70719,1.0,"[80,20]","[4000,0]",[100],[3000],problem3,6892.0," lose 4000 , you lose 3000 . mmmm ",8.0
37,70719,0.0,"[0.1,99.9]","[6000,0]","[0.2,99.8]","[3000,0]",problem8,8123.0," lose 6000 , lose 3000 , 2 . 2 percent chance uh lose ",13.0
18,70747,0.0,"[25,75]","[1000,0]",[100],[240],practice_problem_a,55289.0," So the two options that I have here win 1000 dollars or 25 percent chance to lose 0 dollars with a 75 percent chance or win 240 dollars or 100 percent chance . When I look at these two , I think the one that really eye - catchers the one that says win 1000 dollars or 25 percent chance , although you do lose , I feel that perhaps if I feel lucky enough I could potentially win that 1000 dollars but I think it is that mentality of wanting to win more than we are comfortable with settling with . Even though winning 240 dollars with 100 percent chance would be nice , I think it would be nice to have 1000 dollars if you win .",129.0
19,70747,0.0,"[80,20]","[-500,0]",[100],[-400],practice_problem_b,41284.0," All right , so this one lose 500 dollars with 80 percent chance or lose 0 dollars or 20 percent chance or lose 400 dollars with the 100 percent chance . I think I would not want to lose 400 dollars for sure . I think no one would want that happening with them . I am willing to take the chance . Even though it would be 100 dollars loss more , there is that chance that I do not lose any money . I prefer not to lose any money . I will take that 20 percent chance .",101.0
21,70747,1.0,"[50,50]","[-1000,0]",[100],[-500],problem12,45939.0,This one I find it kind of kind of challenging whether or not to lose 1000 dollars with the 50 percent chance to lose 0 dollars just with a 50 percent chance or just certainly lose 500 dollars with 100 percent chance . Seeing that it is a 50 - 50 percent chance I do not know if I am willing to bet on that and end up losing 1000 dollars all because I did not want to lose 0 dollars but then I think about losing 500 dollars with 100 percent chance . I am not sure how lucky I would feel in that situation to lose a thousand dollars I think you would just be better than lose 500 dollars with 100 percent chance .,127.0
22,70747,1.0,"[0.1,99.9]","[-5000,0]",[100],[-5],problem14p,41469.0," All right , lose 5000 dollars with this 0 . 1 percent chance and lose 0 dollars with a 99 . 9 percent chance or lose 5 dollars with a 100 percent chance . I am definitely going to pick the lose 5 dollars with a 100 percent chance . I think 5 dollars is easily more replaceable than losing 5000 dollars with the 0 . 1 percent chance as opposed to just losing 0 dollars with a 99 . 9 percent . I just feel like that the chance of losing 5000 dollars is dreadful and I would not want that to have to make that decision . So I would rather lose 5 dollars with that 100 percent chance .",122.0
23,70747,0.0,"[20,80]","[4000,0]","[25,75]","[3000,0]",problem4,47688.0,I think that it is better to lose less but what the chances are it is going to be higher than landing on there I think that would be better than just simply trying to lose 1000 dollars just because I thought I would get lucky .,47.0
24,70747,0.0,"[50,50]","[1000,0]",[100],[500],problem11,46603.0," win 1000 dollars with 50 percent chance to 0 dollars with 50 percent chance or win 500 dollars with 100 percent chance . I think this one for sure , I would probably go with win 1000 dollars with 50 percent chance , I would lose none with 50 percent as opposed to winning 500 with 200 percent chance . I just feel like when the reward is that big and the risk is pretty low , when you just have a 50 percent chance of getting it , I think that sounds a lot better than just winning 500 dollars although it is guaranteed . I feel like that one grand would feel more of a great incentive in a way .",123.0
25,70747,0.0,"[0.1,99.9]","[6000,0]","[0.2,99.8]","[3000,0]",problem8,40967.0, I think I am going to go with the one on the right . I do not want to lose double of that amount on the right just because the chance of it landing is actually yeah . I do not want to take that chance and hopefully that I land on that point one chance and I lose 6000 or can I just simply lost 3000 .,68.0
26,70747,0.0,"[45,55]","[6000,0]","[90,10]","[3000,0]",problem7,45869.0," So lose 6000 45 , you lose 3000 90 and you lose 0 10 . I think I would go with the one on the right . The lose 3000 90 percent chance and lose 0 dollars with 10 chance . Because that number on the left is doubled and the chance to lose 0 dollars is still greater than the chance of losing this . Yeah , I definitely want to lose half of that , not all of that .",82.0
27,70747,1.0,"[33,67]","[2500,0]","[34,66]","[2400,0]",problem2,52801.0,I think here the difference is pretty minimal 200 dollars more on the left but you have an increase on the right of chance . So in fact this one is kind of tough in a way . Numbers look relatively the same but that 1 percent chance can boost you up 100 dollars . I think I would just take the one on the right way . Hopefully winning 2400 dollars was just that 0 . 1 percent chance . I think that the difference is not that big .,91.0
28,70747,1.0,"[25,75]","[6000,0]","[25,25,50]","[4000,2000,0]",problem13,28257.0," So 6 around the 25 percent chance , 0 dollars 75 percent or 4 percent . I think I would take my chance at the lose 6000 25 percent chance . Seen that it is a 3 out of 4 chance that I do not lose any money . I feel like that percentage is pretty nice . Although another one is 50 percent chance of losing , I think I would rather not want to lose anything .",79.0
29,70747,1.0,"[80,20]","[4000,0]",[100],[3000],problem3,31460.0, So lose 4000 80 percent chance lose 0 dollars and 20 percent chance to lose 3000 dollars with 100 percent chance . I think at this point this would have to be reversed . I think although you could lose 1000 dollars more and still that chance that you do not lose any money . I am willing to take that as opposed to directly having no chance and losing 3000 just like that I think I would rather hopefully take my chances with that 20 percent .,88.0
30,70747,0.0,"[80,20]","[-4000,0]",[100],[-3000],problem3p,29406.0, So lose 4000 80 percent chance lose 0 dollars and 20 percent chance to lose 3000 dollars with 100 percent chance . I think at this point this would have to be reversed . I think although you could lose 1000 dollars more and still that chance that you do not lose any money . I am willing to take that as opposed to directly having no chance and losing 3000 just like that I think I would rather hopefully take my chances with that 20 percent .,88.0
31,70747,1.0,"[45,55]","[-6000,0]","[90,10]","[-3000,0]",problem7p,35389.0," So lose 6000 45 , you lose 3000 90 and you lose 0 10 . I think I would go with the one on the right . The lose 3000 90 percent chance and lose 0 dollars with 10 chance . Because that number on the left is doubled and the chance to lose 0 dollars is still greater than the chance of losing this . Yeah , I definitely want to lose half of that , not all of that .",82.0
32,70747,0.0,"[25,75]","[-6000,0]","[25,25,50]","[-4000,-2000,0]",problem13p,31241.0," So 6 around the 25 percent chance , 0 dollars 75 percent or 4 percent . I think I would take my chance at the lose 6000 25 percent chance . Seen that it is a 3 out of 4 chance that I do not lose any money . I feel like that percentage is pretty nice . Although another one is 50 percent chance of losing , I think I would rather not want to lose anything .",79.0
33,70747,1.0,"[0.1,99.9]","[5000,0]",[100],[5],problem14,44491.0," All right , lose 5000 dollars with this 0 . 1 percent chance and lose 0 dollars with a 99 . 9 percent chance or lose 5 dollars with a 100 percent chance . I am definitely going to pick the lose 5 dollars with a 100 percent chance . I think 5 dollars is easily more replaceable than losing 5000 dollars with the 0 . 1 percent chance as opposed to just losing 0 dollars with a 99 . 9 percent . I just feel like that the chance of losing 5000 dollars is dreadful and I would not want that to have to make that decision . So I would rather lose 5 dollars with that 100 percent chance .",122.0
34,70747,1.0,"[0.1,99.9]","[-6000,0]","[0.2,99.8]","[-3000,0]",problem8p,33491.0, I think I am going to go with the one on the right . I do not want to lose double of that amount on the right just because the chance of it landing is actually yeah . I do not want to take that chance and hopefully that I land on that point one chance and I lose 6000 or can I just simply lost 3000 .,68.0
35,70747,0.0,"[50,50]","[1000,0]",[100],[450],problem0,17312.0,win 1000 dollars I think I would take the one on the left same because it is a half chance I did not win 1000 dollars and it is more than double the amount on the right although it is guaranteed who would not want more money,47.0
36,70747,1.0,"[33,66,1]","[2500,2400,0]",[100],[2400],problem1,28916.0," win 1000 dollars with 50 percent chance to 0 dollars with 50 percent chance or win 500 dollars with 100 percent chance . I think this one for sure , I would probably go with win 1000 dollars with 50 percent chance , I would lose none with 50 percent as opposed to winning 500 with 200 percent chance . I just feel like when the reward is that big and the risk is pretty low , when you just have a 50 percent chance of getting it , I think that sounds a lot better than just winning 500 dollars although it is guaranteed . I feel like that one grand would feel more of a great incentive in a way .",123.0
37,70747,1.0,"[20,80]","[-4000,0]","[25,75]","[-3000,0]",problem4p,23756.0,I think that it is better to lose less but what the chances are it is going to be higher than landing on there I think that would be better than just simply trying to lose 1000 dollars just because I thought I would get lucky .,47.0
18,70757,0.0,"[25,75]","[1000,0]",[100],[240],practice_problem_a,60433.0," So , okay , so I could win 240 dollars with 100 percent chance . I would for sure have 240 dollars . Or I could get , I have a 25 percent chance of 1000 dollars , but that is like a lot less likely than the fact that I will end up with 0 dollars . So in this case , I am thinking about the fact that like , I do not need 240 dollars , but that is a good amount of money that I could just for sure have . But a 25 percent chance is not that low . And I think like , I would be less upset about losing to like not having 240 dollars and like not losing anything . I just have no extra dollars than , you know , having the 25 percent chance of winning a thousand . So I would probably go with winning a thousand because even if I did not get anything , I probably would not be that upset that I did not have the 240 .",183.0
19,70757,0.0,"[80,20]","[-500,0]",[100],[-400],practice_problem_b,39819.0," Um , Okay , lose 500 dollars with an 80 percent chance , lose zero with a 20 percent chance , lose 400 with 100 percent chance . Ooh , that is harder . Um , so 80 percent chance is kind of a lot to lose 500 dollars , but 500 is not that much more than 400 . And if I do the 400 , I am just voluntarily giving it up , whereas the other one , at least there is a chance I do not lose any , and it is only an extra 100 dollars . And I mean , obviously 100 dollars is a lot of money , but I would rather like have that chance of losing nothing , you know , so I would go with that one .",137.0
21,70757,0.0,"[80,20]","[4000,0]",[100],[3000],problem3,53807.0," 80 percent chance of losing 4000 or 100 percent chance of losing 3000 . The difference is 1000 dollars , which again , like I said , um , it is , it is obviously a lot of money , but in the grand scheme of things , if I am losing 3000 dollars , I do not know that that is that much different than losing 4000 . So I think for the chance that I lose nothing , I would have to go with the 80 - 20 because if I just voluntarily give up 3000 , then if I got , if I hit the 80 percent chance of losing 4000 , I would have already been giving up 3000 anyway , whereas now at least I have a chance of losing nothing .",137.0
22,70757,1.0,"[25,75]","[-6000,0]","[25,25,50]","[-4000,-2000,0]",problem13p,75513.0," Okay , lose 6000 , 25 percent chance , lose nothing , 75 percent chance . Lose 4000 25 , lose 2000 25 , lose 0 , 50 . Hmm , this one  s tricky too . So I either have a 50 percent chance or a 75  chance of losing a zero , but if I do not hit that percent , I either lose 2000 , 4000 , or 6000 . So , hmm hm hm , I think the chances that I fall in the 25 percent , either of the 25 percents , is , I mean obviously it is only 25 percent or 50 percent , but I am just thinking that if I only lose 2000 or 4000 , even if I hit one of those , even though it is more likely I hit one of those , I lose so much less . So , whereas even though there is a less likely chance I hit the 6000 , that is a lot to lose if I do hit that . So I think I would go with the 25 , 25 , .",192.0
23,70757,0.0,"[50,50]","[1000,0]",[100],[500],problem11,82529.0,"  Okay , win 500 with 100 percent or 1000 with a 50 . Ooh , this one  s tricky . Um , because that is a big difference to me at least . 500 and 1000 are pretty different . Um , oh I think , because if I went with the 50 - 50 , then there is a 50 percent chance that I , um , do not get anything . And 500 dollars is significant , but is it significant enough to like not try for the 1000 ? Um , I am trying to think of like what I could buy with 500 dollars .  What could I get ? I could buy like two months worth of groceries with 500 dollars , but with 1000 , the 1000 is so much more . And I do not think that if I did not , if I got zero , I do not think I would be like devastated that I missed out on the 500 . But if I went with the 500 , you know , I never know if I would have hit that 1000 . So I think I would have to take the risk for the 1000 , even though I might get nothing . But I mean , even if I got nothing , I would have only , like I am , I am not losing money . So I think I would go with .",247.0
24,70757,0.0,"[50,50]","[-1000,0]",[100],[-500],problem12,76663.0,"  one . Okay lose a  thousand dollars with 50 percent or zero , lose 500 with a hundred percent chance . See so this one I think since it is losing money I do not think I can take the chance of losing a thousand . Well gosh I do not know . Lose a thousand dollars with a 50 percent  or lose zero but for sure give up 500 dollars . Um see I am thinking about like I think that the 50 - 50 chance is I mean it is pretty a pretty decent chance that I just lose zero but if I lost a thousand versus if I lost 500 how big of a difference would that make ? Well , losing a thousand would be like losing um a month  s rent . Losing 500 would be like losing I do not know losing well half a month  s rent . I do not know I am not coming up with very good ideas on how to pick . Um I think I would have to go with the 50 - 50 chance . I think if I lost a thousand dollars in the grand scheme of things it is not going to be that big of a deal . Um if I was like the alternative was to voluntarily lose 500 so I think I would go with that .",235.0
25,70757,0.0,"[50,50]","[1000,0]",[100],[450],problem0,30940.0," Win 1000 dollars with a 50 percent chance or lose zero with a 50 percent chance , win 450 with 100 percent chance . Um , this one I think I am definitely going with the 50 - 50 chance because 1000 dollars is pretty different from 450 dollars and if I won nothing , you know , that is only , that is 450 dollars less than what I would have won and I do not think that is too big of a difference . Like , I need to like take the shot for the 1000 dollars .",100.0
26,70757,0.0,"[25,75]","[6000,0]","[25,25,50]","[4000,2000,0]",problem13,56336.0," Okay , lose 6000 , 25 percent chance , lose nothing , 75 percent chance . Lose 4000 25 , lose 2000 25 , lose 0 , 50 . Hmm , this one  s tricky too . So I either have a 50 percent chance or a 75  chance of losing a zero , but if I do not hit that percent , I either lose 2000 , 4000 , or 6000 . So , hmm hm hm , I think the chances that I fall in the 25 percent , either of the 25 percents , is , I mean obviously it is only 25 percent or 50 percent , but I am just thinking that if I only lose 2000 or 4000 , even if I hit one of those , even though it is more likely I hit one of those , I lose so much less . So , whereas even though there is a less likely chance I hit the 6000 , that is a lot to lose if I do hit that . So I think I would go with the 25 , 25 , .",192.0
27,70757,0.0,"[33,67]","[2500,0]","[34,66]","[2400,0]",problem2,26647.0," 2500 with 33 percent chance , 0 with a 67 percent chance , or 2400 with a 34 chance . Um , well this one I am definitely going for the extra 100 . I mean those percents are so similar that it makes like no difference that it is 33 instead of 34 . For an extra 100 dollars I am totally going with the 2500 for 33 .",70.0
28,70757,0.0,"[0.1,99.9]","[6000,0]","[0.2,99.8]","[3000,0]",problem8,25425.0," Uh lose 6000 or lose 3000 . Um , so this is another one where I think for the tiny , tiny chance that I did lose the money , I would have to go with the lower value because those percents are like basically the same in the grand scheme of things , that percentage is like the same . So , you know , I cannot risk that I hit the 6000 lose 6000 dollars , so I am going to lose the 3000 .",87.0
29,70757,0.0,"[0.1,99.9]","[5000,0]",[100],[5],problem14,33185.0," Lose 5 dollars with a 100 percent chance or lose 5000 dollars with a 0 . 1 percent chance . Ugh , this one  s hard too . So like I said earlier , I mean I spend 5 dollars on a Starbucks drink so I do not mind losing 5 dollars . But there is a 99 . 9 percent chance that I lose nothing . So , I think I am going to have to go with the 99 . 9 percent chance I lose nothing because , well no , actually no . I am just thinking about if I hit that 0 . 1 percent then I lose 5000 dollars but like I literally do not care about 5 dollars . Like I would give anyone 5 dollars so I am actually going to go with the lose 5 dollars for 100 percent because man I cannot lose 5000 dollars when I know that I could have just given someone 5 dollars . I have to go with the lose 5 .",176.0
30,70757,1.0,"[0.1,99.9]","[-6000,0]","[0.2,99.8]","[-3000,0]",problem8p,26254.0," Uh lose 6000 or lose 3000 . Um , so this is another one where I think for the tiny , tiny chance that I did lose the money , I would have to go with the lower value because those percents are like basically the same in the grand scheme of things , that percentage is like the same . So , you know , I cannot risk that I hit the 6000 lose 6000 dollars , so I am going to lose the 3000 .",87.0
31,70757,0.0,"[80,20]","[-4000,0]",[100],[-3000],problem3p,39072.0," 80 percent chance of losing 4000 or 100 percent chance of losing 3000 . The difference is 1000 dollars , which again , like I said , um , it is , it is obviously a lot of money , but in the grand scheme of things , if I am losing 3000 dollars , I do not know that that is that much different than losing 4000 . So I think for the chance that I lose nothing , I would have to go with the 80 - 20 because if I just voluntarily give up 3000 , then if I got , if I hit the 80 percent chance of losing 4000 , I would have already been giving up 3000 anyway , whereas now at least I have a chance of losing nothing .",137.0
32,70757,0.0,"[33,66,1]","[2500,2400,0]",[100],[2400],problem1,31407.0,"  Okay , win 500 with 100 percent or 1000 with a 50 . Ooh , this one  s tricky . Um , because that is a big difference to me at least . 500 and 1000 are pretty different . Um , oh I think , because if I went with the 50 - 50 , then there is a 50 percent chance that I , um , do not get anything . And 500 dollars is significant , but is it significant enough to like not try for the 1000 ? Um , I am trying to think of like what I could buy with 500 dollars .  What could I get ? I could buy like two months worth of groceries with 500 dollars , but with 1000 , the 1000 is so much more . And I do not think that if I did not , if I got zero , I do not think I would be like devastated that I missed out on the 500 . But if I went with the 500 , you know , I never know if I would have hit that 1000 . So I think I would have to take the risk for the 1000 , even though I might get nothing . But I mean , even if I got nothing , I would have only , like I am , I am not losing money . So I think I would go with .",247.0
33,70757,1.0,"[45,55]","[-6000,0]","[90,10]","[-3000,0]",problem7p,65505.0," Lose 6000 with a 45 percent chance or nothing . Lose 3000 with a 90 percent chance . Ooh . Um . Let us see . Now see , this one , there is a pretty big difference . I mean , the difference between losing 3000 dollars and losing 6000 dollars is pretty big . I mean , that is a , that is a big difference . But the difference in chance , I mean , a 90 percent chance is like , I am most likely going to lose 3000 dollars , but there is a bigger chance that I do not with the 6000 . But if I did , it is double the amount of money I am losing , and it is 6000 dollars instead of 3000 . I mean , if this was 600 or 300 , I would probably go with the 600 , but it is 6000 . I mean , that is 3000 extra dollars . That is a lot of money . So this one , sadly , I feel like I have to go with the 90 - 10 because I do not know if I can ... That is almost a 50 percent chance that I lose the 6000 dollars . I do not think I can take that risk , so I am going to go with the 90 - 10 .",236.0
34,70757,0.0,"[45,55]","[6000,0]","[90,10]","[3000,0]",problem7,51872.0," Lose 6000 with a 45 percent chance or nothing . Lose 3000 with a 90 percent chance . Ooh . Um . Let us see . Now see , this one , there is a pretty big difference . I mean , the difference between losing 3000 dollars and losing 6000 dollars is pretty big . I mean , that is a , that is a big difference . But the difference in chance , I mean , a 90 percent chance is like , I am most likely going to lose 3000 dollars , but there is a bigger chance that I do not with the 6000 . But if I did , it is double the amount of money I am losing , and it is 6000 dollars instead of 3000 . I mean , if this was 600 or 300 , I would probably go with the 600 , but it is 6000 . I mean , that is 3000 extra dollars . That is a lot of money . So this one , sadly , I feel like I have to go with the 90 - 10 because I do not know if I can ... That is almost a 50 percent chance that I lose the 6000 dollars . I do not think I can take that risk , so I am going to go with the 90 - 10 .",236.0
35,70757,0.0,"[20,80]","[4000,0]","[25,75]","[3000,0]",problem4,27335.0," Lose 4000 with a 20 percent chance or lose 3000 with a 25 percent chance . This one is another tricky one because I really do not want to lose that extra 1000 dollars , but you know it is a bigger likelihood that I lose nothing , but it is basically the same . So I think for the likelihood that I hit the 20 or 25 , I am going to have to go with the 3000 because I really do not want to give up that extra 1000 dollars and chances are I am going to lose nothing either way , but if I hit that extra piece , because the likelihoods are so similar , I think I have to go with the like losing less overall . So 25 - 75 . ",137.0
36,70757,1.0,"[0.1,99.9]","[-5000,0]",[100],[-5],problem14p,57712.0," Lose 5 dollars with a 100 percent chance or lose 5000 dollars with a 0 . 1 percent chance . Ugh , this one  s hard too . So like I said earlier , I mean I spend 5 dollars on a Starbucks drink so I do not mind losing 5 dollars . But there is a 99 . 9 percent chance that I lose nothing . So , I think I am going to have to go with the 99 . 9 percent chance I lose nothing because , well no , actually no . I am just thinking about if I hit that 0 . 1 percent then I lose 5000 dollars but like I literally do not care about 5 dollars . Like I would give anyone 5 dollars so I am actually going to go with the lose 5 dollars for 100 percent because man I cannot lose 5000 dollars when I know that I could have just given someone 5 dollars . I have to go with the lose 5 .",176.0
37,70757,1.0,"[20,80]","[-4000,0]","[25,75]","[-3000,0]",problem4p,51368.0," Lose 4000 with a 20 percent chance or lose 3000 with a 25 percent chance . This one is another tricky one because I really do not want to lose that extra 1000 dollars , but you know it is a bigger likelihood that I lose nothing , but it is basically the same . So I think for the likelihood that I hit the 20 or 25 , I am going to have to go with the 3000 because I really do not want to give up that extra 1000 dollars and chances are I am going to lose nothing either way , but if I hit that extra piece , because the likelihoods are so similar , I think I have to go with the like losing less overall . So 25 - 75 . ",137.0
18,70772,1.0,"[25,75]","[1000,0]",[100],[240],practice_problem_a,14349.0, Okay win 1000 dollars with 25 percent chance lose 0 dollars with 75 chance win 240 with 100 . I think hm I would rather win money ,27.0
19,70772,0.0,"[80,20]","[-500,0]",[100],[-400],practice_problem_b,18923.0,"Lose  500 dollars with 80 percent chance , lose 0 dollars with 20 percent chance , lose 400 dollars ah um I would rather lose 0 dollars so",28.0
21,70772,0.0,"[0.1,99.9]","[6000,0]","[0.2,99.8]","[3000,0]",problem8,19781.0,Uh that is less money with more money,8.0
22,70772,0.0,"[33,67]","[2500,0]","[34,66]","[2400,0]",problem2,19520.0,"Win 250 with 33 percent chance , win 240 again kind of similar I would rather win more hmm those are really similar amounts um I will go",28.0
23,70772,1.0,"[50,50]","[1000,0]",[100],[500],problem11,5863.0,Win 1000 with 50 percent would rather win money,9.0
24,70772,0.0,"[50,50]","[-1000,0]",[100],[-500],problem12,13148.0,Lose 1000 with 50 percent . Oh fuck um I would rather have a chance 1000 with 25,18.0
25,70772,1.0,"[20,80]","[4000,0]","[25,75]","[3000,0]",problem4,24610.0,No money . ,3.0
26,70772,1.0,"[25,75]","[6000,0]","[25,25,50]","[4000,2000,0]",problem13,11998.0, Lose ugh ooh that is higher probability of losing ,9.0
27,70772,1.0,"[33,66,1]","[2500,2400,0]",[100],[2400],problem1,8703.0,Win 1000 with 50 percent would rather win money,9.0
28,70772,0.0,"[25,75]","[-6000,0]","[25,25,50]","[-4000,-2000,0]",problem13p,11016.0, Lose ugh ooh that is higher probability of losing ,9.0
29,70772,0.0,"[20,80]","[-4000,0]","[25,75]","[-3000,0]",problem4p,5346.0,No money . ,3.0
30,70772,1.0,"[50,50]","[1000,0]",[100],[450],problem0,5158.0,Probability of losing no money ,5.0
31,70772,1.0,"[0.1,99.9]","[-6000,0]","[0.2,99.8]","[-3000,0]",problem8p,9617.0,Uh that is less money with more money,8.0
32,70772,0.0,"[45,55]","[-6000,0]","[90,10]","[-3000,0]",problem7p,16502.0,Um 0 with,3.0
33,70772,0,"[80,20]","[4000,0]",[100],[3000],problem3,,,0.0
34,70772,1,"[80,20]","[-4000,0]",[100],[-3000],problem3p,,,0.0
35,70772,1.0,"[45,55]","[6000,0]","[90,10]","[3000,0]",problem7,8519.0,Um 0 with,3.0
36,70772,1.0,"[0.1,99.9]","[-5000,0]",[100],[-5],problem14p,11958.0,,0.0
37,70772,1.0,"[0.1,99.9]","[5000,0]",[100],[5],problem14,3970.0,,0.0
